COG14_FUNCTION	enrichment_score	unadjusted_p_value	adjusted_q_value	associated_groups	accession	gene_clusters_ids	p_PATHOGEN	p_COMMENSAL	N_PATHOGEN	N_COMMENSAL
Possible nuclease of RNase H fold, RuvC/YqgF family	16.985170409875423	3.767291961339569e-5	0.04124803804496689	PATHOGEN	COG2433	GC_00000045, GC_00004417, GC_00004980	0.963	0.4211	27	19
Phage regulatory protein Rha	16.571456640205472	4.685087453269074e-5	0.04124803804496689	PATHOGEN	COG3646	GC_00006009, GC_00006274, GC_00006717, GC_00007000, GC_00007025, GC_00007476, GC_00007540, GC_00007575, GC_00007919, GC_00008259, GC_00008470, GC_00009138, GC_00009200, GC_00010050, GC_00010481, GC_00011214, GC_00011360, GC_00011674, GC_00012041	0.8148	0.2105	27	19
Transposase (or an inactivated derivative)	16.14709995846981	5.860823697130146e-5	0.04124803804496689	PATHOGEN	COG3316	GC_00003869, GC_00004390, GC_00005172, GC_00005983, GC_00006227, GC_00007052, GC_00007586, GC_00007657, GC_00007675, GC_00008444, GC_00008879, GC_00008896	0.8889	0.3158	27	19
Chromosome segregation ATPase!!!Phage-related minor tail protein	15.588122938689652	7.874768622559544e-5	0.04124803804496689	PATHOGEN	COG1196!!!COG5281	GC_00004309	0.6296	0.0526	27	19
ATP-dependent protease ClpP, protease subunit!!!Mu-like prophage major head subunit gpT	15.588122938689652	7.874768622559544e-5	0.04124803804496689	PATHOGEN	COG0740!!!COG4397	GC_00004412, GC_00008872	0.6296	0.0526	27	19
Prophage antirepressor	15.153996101364525	9.908837169125554e-5	0.043252074243233046	PATHOGEN	COG3617	GC_00004359, GC_00005625, GC_00005700, GC_00006167, GC_00007182, GC_00007355, GC_00007893, GC_00008610, GC_00008906, GC_00009420, GC_00010186, GC_00010194, GC_00010274, GC_00010796, GC_00011282, GC_00011359	0.7407	0.1579	27	19
DNA modification methylase!!!Adenine specific DNA methylase Mod	14.463342753913164	1.429138511044834e-4	0.053470196577520286	PATHOGEN	COG0863!!!COG2189	GC_00003554, GC_00010713	0.7778	0.2105	27	19
Predicted TIM-barrel enzyme	14.02159037598375	1.8072356881162227e-4	0.059164378339704844	COMMENSAL	COG0434	GC_00004766	0.0741	0.5789	27	19
Post-segregation antitoxin (ccd killing mechanism protein) encoded by the F plasmid	13.754949119059667	2.0827136011193672e-4	0.06060696579257358	PATHOGEN	COG5302	GC_00004009, GC_00004602	0.8519	0.3158	27	19
Type III secretory pathway, component EscV	12.751964226636133	3.5563549231490665e-4	0.08950633237101467	PATHOGEN	COG4789	GC_00005214, GC_00005227	0.4815	0	27	19
Predicted phage recombinase, RecA/RadA family	12.648170255724244	3.7593343111155456e-4	0.08950633237101467	PATHOGEN	COG5471	GC_00004372, GC_00005113, GC_00010736	0.6296	0.1053	27	19
Uncharacterized conserved protein	11.829710815615767	5.829304694694419e-4	0.09445441073152085	PATHOGEN	COG1704	GC_00004241, GC_00004798, GC_00005314, GC_00006108, GC_00006441, GC_00007950, GC_00009215, GC_00009266, GC_00011990	0.9259	0.4737	27	19
Predicted DNA-binding protein with PD1-like DNA-binding motif	11.829710815615767	5.829304694694419e-4	0.09445441073152085	PATHOGEN	COG1661	GC_00003675	0.9259	0.4737	27	19
Energy-coupling factor transporter ATP-binding protein EcfA2	11.829710815615767	5.829304694694419e-4	0.09445441073152085	PATHOGEN	COG1122	GC_00003673	0.9259	0.4737	27	19
Phage-related tail protein	11.829710815615767	5.829304694694419e-4	0.09445441073152085	PATHOGEN	COG5283	GC_00004190, GC_00004673, GC_00005275, GC_00005809, GC_00006964, GC_00007591, GC_00007872, GC_00008272, GC_00010208, GC_00010739, GC_00010807, GC_00010971, GC_00011943	0.9259	0.4737	27	19
Energy-coupling factor transporter transmembrane protein EcfT	11.829710815615767	5.829304694694419e-4	0.09445441073152085	PATHOGEN	COG0619	GC_00003687	0.9259	0.4737	27	19
Type III secretory pathway, lipoprotein EscJ	11.634887224103707	6.472626680379761e-4	0.09445441073152085	PATHOGEN	COG4669	GC_00004463, GC_00005139	0.6667	0.1579	27	19
tRNA A58 N-methylase Trm61	11.528870692211608	6.852362748754853e-4	0.09445441073152085	COMMENSAL	COG2519	GC_00004690	0.1111	0.5789	27	19
Uncharacterized protein YjhX, UPF0386 family	11.528870692211608	6.852362748754853e-4	0.09445441073152085	COMMENSAL	COG3811	GC_00004694	0.1111	0.5789	27	19
Sucrose-6-phosphate hydrolase SacC, GH32 family	10.84990252962692	9.8800957348421e-4	0.12321890823595934	PATHOGEN	COG1621	GC_00004464, GC_00005417, GC_00008531	0.7037	0.2105	27	19
Bacteriophage head-tail adaptor	10.84990252962692	9.8800957348421e-4	0.12321890823595934	PATHOGEN	COG5614	GC_00003492, GC_00005845, GC_00006544, GC_00006872, GC_00010776	0.7037	0.2105	27	19
Uncharacterized conserved protein, contains ParB-like and HNH nuclease domains	9.817926885754803	0.0017281903036738982	0.17691060425934155	PATHOGEN	COG1479	GC_00004099, GC_00006901, GC_00007729, GC_00009044, GC_00009258, GC_00009758, GC_00010690, GC_00010975, GC_00011034, GC_00011120, GC_00011838	0.7778	0.3158	27	19
Uncharacterized conserved protein RhaS, contains 28 RHS repeats!!!Zn-binding Pro-Ala-Ala-Arg (PAAR) domain, incolved in TypeVI secretion	9.817926885754803	0.0017281903036738982	0.17691060425934155	PATHOGEN	COG3209!!!COG4104	GC_00004005, GC_00005764, GC_00006244, GC_00007257, GC_00008049, GC_00011443	0.7778	0.3158	27	19
Phage terminase, large subunit GpA	9.805347994533776	0.0017400510649835449	0.17691060425934155	PATHOGEN	COG5525	GC_00003470, GC_00003664, GC_00004285, GC_00004479, GC_00004933, GC_00007016, GC_00007106, GC_00008409, GC_00010324, GC_00010568	1	0.6842	27	19
UDP-galactopyranose mutase	9.805347994533776	0.0017400510649835449	0.17691060425934155	COMMENSAL	COG0562	GC_00006334, GC_00010031	0	0.3158	27	19
WGR domain, predicted DNA-binding domain in MolR!!!Uncharacterized conserved protein YfeS, contains WGR domain	9.788285141562806	0.0017562717490427185	0.17691060425934155	COMMENSAL	COG3831!!!COG4884	GC_00005014	0.0741	0.4737	27	19
Phage protein U	9.418294616188552	0.00214831224247971	0.19369714323129691	PATHOGEN	COG3499	GC_00004456, GC_00004758, GC_00005280, GC_00006534, GC_00006948, GC_00008010, GC_00008031, GC_00009759, GC_00012026	0.8519	0.4211	27	19
Type III secretory pathway, component EscR	9.299062525812912	0.0022927115082742285	0.19369714323129691	PATHOGEN	COG4790	GC_00004394, GC_00005132	0.6667	0.2105	27	19
Type III secretory pathway, component EscS	9.299062525812912	0.0022927115082742285	0.19369714323129691	PATHOGEN	COG4794	GC_00004369, GC_00005136	0.6667	0.2105	27	19
Type III secretory pathway, component EscT	9.299062525812912	0.0022927115082742285	0.19369714323129691	PATHOGEN	COG4791	GC_00004148, GC_00005182	0.6667	0.2105	27	19
DNA modification methylase!!!tRNA G10  N-methylase Trm11	9.299062525812912	0.0022927115082742285	0.19369714323129691	PATHOGEN	COG0863!!!COG1041	GC_00004094, GC_00004302, GC_00008240, GC_00008888	0.6667	0.2105	27	19
Type III secretory pathway, component EscU	8.991770015487337	0.0027119819156375333	0.21523274657741515	PATHOGEN	COG4792	GC_00005180	0.3704	0	27	19
Glycosylphosphatidylinositol transamidase (GPIT), subunit GPI8	8.991770015487337	0.0027119819156375333	0.21523274657741515	PATHOGEN	COG5206	GC_00004272	0.3704	0	27	19
Adenine-specific DNA methylase	8.52441829255487	0.003504127350234225	0.2591505807816674	PATHOGEN	COG0827	GC_00000098, GC_00004467, GC_00005949, GC_00006131, GC_00007272, GC_00009296, GC_00011770, GC_00012160	0.963	0.6316	27	19
N6-adenosine-specific RNA methylase IME4	8.444665610726549	0.003661157498633713	0.2591505807816674	PATHOGEN	COG4725	GC_00006903, GC_00007084, GC_00007830, GC_00009232, GC_00011327, GC_00011970	0.4444	0.0526	27	19
Methylmalonyl-CoA mutase, C-terminal domain/subunit (cobalamin-binding)	8.444665610726549	0.003661157498633713	0.2591505807816674	PATHOGEN	COG2185	GC_00004802	0.4444	0.0526	27	19
LD-carboxypeptidase LdcB, LAS superfamily	8.444665610726549	0.003661157498633713	0.2591505807816674	PATHOGEN	COG1876	GC_00004498	0.4444	0.0526	27	19
Type IV secretory pathway, VirD2 components (relaxase)	8.395978029704555	0.003760521252835953	0.2591790831888779	PATHOGEN	COG3843	GC_00005952, GC_00006039, GC_00008670, GC_00009670, GC_00010355, GC_00011736, GC_00011873	0.5185	0.1053	27	19
mRNA-degrading endonuclease (mRNA interferase) YafQ, toxin component of the YafQ-DinJ toxin-antitoxin module	8.19503808277813	0.004200511256700084	0.2820804866999364	COMMENSAL	COG3041	GC_00004402, GC_00008454	0.2593	0.6842	27	19
Putative SOS response-associated peptidase YedK	7.971824921843096	0.004751101637065069	0.29853076220989144	PATHOGEN	COG2135	GC_00003463, GC_00011109	1	0.7368	27	19
Flagellar biosynthesis protein FliR	7.971824921843096	0.004751101637065069	0.29853076220989144	PATHOGEN	COG1684	GC_00003501, GC_00005940	1	0.7368	27	19
Predicted restriction endonuclease	7.895108141416882	0.004956867428454665	0.29853076220989144	PATHOGEN	COG3440	GC_00004411, GC_00008267, GC_00008494, GC_00009671, GC_00010699, GC_00012086	0.6296	0.2105	27	19
Uncharacterized conserved protein YjdB, contains Ig-like domain	7.892160934008638	0.004964950963928171	0.29853076220989144	PATHOGEN	COG5492	GC_00000171, GC_00003453, GC_00004344, GC_00005228, GC_00007091, GC_00008603	0.9259	0.5789	27	19
RecA-family ATPase	7.873874398303469	0.005015407994362437	0.29853076220989144	PATHOGEN	COG3598	GC_00005882, GC_00009898, GC_00010753, GC_00011300	0.3333	0	27	19
Phage tail tube protein FII	7.622579969525943	0.005764196629020533	0.3316904352828737	PATHOGEN	COG3498	GC_00004461, GC_00004598, GC_00005247, GC_00006355, GC_00008499, GC_00010241, GC_00011111	0.8148	0.4211	27	19
Uncharacterized conserved protein YegJ, DUF2314 family	7.603411666583716	0.005825796114170366	0.3316904352828737	COMMENSAL	COG3779	GC_00004882	0.1111	0.4737	27	19
Phage tail sheath protein FI	7.532968981107673	0.006057999129851459	0.3375723344910845	PATHOGEN	COG3497	GC_00004473, GC_00004583, GC_00005281, GC_00006387, GC_00007808, GC_00007907, GC_00008299, GC_00010475, GC_00010741	0.8519	0.4737	27	19
Large exoprotein involved in heme utilization or adhesion	7.40406595548804	0.0065076623357054695	0.3408713531442525	PATHOGEN	COG3210	GC_00005261, GC_00005465, GC_00005525, GC_00005721, GC_00006802, GC_00006955, GC_00007058	0.5556	0.1579	27	19
Type I site-specific restriction endonuclease, part of a restriction-modification system	7.40406595548804	0.0065076623357054695	0.3408713531442525	PATHOGEN	COG4096	GC_00004648, GC_00008741, GC_00010197	0.5556	0.1579	27	19
Phage-related minor tail protein	7.40406595548804	0.0065076623357054695	0.3408713531442525	PATHOGEN	COG5281	GC_00003618, GC_00006865, GC_00007036, GC_00010112, GC_00012082	0.5556	0.1579	27	19
Uncharacterized conserved protein YfdQ, DUF2303 family	7.263157894698377	0.00703834227392661	0.35695890330830266	PATHOGEN	COG5532	GC_00003898, GC_00010835	0.6667	0.2632	27	19
Predicted NAD-dependent protein-ADP-ribosyltransferase YbiA, DUF1768 family	7.182945648527086	0.007359977387800025	0.35695890330830266	COMMENSAL	COG3236	GC_00003809, GC_00007389, GC_00010691	0.5185	0.8947	27	19
Phage-related protein, tail component!!!Uncharacterized conserved protein YjdB, contains Ig-like domain	7.182945648527083	0.007359977387800054	0.35695890330830266	PATHOGEN	COG4733!!!COG5492	GC_00003546	0.4815	0.1053	27	19
Phage head maturation protease!!!Predicted phage phi-C31 gp36 major capsid-like protein	7.182945648527083	0.007359977387800054	0.35695890330830266	PATHOGEN	COG3740!!!COG4653	GC_00003525	0.4815	0.1053	27	19
Ribose 5-phosphate isomerase RpiB	6.814815333727367	0.009040465193925965	0.37634536923107537	COMMENSAL	COG0698	GC_00003757, GC_00005771, GC_00006776, GC_00008773	0.7037	1	27	19
ATP-dependent exoDNAse (exonuclease V), alpha subunit, helicase superfamily I!!!Superfamily I DNA and/or RNA helicase	6.814815333727363	0.00904046519392596	0.37634536923107537	PATHOGEN	COG0507!!!COG1112	GC_00004632	0.2963	0	27	19
Stress response protein SCP2!!!Uncharacterized protein involved in tellurium resistance	6.814815333727363	0.00904046519392596	0.37634536923107537	PATHOGEN	COG2310!!!COG4110	GC_00005305	0.2963	0	27	19
Secreted protein containing bacterial Ig-like domain and vWFA domain!!!Stress response protein SCP2	6.814815333727363	0.00904046519392596	0.37634536923107537	PATHOGEN	COG2304!!!COG2310	GC_00005365	0.2963	0	27	19
Stress response protein SCP2	6.814815333727363	0.00904046519392596	0.37634536923107537	PATHOGEN	COG2310	GC_00005286, GC_00005292, GC_00005294, GC_00012152	0.2963	0	27	19
Gentisate 1,2-dioxygenase	6.814815333727363	0.00904046519392596	0.37634536923107537	PATHOGEN	COG3435	GC_00005516	0.2963	0	27	19
Accessory colonization factor AcfC, contains ABC-type periplasmic domain	6.814815333727363	0.00904046519392596	0.37634536923107537	PATHOGEN	COG4588	GC_00005460	0.2963	0	27	19
Predicted chitinase	6.814815333727363	0.00904046519392596	0.37634536923107537	PATHOGEN	COG3179	GC_00005939, GC_00009784, GC_00011878	0.2963	0	27	19
Uncharacterized protein CbrC, UPF0167 family	6.763746416449866	0.009302824975144166	0.37634536923107537	COMMENSAL	COG3196	GC_00004208	0.2963	0.6842	27	19
5-methylcytosine-specific restriction endonuclease McrBC, GTP-binding regulatory subunit McrB	6.716606615095076	0.009551920052154276	0.37634536923107537	COMMENSAL	COG1401	GC_00005830, GC_00011626	0.037	0.3158	27	19
Bacteriophage capsid protein	6.716606615095068	0.009551920052154312	0.37634536923107537	PATHOGEN	COG5511	GC_00002727, GC_00003536, GC_00004098, GC_00004226, GC_00006606, GC_00008889, GC_00010094, GC_00010314, GC_00010452, GC_00011167	0.963	0.6842	27	19
Type II secretory pathway, component ExeA (predicted ATPase)!!!Peptidoglycan-binding (PGRP) domain of peptidoglycan hydrolases	6.624441448808504	0.010058868211598002	0.37634536923107537	COMMENSAL	COG3267!!!COG3409	GC_00003960	0.4074	0.7895	27	19
Chitodextrinase	6.624441448808504	0.010058868211598002	0.37634536923107537	COMMENSAL	COG3979	GC_00003968	0.4074	0.7895	27	19
Phage antirepressor protein YoqD, KilAC domain!!!Phage regulatory protein Rha	6.624441448808495	0.010058868211598043	0.37634536923107537	PATHOGEN	COG3645!!!COG3646	GC_00004308, GC_00007560, GC_00009056, GC_00011220	0.5926	0.2105	27	19
Uncharacterized conserved protein, contains ParB-like and HNH nuclease domains!!!Predicted transport protein	6.624441448808495	0.010058868211598043	0.37634536923107537	PATHOGEN	COG1479!!!COG3586	GC_00003966	0.5926	0.2105	27	19
Uncharacterized conserved protein, DUF1778 family	6.624441448808495	0.010058868211598043	0.37634536923107537	PATHOGEN	COG4453	GC_00004685, GC_00005657, GC_00006048, GC_00008105	0.5926	0.2105	27	19
Putative heme iron utilization protein	6.376679196081579	0.011562958430339311	0.38714903174399945	PATHOGEN	COG3721	GC_00003947	0.7407	0.3684	27	19
ABC-type hemin transport system, ATPase component	6.376679196081579	0.011562958430339311	0.38714903174399945	PATHOGEN	COG4559	GC_00003951	0.7407	0.3684	27	19
Putative heme degradation protein	6.376679196081579	0.011562958430339311	0.38714903174399945	PATHOGEN	COG3720	GC_00003958	0.7407	0.3684	27	19
ABC-type hemin transport system, periplasmic component	6.376679196081579	0.011562958430339311	0.38714903174399945	PATHOGEN	COG4558	GC_00003956	0.7407	0.3684	27	19
Phage terminase-like protein, large subunit, contains N-terminal HTH domain	6.376679196081579	0.011562958430339311	0.38714903174399945	PATHOGEN	COG4626	GC_00003583, GC_00005405, GC_00005506, GC_00005931, GC_00006934, GC_00010820	0.7407	0.3684	27	19
Flagellar hook-basal body complex protein FliE	6.225605689719812	0.012591582889337738	0.38714903174399945	PATHOGEN	COG1677	GC_00003442, GC_00005897	1	0.7895	27	19
DNA-binding transcriptional regulator YdaS, prophage-encoded, Cro superfamily	6.225605689719812	0.012591582889337738	0.38714903174399945	PATHOGEN	COG4197	GC_00004131, GC_00005001, GC_00005007, GC_00005232, GC_00005710, GC_00005744, GC_00006045, GC_00006070, GC_00008135, GC_00008570, GC_00009304, GC_00009333, GC_00009407, GC_00010247, GC_00010772	1	0.7895	27	19
DNA-directed RNA polymerase specialized sigma subunit	6.225605689719812	0.012591582889337738	0.38714903174399945	PATHOGEN	COG1191	GC_00003438, GC_00005908	1	0.7895	27	19
Flagellin-specific chaperone FliS	6.225605689719812	0.012591582889337738	0.38714903174399945	PATHOGEN	COG1516	GC_00003441, GC_00005885	1	0.7895	27	19
Flagellar biosynthesis/type III secretory pathway ATPase	6.225605689719812	0.012591582889337738	0.38714903174399945	PATHOGEN	COG1157	GC_00003484, GC_00005060, GC_00005183, GC_00005901	1	0.7895	27	19
Predicted mannosyl-3-phosphoglycerate phosphatase, HAD superfamily	6.225605689719812	0.012591582889337738	0.38714903174399945	PATHOGEN	COG3769	GC_00003428	1	0.7895	27	19
Flagellar motor switch/type III secretory pathway protein FliN	6.225605689719812	0.012591582889337738	0.38714903174399945	PATHOGEN	COG1886	GC_00003488, GC_00004046, GC_00005701	1	0.7895	27	19
Flagellar capping protein FliD	6.225605689719812	0.012591582889337738	0.38714903174399945	PATHOGEN	COG1345	GC_00003711, GC_00005925, GC_00006546, GC_00006953	1	0.7895	27	19
Uncharacterized conserved protein YgbK, DUF1537 family	6.188182434430717	0.012860620756673505	0.38714903174399945	COMMENSAL	COG3395	GC_00003666, GC_00004661	0.6296	0.9474	27	19
Methylaspartate ammonia-lyase	6.188182434430713	0.01286062075667352	0.38714903174399945	PATHOGEN	COG3799	GC_00004971	0.3704	0.0526	27	19
Glutamate mutase epsilon subunit	6.188182434430713	0.01286062075667352	0.38714903174399945	PATHOGEN	COG4865	GC_00005036	0.3704	0.0526	27	19
Predicted amidohydrolase YtcJ	6.188182434430713	0.01286062075667352	0.38714903174399945	PATHOGEN	COG1574	GC_00005031	0.3704	0.0526	27	19
Phage portal protein BeeE	6.139946827041893	0.013216128749838386	0.38891057523400824	PATHOGEN	COG4695	GC_00000084, GC_00004761, GC_00004892, GC_00004946, GC_00005561, GC_00005943, GC_00006644, GC_00007259, GC_00007691, GC_00009601, GC_00011467	0.9259	0.6316	27	19
Cell wall-associated hydrolase, NlpC family!!!Proteasome lid subunit RPN8/RPN11, contains Jab1/MPN domain metalloenzyme (JAMM) motif	6.139946827041893	0.013216128749838386	0.38891057523400824	PATHOGEN	COG0791!!!COG1310	GC_00000008, GC_00012135	0.9259	0.6316	27	19
Uncharacterized conserved protein, contains DUF3084 domain	6.091099985492147	0.013586447662091909	0.3910209497474583	PATHOGEN	COG4372	GC_00000015, GC_00000079, GC_00004438, GC_00004959, GC_00007999	0.7778	0.4211	27	19
Transposase!!!Transposase	6.091099985492147	0.013586447662091909	0.3910209497474583	PATHOGEN	COG3464!!!COG4584	GC_00003706, GC_00005076, GC_00005128, GC_00006367, GC_00006696, GC_00008867, GC_00010684	0.7778	0.4211	27	19
Predicted component of the type VI protein secretion system, contains a FHA domain	6.002367580167309	0.01428669369935998	0.40233172901746006	PATHOGEN	COG3456	GC_00004730, GC_00005620	0.6296	0.2632	27	19
Hemolysin activation/secretion protein	6.002367580167309	0.01428669369935998	0.40233172901746006	PATHOGEN	COG2831	GC_00004953, GC_00005009, GC_00005752, GC_00007531, GC_00011977	0.6296	0.2632	27	19
Predicted phosphohydrolase, MPP superfamily	5.829299670730126	0.015761396840441946	0.4051742455654343	COMMENSAL	COG1408	GC_00004794	0.1481	0.4737	27	19
Urease alpha subunit	5.810066927268597	0.015934687779014734	0.4051742455654343	PATHOGEN	COG0804	GC_00005519	0.2593	0	27	19
Urease accessory protein UreH	5.810066927268597	0.015934687779014734	0.4051742455654343	PATHOGEN	COG0829	GC_00005494	0.2593	0	27	19
Urease beta subunit	5.810066927268597	0.015934687779014734	0.4051742455654343	PATHOGEN	COG0832	GC_00005522	0.2593	0	27	19
Predicted ABC-type sugar transport system, permease component	5.810066927268597	0.015934687779014734	0.4051742455654343	PATHOGEN	COG4158	GC_00005881	0.2593	0	27	19
Urease gamma subunit	5.810066927268597	0.015934687779014734	0.4051742455654343	PATHOGEN	COG0831	GC_00005471	0.2593	0	27	19
CheY chemotaxis protein or a CheY-like REC (receiver) domain!!!Signal transduction histidine kinase regulating C4-dicarboxylate transport system!!!Signal transduction histidine kinase regulating phosphoglycerate transport system	5.810066927268597	0.015934687779014734	0.4051742455654343	PATHOGEN	COG0784!!!COG4191!!!COG4192	GC_00005755	0.2593	0	27	19
Urease accessory protein UreE	5.810066927268597	0.015934687779014734	0.4051742455654343	PATHOGEN	COG2371	GC_00005466	0.2593	0	27	19
Urease accessory protein UreF	5.810066927268597	0.015934687779014734	0.4051742455654343	PATHOGEN	COG0830	GC_00005441	0.2593	0	27	19
2-keto-3-deoxy-galactonokinase	5.810066927268593	0.01593468777901479	0.4051742455654343	COMMENSAL	COG3734	GC_00003548, GC_00004248	0.7407	1	27	19
Alpha-mannosidase	5.502392717031868	0.018990471881483034	0.4782312101692699	COMMENSAL	COG0383	GC_00004134, GC_00008728	0.3333	0.6842	27	19
ABC-type bacteriocin/lantibiotic exporters, contain an N-terminal double-glycine peptidase domain	5.476078116960025	0.019278465703572896	0.4808600159776896	PATHOGEN	COG2274	GC_00005421, GC_00005772, GC_00005807, GC_00005911, GC_00006879	0.5556	0.2105	27	19
Acyl CoA:acetate/3-ketoacid CoA transferase, beta subunit	5.165002153380273	0.023046429071287285	0.5463277241029227	COMMENSAL	COG2057	GC_00003696, GC_00007132	0.6667	0.9474	27	19
Acyl CoA:acetate/3-ketoacid CoA transferase, alpha subunit	5.165002153380273	0.023046429071287285	0.5463277241029227	COMMENSAL	COG1788	GC_00003697, GC_00007552	0.6667	0.9474	27	19
Endonuclease YncB, thermonuclease family	5.147726131922702	0.023276835074345463	0.5463277241029227	PATHOGEN	COG1525	GC_00004672, GC_00008561, GC_00010544, GC_00010647, GC_00010811	0.4815	0.1579	27	19
Muramidase (phage lambda lysozyme)	5.1014613097608486	0.023905695729322732	0.5463277241029227	PATHOGEN	COG4678	GC_00003935, GC_00004956, GC_00005086	0.7037	0.3684	27	19
Fic family protein	5.1014613097608486	0.023905695729322732	0.5463277241029227	PATHOGEN	COG3177	GC_00004054, GC_00008396	0.7037	0.3684	27	19
D-lyxose ketol-isomerase	5.1014613097608486	0.023905695729322732	0.5463277241029227	PATHOGEN	COG3822	GC_00004327, GC_00005732	0.7037	0.3684	27	19
Autotransporter adhesin	5.027420510035693	0.024949030152886645	0.5463277241029227	PATHOGEN	COG5295	GC_00004572, GC_00004631, GC_00006343, GC_00006657, GC_00006919, GC_00006998, GC_00007305, GC_00007563, GC_00008111, GC_00008895, GC_00008909, GC_00008916, GC_00009181, GC_00009247, GC_00009469, GC_00010966, GC_00011894	0.963	0.7368	27	19
Phage-related protein, tail component	5.027420510035693	0.024949030152886645	0.5463277241029227	PATHOGEN	COG4723	GC_00000054, GC_00000060, GC_00003938, GC_00004006, GC_00004491, GC_00004657, GC_00005253, GC_00005493, GC_00006314, GC_00006347, GC_00007110, GC_00007749, GC_00008900, GC_00010769, GC_00010842, GC_00010951, GC_00012021	0.963	0.7368	27	19
Phage-related protein	5.027420510035693	0.024949030152886645	0.5463277241029227	PATHOGEN	COG4672	GC_00000007, GC_00000036, GC_00003591, GC_00004429, GC_00004704, GC_00006809, GC_00006816, GC_00007944, GC_00008216, GC_00010163, GC_00010346, GC_00010438, GC_00011030, GC_00011731, GC_00012142	0.963	0.7368	27	19
CDP-glycerol glycerophosphotransferase, TagB/SpsB family	5.027420510035688	0.02494903015288665	0.5463277241029227	COMMENSAL	COG1887	GC_00007216, GC_00009561, GC_00010042, GC_00010347	0.037	0.2632	27	19
Short chain fatty acids transporter	5.02165737625234	0.025032198126136166	0.5463277241029227	COMMENSAL	COG2031	GC_00003693	0.5926	0.8947	27	19
Propanediol utilization protein	5.021657376252339	0.025032198126136204	0.5463277241029227	PATHOGEN	COG4869	GC_00006307, GC_00006565, GC_00007157	0.4074	0.1053	27	19
Ca2+-binding protein, RTX toxin-related	5.021657376252339	0.025032198126136204	0.5463277241029227	PATHOGEN	COG2931	GC_00005633, GC_00005888	0.4074	0.1053	27	19
Tellurite resistance protein	5.021657376252339	0.025032198126136204	0.5463277241029227	PATHOGEN	COG3793	GC_00003685, GC_00005299, GC_00007581	0.4074	0.1053	27	19
ACP:hemolysin acyltransferase (hemolysin-activating protein)	5.021657376252339	0.025032198126136204	0.5463277241029227	PATHOGEN	COG2994	GC_00005682, GC_00005895	0.4074	0.1053	27	19
Uncharacterized protein YhfF	4.87816205374459	0.027198565589550482	0.5638468077091092	PATHOGEN	COG4405	GC_00004229	0.5926	0.2632	27	19
TRAP-type C4-dicarboxylate transport system, large permease component	4.855555892298192	0.027557232297352404	0.5638468077091092	COMMENSAL	COG1593	GC_00003567, GC_00004472, GC_00004696, GC_00005434, GC_00005521, GC_00006489	0.7778	1	27	19
Predicted amino acid racemase	4.855555892298192	0.027557232297352404	0.5638468077091092	COMMENSAL	COG3457	GC_00003551	0.7778	1	27	19
TRAP-type C4-dicarboxylate transport system, small permease component	4.855555892298192	0.027557232297352404	0.5638468077091092	COMMENSAL	COG3090	GC_00004110, GC_00004432, GC_00004522, GC_00004688, GC_00005584, GC_00005900, GC_00006424	0.7778	1	27	19
Predicted metal-dependent hydrolase, phosphotriesterase family	4.855555892298192	0.027557232297352404	0.5638468077091092	COMMENSAL	COG1735	GC_00003535, GC_00004165	0.7778	1	27	19
TRAP-type C4-dicarboxylate transport system, periplasmic component	4.855555892298192	0.027557232297352404	0.5638468077091092	COMMENSAL	COG1638	GC_00003528, GC_00004460, GC_00004930, GC_00005544, GC_00005804, GC_00006514, GC_00006654, GC_00007416	0.7778	1	27	19
Peptidoglycan-binding (PGRP) domain of peptidoglycan hydrolases	4.855555892298191	0.027557232297352414	0.5638468077091092	PATHOGEN	COG3409	GC_00007008, GC_00009276, GC_00010396	0.2222	0	27	19
Uncharacterized conserved protein, LabA/DUF88 family	4.855555892298191	0.027557232297352414	0.5638468077091092	PATHOGEN	COG1432	GC_00006509, GC_00010492	0.2222	0	27	19
Phage terminase, small subunit	4.7851728097575235	0.028705767204101767	0.5783108023657118	PATHOGEN	COG3728	GC_00003653, GC_00005623, GC_00005719, GC_00005868, GC_00007001, GC_00007068, GC_00007150, GC_00008020, GC_00008086, GC_00011394, GC_00011826	0.7407	0.4211	27	19
P2-like prophage tail protein X	4.7851728097575235	0.028705767204101767	0.5783108023657118	PATHOGEN	COG5004	GC_00004900, GC_00004947, GC_00005129, GC_00006398, GC_00007959, GC_00010409, GC_00011194	0.7407	0.4211	27	19
Spore maturation protein SpmB (function unknown)	4.560607182242673	0.032715472971081044	0.590909129043184	PATHOGEN	COG0700	GC_00003359	1	0.8421	27	19
Benzoyl-CoA reductase/2-hydroxyglutaryl-CoA dehydratase subunit, BcrC/BadD/HgdB	4.560607182242673	0.032715472971081044	0.590909129043184	PATHOGEN	COG1775	GC_00003404	1	0.8421	27	19
Uncharacterized protein YjiK	4.560607182242673	0.032715472971081044	0.590909129043184	PATHOGEN	COG3204	GC_00003415, GC_00005216	1	0.8421	27	19
Activator of 2-hydroxyglutaryl-CoA dehydratase (HSP70-class ATPase domain)	4.560607182242673	0.032715472971081044	0.590909129043184	PATHOGEN	COG1924	GC_00003419	1	0.8421	27	19
HD superfamily phosphodieaserase, includes HD domain of RNase Y	4.560607182242673	0.032715472971081044	0.590909129043184	PATHOGEN	COG1418	GC_00003423	1	0.8421	27	19
ABC-type nickel/cobalt efflux system, permease component RcnA	4.560607182242673	0.032715472971081044	0.590909129043184	PATHOGEN	COG2215	GC_00003320	1	0.8421	27	19
Periplasmic regulator RcnB of Ni and Co efflux	4.560607182242673	0.032715472971081044	0.590909129043184	PATHOGEN	COG5455	GC_00003362	1	0.8421	27	19
Uncharacterized membrane protein MutK, may be involved in DNA repair	4.560607182242673	0.032715472971081044	0.590909129043184	PATHOGEN	COG2354	GC_00003302	1	0.8421	27	19
Site-specific DNA-cytosine methylase	4.560607182242673	0.032715472971081044	0.590909129043184	PATHOGEN	COG0270	GC_00003385, GC_00007225, GC_00007295, GC_00008040, GC_00008204, GC_00008281, GC_00011044, GC_00011149, GC_00011245, GC_00011379, GC_00011551, GC_00011784, GC_00012045	1	0.8421	27	19
Phage DNA packaging protein, Nu1 subunit of terminase	4.560607182242673	0.032715472971081044	0.590909129043184	PATHOGEN	COG4220	GC_00000095, GC_00003944, GC_00004264, GC_00005055, GC_00006994, GC_00010326	1	0.8421	27	19
Uncharacterized conserved protein YodC, DUF2158 family	4.560607182242673	0.032715472971081044	0.590909129043184	PATHOGEN	COG5475	GC_00003369	1	0.8421	27	19
G:T-mismatch repair DNA endonuclease, very short patch repair protein	4.560607182242673	0.032715472971081044	0.590909129043184	PATHOGEN	COG3727	GC_00003396, GC_00010717	1	0.8421	27	19
DNA-binding transcriptional regulator LsrR, DeoR family	4.560607182242673	0.032715472971081044	0.590909129043184	PATHOGEN	COG2390	GC_00003839, GC_00003974, GC_00005110, GC_00007013, GC_00007198, GC_00008642	1	0.8421	27	19
Signal transduction histidine kinase!!!HPt (histidine-containing phosphotransfer) domain	4.560607182242673	0.032715472971081044	0.590909129043184	PATHOGEN	COG0642!!!COG2198	GC_00003407	1	0.8421	27	19
NAD(P)-dependent dehydrogenase, short-chain alcohol dehydrogenase family!!!2-C-methyl-D-erythritol 4-phosphate cytidylyltransferase	4.56060718224267	0.03271547297108121	0.590909129043184	COMMENSAL	COG1028!!!COG1211	GC_00007177	0	0.1579	27	19
Transcriptional regulator, contains Arc/MetJ-type RHH (ribbon-helix-helix) DNA-binding domain	4.4414431245970905	0.0350765857438681	0.6292162881040448	PATHOGEN	COG3609	GC_00004768, GC_00005291, GC_00008743, GC_00009210, GC_00011461	0.5185	0.2105	27	19
Predicted dinucleotide-binding enzyme	4.393762183235724	0.03607063488911946	0.6383040052338099	COMMENSAL	COG2085	GC_00004115	0.3704	0.6842	27	19
N-glycosylase/DNA lyase	4.39376218323572	0.03607063488911945	0.6383040052338099	PATHOGEN	COG4047	GC_00004049, GC_00005582	0.6296	0.3158	27	19
CRISPR/Cas system-associated protein Cas7,  RAMP superfamily	4.339974651466404	0.03722747767150686	0.6543541209508488	COMMENSAL	COG1857	GC_00005245	0.1111	0.3684	27	19
Phage protein D	4.307612022141569	0.037942186747620656	0.66247058061345665	PATHOGEN	COG3500	GC_00004757, GC_00004868, GC_00004923, GC_00006032, GC_00006181, GC_00006589, GC_00007849, GC_00008291, GC_00009030, GC_00011916, GC_00012014	0.8519	0.5789	27	19
Bacteriophage DNA transposition protein, AAA+ family ATPase	4.207484618956222	0.04024597479205053	0.6889163920286298	PATHOGEN	COG2842	GC_00007218, GC_00007623, GC_00008370, GC_00011932	0.2963	0.0526	27	19
Tfp pilus assembly protein PilE	4.207484618956222	0.04024597479205053	0.6889163920286298	PATHOGEN	COG4968	GC_00005793, GC_00008503	0.2963	0.0526	27	19
Na+/H+ antiporter NhaC	4.207484618956222	0.04024597479205053	0.6889163920286298	PATHOGEN	COG1757	GC_00005884, GC_00006453, GC_00008052	0.2963	0.0526	27	19
Mu-like prophage protein gp45	4.16698764735307	0.041219022974425396	0.6920039818591033	PATHOGEN	COG4384	GC_00005383, GC_00007489, GC_00008360, GC_00009525, GC_00010298	0.4444	0.1579	27	19
Mu-like prophage protein gp46	4.16698764735307	0.041219022974425396	0.6920039818591033	PATHOGEN	COG4381	GC_00005392, GC_00007418, GC_00008097, GC_00009323, GC_00010571	0.4444	0.1579	27	19
Mu-like prophage tail protein gpP	4.16698764735307	0.041219022974425396	0.6920039818591033	PATHOGEN	COG4379	GC_00005391, GC_00007537, GC_00008380, GC_00010111, GC_00011265	0.4444	0.1579	27	19
dTDP-4-dehydrorhamnose 3,5-epimerase or related enzyme	3.998195671972365	0.04554900007909801	0.7450354905952921	COMMENSAL	COG1898	GC_00006324, GC_00006339, GC_00007238, GC_00007603, GC_00007604, GC_00009320, GC_00009486	0.3333	0.6316	27	19
dTDP-4-dehydrorhamnose reductase	3.998195671972365	0.04554900007909801	0.7450354905952921	COMMENSAL	COG1091	GC_00004296, GC_00010267	0.3333	0.6316	27	19
Propanediol dehydratase, large subunit	3.947606351887873	0.046938089327309106	0.7450354905952921	PATHOGEN	COG4909	GC_00006495, GC_00006593	0.1852	0	27	19
Mn-containing catalase (includes spore coat protein CotJC)	3.947606351887873	0.046938089327309106	0.7450354905952921	PATHOGEN	COG3546	GC_00006280	0.1852	0	27	19
Propanediol dehydratase, small subunit	3.947606351887873	0.046938089327309106	0.7450354905952921	PATHOGEN	COG4910	GC_00006492	0.1852	0	27	19
AraC-type DNA-binding domain and AraC-containing proteins!!!Ligand-binding sensor domain	3.947606351887873	0.046938089327309106	0.7450354905952921	PATHOGEN	COG2207!!!COG4936	GC_00006561	0.1852	0	27	19
Cob(I)alamin adenosyltransferase!!!Uncharacterized conserved protein GlcG, DUF336 family	3.947606351887873	0.046938089327309106	0.7450354905952921	PATHOGEN	COG2096!!!COG3193	GC_00006602	0.1852	0	27	19
Uncharacterized protein involved in exopolysaccharide biosynthesis	3.947606351887873	0.046938089327309106	0.7450354905952921	PATHOGEN	COG3206	GC_00007042, GC_00009904	0.1852	0	27	19
Transcriptional regulator of acetoin/glycerol metabolism	3.947606351887872	0.046938089327309356	0.7450354905952921	COMMENSAL	COG3284	GC_00003505, GC_00006325	0.8148	1	27	19
Phage- or plasmid-associated DNA primase!!!Uncharacterized domain associated with phage/plasmid primase	3.8798920379129553	0.048867699675301114	0.7709909966844194	PATHOGEN	COG3378!!!COG4643	GC_00005643, GC_00005784, GC_00006220, GC_00008149	0.5556	0.2632	27	19
Cu2+-containing amine oxidase	3.675031110710254	0.05523322292636406	0.8662024601445957	COMMENSAL	COG3733	GC_00004357	0.2963	0.5789	27	19
Replicative superfamily II helicase	3.4647078635587008	0.06269158068416929	0.8773575133702635	COMMENSAL	COG1204	GC_00006700, GC_00011159, GC_00012010	0.037	0.2105	27	19
Flagellar biosynthesis protein FliQ	3.4647078635586923	0.0626915806841693	0.8773575133702635	PATHOGEN	COG1987	GC_00003473, GC_00005838	0.963	0.7895	27	19
Flagellar hook-length control protein FliK	3.4647078635586923	0.0626915806841693	0.8773575133702635	PATHOGEN	COG3144	GC_00003511, GC_00005944	0.963	0.7895	27	19
Flagellar biosynthesis/type III secretory pathway protein FliH	3.4647078635586923	0.0626915806841693	0.8773575133702635	PATHOGEN	COG1317	GC_00003509, GC_00005893	0.963	0.7895	27	19
Uncharacterized membrane protein YagU, involved in acid resistance, DUF1440 family	3.4647078635586923	0.0626915806841693	0.8773575133702635	PATHOGEN	COG3477	GC_00003480, GC_00007414, GC_00011766	0.963	0.7895	27	19
Flagellar motor switch protein FliG	3.4647078635586923	0.0626915806841693	0.8773575133702635	PATHOGEN	COG1536	GC_00003472, GC_00005932, GC_00010350	0.963	0.7895	27	19
Flagellar biogenesis protein FliO	3.4647078635586923	0.0626915806841693	0.8773575133702635	PATHOGEN	COG3190	GC_00003489	0.963	0.7895	27	19
Restriction endonuclease S subunit	3.4647078635586923	0.0626915806841693	0.8773575133702635	PATHOGEN	COG0732	GC_00005304, GC_00005468, GC_00006052, GC_00006537, GC_00006564, GC_00006845, GC_00006895, GC_00007495, GC_00007733, GC_00007845, GC_00007933, GC_00008214, GC_00008660, GC_00009052, GC_00009074, GC_00009223, GC_00009283, GC_00009415, GC_00010495, GC_00010528, GC_00010727, GC_00010730, GC_00010908, GC_00011010, GC_00011032, GC_00011212, GC_00011351, GC_00011727, GC_00011776, GC_00012180	0.963	0.7895	27	19
Flagellar basal body-associated protein FliL	3.4647078635586923	0.0626915806841693	0.8773575133702635	PATHOGEN	COG1580	GC_00003476	0.963	0.7895	27	19
Flagellar biosynthetic protein FliP	3.4647078635586923	0.0626915806841693	0.8773575133702635	PATHOGEN	COG1338	GC_00003490, GC_00005907	0.963	0.7895	27	19
Flagellar biosynthesis/type III secretory pathway M-ring protein FliF/YscJ	3.4647078635586923	0.0626915806841693	0.8773575133702635	PATHOGEN	COG1766	GC_00003504, GC_00005942	0.963	0.7895	27	19
Chromosome segregation ATPase	3.4647078635586923	0.0626915806841693	0.8773575133702635	PATHOGEN	COG1196	GC_00000156, GC_00004350, GC_00004660, GC_00005252, GC_00005613, GC_00005676, GC_00005788, GC_00006100, GC_00006138, GC_00006171, GC_00006258, GC_00006328, GC_00006361, GC_00006486, GC_00006660, GC_00006777, GC_00006993, GC_00007072, GC_00007417, GC_00008451, GC_00008455, GC_00008501, GC_00008508, GC_00008794, GC_00009017, GC_00009027, GC_00009081, GC_00009273, GC_00009312, GC_00009492, GC_00009537, GC_00009614, GC_00009786, GC_00010028, GC_00010107, GC_00010320, GC_00010501, GC_00010545, GC_00010656, GC_00010913, GC_00011026, GC_00011134, GC_00011170, GC_00011189, GC_00011241, GC_00011372, GC_00011384, GC_00011417, GC_00011487, GC_00011491, GC_00011504, GC_00011529, GC_00011666, GC_00011897, GC_00011958, GC_00011968, GC_00012007, GC_00012136, GC_00012167	0.963	0.7895	27	19
Flagellar motor switch protein FliM	3.4647078635586923	0.0626915806841693	0.8773575133702635	PATHOGEN	COG1868	GC_00003474, GC_00005914	0.963	0.7895	27	19
Antitoxin component of the MazEF toxin-antitoxin module	3.4647078635586923	0.0626915806841693	0.8773575133702635	PATHOGEN	COG2336	GC_00003587, GC_00004065, GC_00007119, GC_00007144, GC_00010327, GC_00011482	0.963	0.7895	27	19
Flagellar biosynthesis chaperone FliJ	3.4647078635586923	0.0626915806841693	0.8773575133702635	PATHOGEN	COG2882	GC_00003477	0.963	0.7895	27	19
1-aminocyclopropane-1-carboxylate deaminase/D-cysteine desulfhydrase, PLP-dependent ACC family	3.4647078635586923	0.0626915806841693	0.8773575133702635	PATHOGEN	COG2515	GC_00003456	0.963	0.7895	27	19
mRNA-degrading endonuclease, toxin component of the MazEF toxin-antitoxin module	3.4647078635586923	0.0626915806841693	0.8773575133702635	PATHOGEN	COG2337	GC_00003590, GC_00004064, GC_00006827, GC_00012081	0.963	0.7895	27	19
Periplasmic ferric-dicitrate binding protein FerR, regulates iron transport through sigma-19	3.4243907273003282	0.06423994319167525	0.8773575133702635	COMMENSAL	COG3712	GC_00004016	0.4074	0.6842	27	19
ABC-type Fe3+-citrate transport system, periplasmic component	3.4243907273003282	0.06423994319167525	0.8773575133702635	COMMENSAL	COG4594	GC_00004051	0.4074	0.6842	27	19
Secreted protein containing bacterial Ig-like domain and vWFA domain	3.4243907273003282	0.06423994319167525	0.8773575133702635	COMMENSAL	COG2304	GC_00004085	0.4074	0.6842	27	19
ATP-dependent exoDNAse (exonuclease V), alpha subunit, helicase superfamily I!!!Superfamily I DNA and/or RNA helicase!!!Phosphatidylserine/phosphatidylglycerophosphate/cardiolipin synthase or related enzyme	3.4243907273003282	0.06423994319167525	0.8773575133702635	COMMENSAL	COG0507!!!COG1112!!!COG1502	GC_00004566, GC_00004957	0.4074	0.6842	27	19
Phosphotransferase system, fructose-specific IIC component!!!Phosphotransferase system fructose-specific component IIB!!!Phosphotransferase system mannitol/fructose-specific IIA domain (Ntr-type)	3.4243907273003282	0.06423994319167525	0.8773575133702635	COMMENSAL	COG1299!!!COG1445!!!COG1762	GC_00004084	0.4074	0.6842	27	19
Indole-3-glycerol phosphate synthase	3.4243907273003265	0.06423994319167552	0.8773575133702635	PATHOGEN	COG0134	GC_00004184	0.5926	0.3158	27	19
HEAT repeat	3.413773334979003	0.06465444829341765	0.8773575133702635	COMMENSAL	COG1413	GC_00003946	0.2593	0.5263	27	19
Type VI protein secretion system component VasK	3.413773334979	0.06465444829341765	0.8773575133702635	PATHOGEN	COG3523	GC_00004731, GC_00004744, GC_00005570	0.7407	0.4737	27	19
Type VI protein secretion system component VasA	3.413773334979	0.06465444829341765	0.8773575133702635	PATHOGEN	COG3519	GC_00003969, GC_00004805, GC_00005562, GC_00009135, GC_00009437, GC_00011313	0.7407	0.4737	27	19
DNA-binding transcriptional regulator, XRE-family HTH domain!!!Phage repressor protein C, contains Cro/C1-type HTH and peptisase s24 domains	3.3142340815362807	0.0686823182742683	0.9224563669759419	PATHOGEN	COG1476!!!COG2932	GC_00005815, GC_00010599	0.2593	0.0526	27	19
Transcriptional regulator, contains XRE-family HTH domain!!!Phage repressor protein C, contains Cro/C1-type HTH and peptisase s24 domains	3.3142340815362807	0.0686823182742683	0.9224563669759419	PATHOGEN	COG1396!!!COG2932	GC_00005571	0.2593	0.0526	27	19
Phage head maturation protease	3.2793095808064026	0.07015843706228049	0.9233414405332292	PATHOGEN	COG3740	GC_00006027, GC_00006208, GC_00006490, GC_00011345	0.4074	0.1579	27	19
Nucleoside 2-deoxyribosyltransferase	3.2793095808064026	0.07015843706228049	0.9233414405332292	PATHOGEN	COG3613	GC_00004653, GC_00011316	0.4074	0.1579	27	19
Predicted phage phi-C31 gp36 major capsid-like protein	3.2793095808064026	0.07015843706228049	0.9233414405332292	PATHOGEN	COG4653	GC_00006111, GC_00006455, GC_00007533, GC_00008528, GC_00008776	0.4074	0.1579	27	19
Mu-like prophage DNA circulation protein	3.2793095808064026	0.07015843706228049	0.9233414405332292	PATHOGEN	COG4228	GC_00005384, GC_00008190, GC_00008708, GC_00009597, GC_00011712	0.4074	0.1579	27	19
Mu-like prophage protein gpG	3.208979455995463	0.07323514928400254	0.9405518767936248	PATHOGEN	COG5005	GC_00004955, GC_00004979, GC_00005098, GC_00006354, GC_00008364, GC_00008555, GC_00009368, GC_00010793	0.7778	0.5263	27	19
Transposase and inactivated derivatives, TnpA family	3.1882457367627293	0.07416956533138933	0.9405518767936248	PATHOGEN	COG4644	GC_00006572, GC_00006636, GC_00007056, GC_00007557, GC_00007582, GC_00008556, GC_00009821, GC_00009874, GC_00011136, GC_00011629, GC_00011959, GC_00012018	0.3333	0.1053	27	19
ABC-type Fe3+ transport system, periplasmic component	3.1882457367627293	0.07416956533138933	0.9405518767936248	PATHOGEN	COG1840	GC_00005489, GC_00007628	0.3333	0.1053	27	19
Mu-like prophage tail sheath protein gpL	3.1882457367627293	0.07416956533138933	0.9405518767936248	PATHOGEN	COG4386	GC_00005858, GC_00008092, GC_00008476, GC_00011448	0.3333	0.1053	27	19
Bacteriophage DNA transposition protein, AAA+ family ATPase!!!Phage repressor protein C, contains Cro/C1-type HTH and peptisase s24 domains	3.0828925183439626	0.07911970053261105	0.9405518767936248	PATHOGEN	COG2842!!!COG2932	GC_00007716, GC_00008550, GC_00011017	0.1481	0	27	19
Serine protease, subtilisin family	3.0828925183439626	0.07911970053261105	0.9405518767936248	PATHOGEN	COG1404	GC_00007984, GC_00008256	0.1481	0	27	19
AAA+-type ATPase, SpoVK/Ycf46/Vps4 family	3.0828925183439626	0.07911970053261105	0.9405518767936248	PATHOGEN	COG0464	GC_00007971, GC_00008357	0.1481	0	27	19
Mannose-6-phosphate isomerase, cupin superfamily!!!AraC-type DNA-binding domain and AraC-containing proteins	3.0602290537754726	0.08023035875289758	0.9405518767936248	COMMENSAL	COG0662!!!COG2207	GC_00004913, GC_00009731	0.1852	0.4211	27	19
Uncharacterized conserved protein, contains a C-terminal beta-barrel porin domain!!!Phage-related protein, tail component	3.060229053775471	0.0802303587528979	0.9405518767936248	PATHOGEN	COG4625!!!COG4733	GC_00003645, GC_00003718, GC_00004943, GC_00007690, GC_00009548	0.8148	0.5789	27	19
Plasmid stabilization system protein ParE	3.049412260931385	0.08076636627889043	0.9405518767936248	PATHOGEN	COG3668	GC_00004801, GC_00004921, GC_00005330, GC_00005484, GC_00006645, GC_00007593, GC_00009189, GC_00009685, GC_00010237	0.6296	0.3684	27	19
Uncharacterized conserved protein, implicated in type VI secretion and phage assembly	2.9739710879952748	0.08461391446661656	0.9405518767936248	PATHOGEN	COG3501	GC_00000140, GC_00003967, GC_00008244, GC_00011474, GC_00011819, GC_00011899	0.8519	0.6316	27	19
Glycosyltransferase involved in cell wall bisynthesis!!!Glycosyltransferase, catalytic subunit of cellulose synthase and poly-beta-1,6-N-acetylglucosamine synthase	2.971298197770828	0.08475381554917691	0.9405518767936248	COMMENSAL	COG0438!!!COG1215	GC_00007719	0	0.1053	27	19
Predicted nucleotide-binding protein containing TIR -like domain	2.971298197770828	0.08475381554917691	0.9405518767936248	COMMENSAL	COG4271	GC_00010017, GC_00011458	0	0.1053	27	19
Thioester reductase domain of alpha aminoadipate reductase Lys2 and NRPSs	2.971298197770828	0.08475381554917691	0.9405518767936248	COMMENSAL	COG3320	GC_00008325	0	0.1053	27	19
Acetyltransferase involved in cellulose biosynthesis, CelD/BcsL family	2.971298197770828	0.08475381554917691	0.9405518767936248	COMMENSAL	COG5653	GC_00008766	0	0.1053	27	19
6-phosphogluconolactonase, cycloisomerase 2 family	2.9712981977708157	0.08475381554917735	0.9405518767936248	PATHOGEN	COG2706	GC_00003291	1	0.8947	27	19
LysM repeat	2.9712981977708157	0.08475381554917735	0.9405518767936248	PATHOGEN	COG1388	GC_00003355, GC_00004326, GC_00004843, GC_00005559, GC_00006199, GC_00008367, GC_00008892, GC_00009379, GC_00010636	1	0.8947	27	19
Purine-cytosine permease or related protein	2.9712981977708157	0.08475381554917735	0.9405518767936248	PATHOGEN	COG1457	GC_00003284, GC_00004268, GC_00008070, GC_00008119, GC_00008298	1	0.8947	27	19
ABC-type molybdenum transport system, ATPase component/photorepair protein PhrA	2.9712981977708157	0.08475381554917735	0.9405518767936248	PATHOGEN	COG1119	GC_00003336	1	0.8947	27	19
EAL domain, c-di-GMP-specific phosphodiesterase class I (or its enzymatically inactive variant)!!!DNA-binding transcriptional regulator, CsgD family	2.9712981977708157	0.08475381554917735	0.9405518767936248	PATHOGEN	COG2200!!!COG2771	GC_00003297, GC_00006201, GC_00010015	1	0.8947	27	19
Holliday junction resolvase RusA (prophage-encoded endonuclease)	2.9712981977708157	0.08475381554917735	0.9405518767936248	PATHOGEN	COG4570	GC_00000055, GC_00003565, GC_00004130, GC_00004611, GC_00008894	1	0.8947	27	19
Uncharacterized membrane-anchored protein YjiN, DUF445 family	2.9712981977708157	0.08475381554917735	0.9405518767936248	PATHOGEN	COG2733	GC_00003338	1	0.8947	27	19
Choline dehydrogenase or related flavoprotein	2.9712981977708157	0.08475381554917735	0.9405518767936248	PATHOGEN	COG2303	GC_00003341	1	0.8947	27	19
Bacterioferritin-associated ferredoxin	2.9712981977708157	0.08475381554917735	0.9405518767936248	PATHOGEN	COG2906	GC_00003278	1	0.8947	27	19
ABC-type molybdate transport system, permease component	2.9712981977708157	0.08475381554917735	0.9405518767936248	PATHOGEN	COG4149	GC_00003283	1	0.8947	27	19
Uncharacterized protein	2.9712981977708157	0.08475381554917735	0.9405518767936248	PATHOGEN	COG5515	GC_00000073, GC_00003366, GC_00004157, GC_00004266, GC_00004314, GC_00004614, GC_00004708, GC_00004725, GC_00004821, GC_00004911, GC_00005158, GC_00005184, GC_00005194, GC_00005360, GC_00005469, GC_00005551, GC_00005554, GC_00005660, GC_00005818, GC_00005853, GC_00005918, GC_00006018, GC_00006230, GC_00006447, GC_00006574, GC_00006595, GC_00006761, GC_00006943, GC_00006944, GC_00007428, GC_00008685, GC_00009268, GC_00009577, GC_00009919, GC_00009950, GC_00010233, GC_00010892, GC_00011279, GC_00011377, GC_00011528, GC_00012009	1	0.8947	27	19
ABC-type molybdate transport system, ATPase component	2.9712981977708157	0.08475381554917735	0.9405518767936248	PATHOGEN	COG4148	GC_00003324	1	0.8947	27	19
Bacterioferritin (cytochrome b1)	2.9712981977708157	0.08475381554917735	0.9405518767936248	PATHOGEN	COG2193	GC_00003277	1	0.8947	27	19
2-Methylisocitrate lyase and related enzymes, PEP mutase family	2.9712981977708157	0.08475381554917735	0.9405518767936248	PATHOGEN	COG2513	GC_00003337	1	0.8947	27	19
Ankyrin repeat	2.9712981977708157	0.08475381554917735	0.9405518767936248	PATHOGEN	COG0666	GC_00003306, GC_00006810	1	0.8947	27	19
UDP-glucose 4-epimerase	2.9712981977708157	0.08475381554917735	0.9405518767936248	PATHOGEN	COG1087	GC_00003294, GC_00006365, GC_00007930, GC_00009345, GC_00009884, GC_00010200	1	0.8947	27	19
Galactokinase	2.9712981977708157	0.08475381554917735	0.9405518767936248	PATHOGEN	COG0153	GC_00003109	1	0.8947	27	19
2-methylcitrate dehydratase PrpD	2.9712981977708157	0.08475381554917735	0.9405518767936248	PATHOGEN	COG2079	GC_00003325	1	0.8947	27	19
DNA-binding transcriptional regulator ModE (molybdenum-dependent)!!!Molybdopterin-binding protein	2.9712981977708157	0.08475381554917735	0.9405518767936248	PATHOGEN	COG2005!!!COG3585	GC_00003276	1	0.8947	27	19
ABC-type molybdate transport system, periplasmic component	2.9712981977708157	0.08475381554917735	0.9405518767936248	PATHOGEN	COG0725	GC_00003298	1	0.8947	27	19
Galactose-1-phosphate uridylyltransferase	2.9712981977708157	0.08475381554917735	0.9405518767936248	PATHOGEN	COG1085	GC_00003319	1	0.8947	27	19
Predicted component of the type VI protein secretion system	2.9712981977708157	0.08475381554917735	0.9405518767936248	PATHOGEN	COG3518	GC_00003679, GC_00004179, GC_00004596, GC_00004605, GC_00004644, GC_00004650, GC_00004651, GC_00004655, GC_00004658, GC_00004668, GC_00004737, GC_00004748, GC_00004817, GC_00004834, GC_00004835, GC_00004838, GC_00005267, GC_00005416, GC_00005476, GC_00005497, GC_00005530, GC_00005546, GC_00005593, GC_00005595, GC_00006194, GC_00008303, GC_00008875, GC_00009155, GC_00009690, GC_00010195, GC_00010323, GC_00010367, GC_00011056, GC_00011354, GC_00011854, GC_00012008, GC_00012107	1	0.8947	27	19
Restriction endonuclease Mrr	2.737653437203589	0.0980085908118785	1	COMMENSAL	COG1715	GC_00005069, GC_00006127, GC_00006525, GC_00010340, GC_00011392, GC_00011634, GC_00011907	0.3333	0.5789	27	19
Membrane protease YdiL, CAAX protease family	2.6900584874180957	0.10097610758215378	1	PATHOGEN	COG1266	GC_00005533, GC_00006353, GC_00007330	0.4444	0.2105	27	19
Predicted DNA-binding protein, XRE-type HTH domain	2.6900584874180957	0.10097610758215378	1	PATHOGEN	COG5606	GC_00004524	0.4444	0.2105	27	19
Large exoprotein involved in heme utilization or adhesion!!!Type V secretory pathway, adhesin AidA!!!Uncharacterized conserved protein, contains a C-terminal beta-barrel porin domain	2.6900584874180957	0.10097610758215378	1	PATHOGEN	COG3210!!!COG3468!!!COG4625	GC_00006085, GC_00007049, GC_00007070, GC_00008477	0.4444	0.2105	27	19
Mu-like prophage FluMu protein gp28	2.6900584874180957	0.10097610758215378	1	PATHOGEN	COG4373	GC_00004966, GC_00006612, GC_00008609, GC_00009378	0.4444	0.2105	27	19
Non-ribosomal peptide synthetase component F!!!Ubiquinone/menaquinone biosynthesis C-methylase UbiE!!!Aryl carrier domain	2.5839952657301115	0.10794888721784418	1	PATHOGEN	COG1020!!!COG2226!!!COG3433	GC_00004107	0.5556	0.3158	27	19
Oxidoreductase (NAD-binding), involved in siderophore biosynthesis	2.5839952657301115	0.10794888721784418	1	PATHOGEN	COG4693	GC_00004245	0.5556	0.3158	27	19
Acyl carrier protein!!!SAM-dependent methyltransferase!!!Non-ribosomal peptide synthetase component F!!!NAD(P)-dependent dehydrogenase, short-chain alcohol dehydrogenase family!!!Ubiquinone/menaquinone biosynthesis C-methylase UbiE!!!Thioesterase domain of type I polyketide synthase or non-ribosomal peptide synthetase!!!Acyl transferase domain in polyketide synthase (PKS) enzymes	2.5839952657301115	0.10794888721784418	1	PATHOGEN	COG0236!!!COG0500!!!COG1020!!!COG1028!!!COG2226!!!COG3319!!!COG3321	GC_00004105	0.5556	0.3158	27	19
Predicted restriction endonuclease, HNH family	2.48610293660773	0.11485580708906626	1	PATHOGEN	COG3183	GC_00005828	0.2222	0.0526	27	19
Sugar or nucleoside kinase, ribokinase family!!!DNA-binding transcriptional regulator of sugar metabolism, DeoR/GlpR family	2.48610293660773	0.11485580708906626	1	PATHOGEN	COG0524!!!COG1349	GC_00006435, GC_00008725	0.2222	0.0526	27	19
DNA repair exonuclease SbcCD ATPase subunit!!!Predicted ATP-dependent endonuclease of the OLD family, contains P-loop ATPase and TOPRIM domains	2.48610293660773	0.11485580708906626	1	PATHOGEN	COG0419!!!COG3593	GC_00007351, GC_00008782, GC_00010815, GC_00011683	0.2222	0.0526	27	19
Superfamily I DNA or RNA helicase!!!Superfamily II DNA or RNA helicase	2.48610293660773	0.11485580708906626	1	PATHOGEN	COG0210!!!COG1061	GC_00006821, GC_00007424	0.2222	0.0526	27	19
Predicted 3-hydroxylacyl-ACP dehydratase, HotDog domain	2.4833400268423595	0.11505768442952975	1	PATHOGEN	COG4706	GC_00004818	0.3704	0.1579	27	19
Glycosyltransferase involved in cell wall bisynthesis!!!Predicted acyltransferase, LPLAT superfamily	2.4833400268423595	0.11505768442952975	1	PATHOGEN	COG0463!!!COG4261	GC_00004856	0.3704	0.1579	27	19
Uncharacterized conserved protein, contains phage Mu gpF-like domain	2.4833400268423595	0.11505768442952975	1	PATHOGEN	COG2369	GC_00006578, GC_00006607, GC_00007765, GC_00008625, GC_00008682, GC_00011234	0.3704	0.1579	27	19
Predicted exporter	2.4833400268423595	0.11505768442952975	1	PATHOGEN	COG4258	GC_00004830	0.3704	0.1579	27	19
Type VI protein secretion system component VasF	2.4772900743806483	0.11550110456834742	1	PATHOGEN	COG3455	GC_00004235, GC_00004639, GC_00010742	0.7037	0.4737	27	19
mRNA-degrading endonuclease RelE, toxin component of the RelBE toxin-antitoxin system	2.477290074380646	0.11550110456834804	1	COMMENSAL	COG2026	GC_00005133, GC_00006205, GC_00009481, GC_00010809, GC_00011985	0.2963	0.5263	27	19
Mu-like prophage I protein	2.392160516279999	0.12194499120048446	1	PATHOGEN	COG4388	GC_00006513, GC_00007913, GC_00008774, GC_00009849	0.2963	0.1053	27	19
Transcriptional regulator, Middle operon regulator (Mor) family	2.392160516279999	0.12194499120048446	1	PATHOGEN	COG5566	GC_00006592, GC_00007961, GC_00008377, GC_00008486, GC_00009886, GC_00011230, GC_00011558	0.2963	0.1053	27	19
Mu-like prophage protein gp16	2.392160516279999	0.12194499120048446	1	PATHOGEN	COG4382	GC_00006531, GC_00008309, GC_00008496, GC_00011930	0.2963	0.1053	27	19
Mu-like prophage protein gp29	2.392160516279999	0.12194499120048446	1	PATHOGEN	COG4383	GC_00006535, GC_00008193, GC_00008484, GC_00009651	0.2963	0.1053	27	19
Mu-like prophage protein gp36	2.392160516279999	0.12194499120048446	1	PATHOGEN	COG4387	GC_00006409, GC_00007886, GC_00010891, GC_00011657, GC_00012095	0.2963	0.1053	27	19
Superfamily II DNA or RNA helicase!!!Uncharacterized protein	2.392160516279999	0.12194499120048446	1	PATHOGEN	COG1061!!!COG4951	GC_00005159, GC_00009364	0.2963	0.1053	27	19
S-adenosylmethionine hydrolase (SAM-hydroxide adenosyltransferase)	2.260396362176546	0.13272008806652552	1	PATHOGEN	COG1912	GC_00003770	0.7407	0.5263	27	19
c-di-GMP-binding flagellar brake protein YcgR, contains PilZNR and PilZ domains	2.258397969689285	0.13289147304261018	1	COMMENSAL	COG5581	GC_00003397	0.8889	1	27	19
Dihydroxyacetone kinase	2.258397969689285	0.13289147304261018	1	COMMENSAL	COG2376	GC_00003399, GC_00006318	0.8889	1	27	19
Phosphoenolpyruvate-protein kinase (PTS system EI component in bacteria)!!!Phosphotransferase system, HPr and related phosphotransfer proteins!!!PTS-EIIA-like component DhaM of the dihydroxyacetone kinase DhaKLM complex	2.258397969689285	0.13289147304261018	1	COMMENSAL	COG1080!!!COG1925!!!COG3412	GC_00003401, GC_00005263	0.8889	1	27	19
Antitoxin component YafN of the YafNO toxin-antitoxin module, PHD/YefM family	2.258397969689285	0.13289147304261018	1	COMMENSAL	COG2161	GC_00003749, GC_00004025, GC_00006533, GC_00010958, GC_00011037	0.8889	1	27	19
Predicted kinase related to dihydroxyacetone kinase	2.258397969689285	0.13289147304261018	1	COMMENSAL	COG1461	GC_00003390, GC_00006488	0.8889	1	27	19
Replicative DNA helicase!!!DNA primase (bacterial type)	2.2583979696892786	0.1328914730426106	1	PATHOGEN	COG0305!!!COG0358	GC_00007452	0.1111	0	27	19
5-methylcytosine-specific restriction endonuclease McrA!!!Retron-type reverse transcriptase	2.2583979696892786	0.1328914730426106	1	PATHOGEN	COG1403!!!COG3344	GC_00008146, GC_00009470	0.1111	0	27	19
Chromosome segregation ATPase!!!Signal transduction histidine kinase regulating C4-dicarboxylate transport system	2.2583979696892786	0.1328914730426106	1	PATHOGEN	COG1196!!!COG4191	GC_00006961	0.1111	0	27	19
Predicted O-linked N-acetylglucosamine transferase, SPINDLY family	2.2583979696892786	0.1328914730426106	1	PATHOGEN	COG3914	GC_00007350	0.1111	0	27	19
Transposase!!!Mu-like prophage FluMu protein gp28	2.2417153996101367	0.13433188201268387	1	PATHOGEN	COG3415!!!COG4373	GC_00004671, GC_00004964, GC_00010560	0.5926	0.3684	27	19
Bacteriophage P2-related tail formation protein	2.0823934906547974	0.1490063684205976	1	PATHOGEN	COG4385	GC_00004762, GC_00004863, GC_00004961, GC_00006287, GC_00006981, GC_00008096, GC_00011563, GC_00011660	0.7778	0.5789	27	19
Phage-related baseplate assembly protein	2.0823934906547974	0.1490063684205976	1	PATHOGEN	COG3948	GC_00004755, GC_00004864, GC_00004973, GC_00006431, GC_00006947, GC_00008164, GC_00009584, GC_00010136	0.7778	0.5789	27	19
Phage repressor protein C, contains Cro/C1-type HTH and peptisase s24 domains	2.0823934906547974	0.1490063684205976	1	PATHOGEN	COG2932	GC_00004455, GC_00005537, GC_00005603, GC_00007858, GC_00008667, GC_00009270, GC_00010256, GC_00010399, GC_00010520, GC_00011362, GC_00011403, GC_00011532, GC_00011983, GC_00012094	0.7778	0.5789	27	19
Phage baseplate assembly protein W	2.0823934906547974	0.1490063684205976	1	PATHOGEN	COG3628	GC_00004721, GC_00004850, GC_00004894, GC_00007018, GC_00007232, GC_00007973, GC_00010679, GC_00012025	0.7778	0.5789	27	19
Beta-xylosidase	2.0517967224082865	0.1520266866265804	1	COMMENSAL	COG3507	GC_00006825	0.037	0.1579	27	19
Pectin methylesterase and related acyl-CoA thioesterases!!!Glucan-binding domain (YG repeat)	2.0517967224082865	0.1520266866265804	1	COMMENSAL	COG4677!!!COG5263	GC_00006762	0.037	0.1579	27	19
Homocysteine/selenocysteine methylase (S-methylmethionine-dependent)	2.0517967224082865	0.1520266866265804	1	COMMENSAL	COG2040	GC_00006714	0.037	0.1579	27	19
Predicted DNA-binding transcriptional regulator AlpA	2.0517967224082856	0.15202668662657967	1	PATHOGEN	COG3311	GC_00000130, GC_00003768, GC_00004674, GC_00005781, GC_00005965, GC_00006063, GC_00006067, GC_00006706, GC_00006745, GC_00006848, GC_00006885, GC_00006949, GC_00007364, GC_00007457, GC_00007525, GC_00007745, GC_00007839, GC_00007963, GC_00008340, GC_00008371, GC_00008800, GC_00008851, GC_00008993, GC_00009324, GC_00009536, GC_00009652, GC_00009951, GC_00010362, GC_00010380, GC_00010431, GC_00010862, GC_00011053, GC_00011641, GC_00011696, GC_00011940, GC_00012078, GC_00012129	0.963	0.8421	27	19
Phage-related tail fibre protein	2.0517967224082856	0.15202668662657967	1	PATHOGEN	COG5301	GC_00005596, GC_00005616, GC_00005645, GC_00005852, GC_00006114, GC_00006215, GC_00006385, GC_00006643, GC_00006833, GC_00006838, GC_00007395, GC_00007399, GC_00007491, GC_00007500, GC_00007549, GC_00007596, GC_00007621, GC_00007697, GC_00007797, GC_00008137, GC_00008207, GC_00008395, GC_00008426, GC_00008490, GC_00008692, GC_00008778, GC_00008799, GC_00008832, GC_00008899, GC_00008913, GC_00008978, GC_00009308, GC_00009381, GC_00009494, GC_00009641, GC_00009867, GC_00009896, GC_00009916, GC_00010182, GC_00010406, GC_00010567, GC_00010618, GC_00010726, GC_00010900, GC_00010910, GC_00010934, GC_00010988, GC_00011078, GC_00011199, GC_00011315, GC_00011406, GC_00011707, GC_00011747, GC_00012020	0.963	0.8421	27	19
Antitoxin component of the RelBE or YafQ-DinJ toxin-antitoxin module	1.9671173195407503	0.16075417495371347	1	COMMENSAL	COG3077	GC_00003978, GC_00005120, GC_00005343, GC_00007463, GC_00008140, GC_00010243, GC_00011950	0.5926	0.7895	27	19
mRNA-degrading endonuclease (mRNA interferase) HigB, toxic component of the HigAB toxin-antitoxin module	1.9671173195407503	0.16075417495371347	1	COMMENSAL	COG4680	GC_00004159, GC_00005209, GC_00010817	0.5926	0.7895	27	19
5-methylcytosine-specific restriction endonuclease McrBC, regulatory subunit McrC	1.9554590873943178	0.1619997946189777	1	COMMENSAL	COG4268	GC_00005258, GC_00005839, GC_00008029, GC_00008811	0.3704	0.5789	27	19
5-carboxymethyl-2-hydroxymuconate isomerase	1.941940947348991	0.1634579439693215	1	COMMENSAL	COG3232	GC_00004928	0.1852	0.3684	27	19
Aromatic ring hydroxylase	1.941940947348991	0.1634579439693215	1	COMMENSAL	COG2368	GC_00004901	0.1852	0.3684	27	19
Spore maturation protein CgeB	1.8421920901394535	0.17469423807378287	1	COMMENSAL	COG4641	GC_00005372, GC_00011855	0.1481	0.3158	27	19
Glucose uptake protein GlcU	1.8307412856692722	0.17604001361094648	1	COMMENSAL	COG4975	GC_00006174	0.0741	0.2105	27	19
Methylthioribose-1-phosphate isomerase (methionine salvage pathway), a paralog of eIF-2B alpha subunit	1.8307412856692722	0.17604001361094648	1	COMMENSAL	COG0182	GC_00006137	0.0741	0.2105	27	19
5-Methylthioribose kinase, methionine salvage pathway	1.8307412856692722	0.17604001361094648	1	COMMENSAL	COG4857	GC_00006080	0.0741	0.2105	27	19
Phage anti-repressor protein	1.7801857996019268	0.18212651297274507	1	PATHOGEN	COG3561	GC_00007229, GC_00008428, GC_00008433, GC_00008535, GC_00008734, GC_00009091, GC_00009206, GC_00010061, GC_00010719, GC_00010770, GC_00011584, GC_00011724	0.3333	0.1579	27	19
Transcriptional regulator, contains XRE-family HTH domain!!!Zn-dependent peptidase ImmA, M78 family	1.7276205733670762	0.18871505777295675	1	PATHOGEN	COG1396!!!COG2856	GC_00007883, GC_00008384, GC_00008943, GC_00010557	0.1852	0.0526	27	19
Polygalacturonase	1.7276205733670762	0.18871505777295675	1	PATHOGEN	COG5434	GC_00005419	0.1852	0.0526	27	19
Predicted transcriptional regulator, contains an HTH and PUA-like domains	1.7276205733670762	0.18871505777295675	1	PATHOGEN	COG4933	GC_00005964	0.1852	0.0526	27	19
Streptomycin 6-kinase	1.7276205733670762	0.18871505777295675	1	PATHOGEN	COG3570	GC_00006109	0.1852	0.0526	27	19
Cobalamin biosynthesis protein CbiG	1.7276205733670762	0.18871505777295675	1	PATHOGEN	COG2073	GC_00006169	0.1852	0.0526	27	19
Antirestriction protein	1.7276205733670762	0.18871505777295675	1	PATHOGEN	COG4734	GC_00006540, GC_00011982	0.1852	0.0526	27	19
Bifunctional DNA-binding transcriptional regulator of stationary/sporulation/toxin gene expression and antitoxin component of the YhaV-PrlF toxin-antitoxin module	1.7276205733670758	0.18871505777295683	1	COMMENSAL	COG2002	GC_00003522	0.8148	0.9474	27	19
Uncharacterized conserved protein GlcG, DUF336 family	1.7276205733670758	0.18871505777295683	1	COMMENSAL	COG3193	GC_00003513, GC_00007431	0.8148	0.9474	27	19
Very-short-patch-repair endonuclease	1.680546410792548	0.19485186319876938	1	PATHOGEN	COG2852	GC_00005398	0.2593	0.1053	27	19
Sialic acid synthase SpsE, contains C-terminal SAF domain	1.680546410792548	0.19485186319876938	1	PATHOGEN	COG2089	GC_00005608, GC_00008607	0.2593	0.1053	27	19
CMP-N-acetylneuraminic acid synthetase!!!Lysophospholipase L1 or related esterase	1.680546410792548	0.19485186319876938	1	PATHOGEN	COG1083!!!COG2755	GC_00005851, GC_00009441, GC_00011157	0.2593	0.1053	27	19
Superfamily II DNA helicase RecQ!!!Predicted amidophosphoribosyltransferases	1.5731112772962388	0.2097557555305997	1	PATHOGEN	COG0514!!!COG1040	GC_00003905	0.4444	0.2632	27	19
Uncharacterized protein YmfQ in lambdoid prophage, DUF2313 family	1.5731112772962388	0.2097557555305997	1	PATHOGEN	COG3778	GC_00005077, GC_00007619, GC_00008127, GC_00009190, GC_00011363, GC_00011720	0.4444	0.2632	27	19
Predicted hydrolase of the alpha/beta superfamily	1.5731112772962388	0.2097557555305997	1	PATHOGEN	COG2819	GC_00005379, GC_00005724, GC_00008853	0.4444	0.2632	27	19
Surfactin synthase thioesterase subunit	1.5651249710964006	0.21091640089242783	1	PATHOGEN	COG3208	GC_00004203, GC_00005301	0.5556	0.3684	27	19
ABC-type polysaccharide/polyol phosphate transport system, ATPase component	1.5651249710964001	0.21091640089242794	1	COMMENSAL	COG1134	GC_00005099, GC_00005691, GC_00008473, GC_00010077, GC_00010218, GC_00010629, GC_00011746, GC_00011917	0.4444	0.6316	27	19
Predicted DNA-binding transcriptional regulator YafY, contains an HTH and WYL domains	1.5651249710964001	0.21091640089242794	1	COMMENSAL	COG2378	GC_00004331, GC_00005400, GC_00006406, GC_00006859, GC_00007751, GC_00009263, GC_00009879, GC_00010450, GC_00011022, GC_00011344, GC_00011620	0.4444	0.6316	27	19
ABC-type polysaccharide/polyol phosphate export permease	1.5651249710964001	0.21091640089242794	1	COMMENSAL	COG1682	GC_00004279, GC_00009841, GC_00010836, GC_00011238, GC_00011272, GC_00011702	0.4444	0.6316	27	19
Phosphotransferase system sorbitol-specific component IIC	1.4713804826694794	0.2251280108974365	1	COMMENSAL	COG3730	GC_00003282, GC_00010217	0.9259	1	27	19
DNA-binding transcriptional regulator of glucitol operon	1.4713804826694794	0.2251280108974365	1	COMMENSAL	COG4578	GC_00003287	0.9259	1	27	19
MFS family permease!!!Cyanate permease	1.4713804826694794	0.2251280108974365	1	COMMENSAL	COG0477!!!COG2807	GC_00003261	0.9259	1	27	19
Phosphotransferase system sorbitol-specific component IIBC	1.4713804826694794	0.2251280108974365	1	COMMENSAL	COG3732	GC_00003323, GC_00006331, GC_00009287	0.9259	1	27	19
Phosphotransferase system sorbitol-specific component IIA	1.4713804826694794	0.2251280108974365	1	COMMENSAL	COG3731	GC_00003301, GC_00010732	0.9259	1	27	19
Deoxycytidylate deaminase	1.471380482669479	0.22512801089743656	1	PATHOGEN	COG2131	GC_00008991, GC_00010106	0.0741	0	27	19
Uncharacterized conserved protein YurZ, alkylhydroperoxidase/carboxymuconolactone decarboxylase family	1.471380482669479	0.22512801089743656	1	PATHOGEN	COG0599	GC_00010100, GC_00010882	0.0741	0	27	19
Copper chaperone CopZ	1.471380482669479	0.22512801089743656	1	PATHOGEN	COG2608	GC_00007709	0.0741	0	27	19
Pyruvate/2-oxoglutarate dehydrogenase complex, dihydrolipoamide dehydrogenase (E3) component or related enzyme!!!Copper chaperone CopZ	1.471380482669479	0.22512801089743656	1	PATHOGEN	COG1249!!!COG2608	GC_00008249	0.0741	0	27	19
Urocanate hydratase	1.471380482669479	0.22512801089743656	1	PATHOGEN	COG2987	GC_00007859	0.0741	0	27	19
Chromosome segregation ATPase!!!Predicted ATP-binding protein involved in virulence	1.471380482669479	0.22512801089743656	1	PATHOGEN	COG1196!!!COG3950	GC_00008159	0.0741	0	27	19
RecA-superfamily ATPase, KaiC/GvpD/RAD55 family!!!5-methylcytosine-specific restriction endonuclease McrBC, GTP-binding regulatory subunit McrB	1.471380482669479	0.22512801089743656	1	PATHOGEN	COG0467!!!COG1401	GC_00008270	0.0741	0	27	19
5-methylcytosine-specific restriction endonuclease McrBC, GTP-binding regulatory subunit McrB!!!Replication-associated recombination protein RarA (DNA-dependent ATPase)	1.471380482669479	0.22512801089743656	1	PATHOGEN	COG1401!!!COG2256	GC_00008844	0.0741	0	27	19
Phage-related tail protein!!!Phage-related protein	1.471380482669479	0.22512801089743656	1	PATHOGEN	COG5283!!!COG5412	GC_00008825	0.0741	0	27	19
Metal-dependent hydrolase, beta-lactamase superfamily II	1.471380482669479	0.22512801089743656	1	PATHOGEN	COG2333	GC_00010071, GC_00011992	0.0741	0	27	19
Ca2+-binding protein, RTX toxin-related!!!Membrane protein involved in colicin uptake!!!Large exoprotein involved in heme utilization or adhesion	1.471380482669479	0.22512801089743656	1	PATHOGEN	COG2931!!!COG3064!!!COG3210	GC_00008058	0.0741	0	27	19
Fe-S-cluster containining protein	1.471380482669479	0.22512801089743656	1	PATHOGEN	COG0727	GC_00009766, GC_00010393	0.0741	0	27	19
DNA modification methylase!!!Methylase of polypeptide chain release factors	1.471380482669479	0.22512801089743656	1	PATHOGEN	COG0863!!!COG2890	GC_00007754	0.0741	0	27	19
Imidazolonepropionase or related amidohydrolase	1.471380482669479	0.22512801089743656	1	PATHOGEN	COG1228	GC_00007997	0.0741	0	27	19
Superfamily II DNA or RNA helicase, SNF2 family!!!Uncharacterized conserved protein, contains Zn finger domain	1.471380482669479	0.22512801089743656	1	PATHOGEN	COG0553!!!COG4279	GC_00008098	0.0741	0	27	19
Histidine ammonia-lyase	1.471380482669479	0.22512801089743656	1	PATHOGEN	COG2986	GC_00007909	0.0741	0	27	19
Phage-related protein, predicted endonuclease	1.471380482669479	0.22512801089743656	1	PATHOGEN	COG5377	GC_00008247	0.0741	0	27	19
Predicted metal-dependent phosphoesterase TrpH, contains PHP domain!!!Chromosome segregation ATPase	1.471380482669479	0.22512801089743656	1	PATHOGEN	COG0613!!!COG1196	GC_00008245	0.0741	0	27	19
Zona occludens toxin, predicted ATPase	1.471380482669479	0.22512801089743656	1	PATHOGEN	COG4128	GC_00009648, GC_00010655	0.0741	0	27	19
Flagellar basal body rod protein FlgB	1.4526341082046783	0.22810575744307404	1	PATHOGEN	COG1815	GC_00003093, GC_00005765	1	0.9474	27	19
Isopropylmalate/homocitrate/citramalate synthases	1.4526341082046783	0.22810575744307404	1	PATHOGEN	COG0119	GC_00003107, GC_00003672	1	0.9474	27	19
NADP-dependent 3-hydroxy acid dehydrogenase YdfG	1.4526341082046783	0.22810575744307404	1	PATHOGEN	COG4221	GC_00003133, GC_00005731, GC_00006970, GC_00007391	1	0.9474	27	19
Metal-dependent amidase/aminoacylase/carboxypeptidase	1.4526341082046783	0.22810575744307404	1	PATHOGEN	COG1473	GC_00003772, GC_00003841, GC_00004122	1	0.9474	27	19
Phage-related lysozyme (muramidase), GH24 family	1.4526341082046783	0.22810575744307404	1	PATHOGEN	COG3772	GC_00000012, GC_00000083, GC_00005273, GC_00009472, GC_00010287, GC_00010432, GC_00010455, GC_00011146	1	0.9474	27	19
Protein-tyrosine-phosphatase	1.4526341082046783	0.22810575744307404	1	PATHOGEN	COG0394	GC_00003363, GC_00003941, GC_00009523, GC_00010302	1	0.9474	27	19
Trans-aconitate methyltransferase	1.4526341082046783	0.22810575744307404	1	PATHOGEN	COG4106	GC_00003203	1	0.9474	27	19
3-isopropylmalate dehydratase small subunit	1.4526341082046783	0.22810575744307404	1	PATHOGEN	COG0066	GC_00003134	1	0.9474	27	19
Chemotaxis response regulator CheB, contains REC and protein-glutamate methylesterase domains	1.4526341082046783	0.22810575744307404	1	PATHOGEN	COG2201	GC_00003110	1	0.9474	27	19
Flagellar basal body L-ring protein FlgH	1.4526341082046783	0.22810575744307404	1	PATHOGEN	COG2063	GC_00003069, GC_00005865	1	0.9474	27	19
Uncharacterized conserved protein YqiC, BMFP domain	1.4526341082046783	0.22810575744307404	1	PATHOGEN	COG2960	GC_00003161	1	0.9474	27	19
Ribulose kinase	1.4526341082046783	0.22810575744307404	1	PATHOGEN	COG1069	GC_00003247, GC_00006997, GC_00007289	1	0.9474	27	19
Gamma-glutamyl:cysteine ligase YbdK, ATP-grasp superfamily	1.4526341082046783	0.22810575744307404	1	PATHOGEN	COG2170	GC_00002673	1	0.9474	27	19
Taurine dioxygenase, alpha-ketoglutarate-dependent	1.4526341082046783	0.22810575744307404	1	PATHOGEN	COG2175	GC_00003172	1	0.9474	27	19
ABC-type thiamine transport system, ATPase component	1.4526341082046783	0.22810575744307404	1	PATHOGEN	COG3840	GC_00003249	1	0.9474	27	19
Heat shock protein HslJ	1.4526341082046783	0.22810575744307404	1	PATHOGEN	COG3187	GC_00003159	1	0.9474	27	19
ABC-type taurine transport system, ATPase component	1.4526341082046783	0.22810575744307404	1	PATHOGEN	COG4525	GC_00003234	1	0.9474	27	19
Flagellum-specific peptidoglycan hydrolase FlgJ!!!Rod binding protein domain	1.4526341082046783	0.22810575744307404	1	PATHOGEN	COG1705!!!COG3951	GC_00003127	1	0.9474	27	19
Prepilin signal peptidase PulO (type II secretory pathway) or related peptidase	1.4526341082046783	0.22810575744307404	1	PATHOGEN	COG1989	GC_00003688, GC_00004059, GC_00004338, GC_00005798, GC_00007434, GC_00008263, GC_00009753	1	0.9474	27	19
Na+/H+ antiporter NhaA	1.4526341082046783	0.22810575744307404	1	PATHOGEN	COG3004	GC_00003183	1	0.9474	27	19
Periplasmic protein involved in polysaccharide export, contains SLBB domain of the beta-grasp fold	1.4526341082046783	0.22810575744307404	1	PATHOGEN	COG1596	GC_00003274, GC_00003943, GC_00004239, GC_00008403, GC_00009948	1	0.9474	27	19
N-acetyltransferase, GNAT superfamily (includes histone acetyltransferase HPA2)	1.4526341082046783	0.22810575744307404	1	PATHOGEN	COG0454	GC_00003242, GC_00004445, GC_00005717, GC_00008037	1	0.9474	27	19
Murein tripeptide amidase MpaA	1.4526341082046783	0.22810575744307404	1	PATHOGEN	COG2866	GC_00000209	1	0.9474	27	19
Flagellar biosynthesis/type III secretory pathway chaperone	1.4526341082046783	0.22810575744307404	1	PATHOGEN	COG3418	GC_00003237	1	0.9474	27	19
Flagellin and related hook-associated protein FlgL	1.4526341082046783	0.22810575744307404	1	PATHOGEN	COG1344	GC_00003178, GC_00005226, GC_00005690, GC_00005937, GC_00006271, GC_00006812, GC_00006954, GC_00006963, GC_00007456, GC_00007616, GC_00007985, GC_00009656, GC_00009953, GC_00010222, GC_00010293, GC_00010916, GC_00010947, GC_00011008	1	0.9474	27	19
Septum formation inhibitor MinC	1.4526341082046783	0.22810575744307404	1	PATHOGEN	COG0850	GC_00003099	1	0.9474	27	19
Sugar transferase involved in LPS biosynthesis (colanic, teichoic acid)	1.4526341082046783	0.22810575744307404	1	PATHOGEN	COG2148	GC_00003383, GC_00008921, GC_00010099, GC_00011244	1	0.9474	27	19
ABC-type long-chain fatty acid transport system, fused permease and ATPase components	1.4526341082046783	0.22810575744307404	1	PATHOGEN	COG1133	GC_00003147	1	0.9474	27	19
Uncharacterized conserved protein YeeX, DUF496 family	1.4526341082046783	0.22810575744307404	1	PATHOGEN	COG2926	GC_00003030	1	0.9474	27	19
Diacylglycerol kinase family enzyme	1.4526341082046783	0.22810575744307404	1	PATHOGEN	COG1597	GC_00003149	1	0.9474	27	19
Acyl-CoA synthetase (AMP-forming)/AMP-acid ligase II!!!Nucleoside-diphosphate-sugar epimerase	1.4526341082046783	0.22810575744307404	1	PATHOGEN	COG0318!!!COG0451	GC_00000058, GC_00003414, GC_00005395, GC_00011640	1	0.9474	27	19
Septum formation topological specificity factor MinE	1.4526341082046783	0.22810575744307404	1	PATHOGEN	COG0851	GC_00003034	1	0.9474	27	19
Flagellar basal body P-ring protein FlgI	1.4526341082046783	0.22810575744307404	1	PATHOGEN	COG1706	GC_00001606, GC_00005938	1	0.9474	27	19
Septum formation inhibitor-activating ATPase MinD	1.4526341082046783	0.22810575744307404	1	PATHOGEN	COG2894	GC_00003035	1	0.9474	27	19
Chromosome partitioning ATPase, Mrp family, contains Fe-S cluster!!!Uncharacterized protein involved in exopolysaccharide biosynthesis	1.4526341082046783	0.22810575744307404	1	PATHOGEN	COG0489!!!COG3206	GC_00003427, GC_00003950, GC_00009770, GC_00010758, GC_00010800	1	0.9474	27	19
Chemotaxis signal transduction protein	1.4526341082046783	0.22810575744307404	1	PATHOGEN	COG0835	GC_00003040	1	0.9474	27	19
Dihydroorotate dehydrogenase!!!NAD-dependent dihydropyrimidine dehydrogenase, PreA subunit	1.4526341082046783	0.22810575744307404	1	PATHOGEN	COG0167!!!COG1146	GC_00003126	1	0.9474	27	19
Flagellar hook protein FlgE	1.4526341082046783	0.22810575744307404	1	PATHOGEN	COG1749	GC_00003227, GC_00005922, GC_00009449	1	0.9474	27	19
Flagellar basal body rod protein FlgF	1.4526341082046783	0.22810575744307404	1	PATHOGEN	COG4787	GC_00003189, GC_00005904	1	0.9474	27	19
Flagellar basal body rod protein FlgC	1.4526341082046783	0.22810575744307404	1	PATHOGEN	COG1558	GC_00003041, GC_00005786	1	0.9474	27	19
Flagellar motor component MotA	1.4526341082046783	0.22810575744307404	1	PATHOGEN	COG1291	GC_00003167, GC_00005738	1	0.9474	27	19
Transposase InsO and inactivated derivatives	1.4526341082046783	0.22810575744307404	1	PATHOGEN	COG2801	GC_00000002, GC_00000017, GC_00000052, GC_00000077, GC_00000088, GC_00000144, GC_00003154, GC_00003721, GC_00004023, GC_00004063, GC_00004594, GC_00005006, GC_00005032, GC_00005062, GC_00005276, GC_00005284, GC_00005443, GC_00005678, GC_00005955, GC_00006156, GC_00006222, GC_00006276, GC_00006298, GC_00006521, GC_00006646, GC_00006736, GC_00006824, GC_00006828, GC_00006935, GC_00007038, GC_00007039, GC_00007090, GC_00007180, GC_00007264, GC_00007625, GC_00007659, GC_00007820, GC_00008028, GC_00008053, GC_00009105, GC_00009184, GC_00009244, GC_00009464, GC_00009489, GC_00009643, GC_00009882, GC_00010242, GC_00010778, GC_00010921, GC_00011038, GC_00011330, GC_00011845, GC_00011962, GC_00012061, GC_00012098	1	0.9474	27	19
Serine/threonine protein kinase HipA, toxin component of the HipAB toxin-antitoxin module	1.4526341082046783	0.22810575744307404	1	PATHOGEN	COG3550	GC_00003459, GC_00004003, GC_00004643, GC_00007095, GC_00007459, GC_00007513, GC_00009891	1	0.9474	27	19
Flagellar basal body rod protein FlgG	1.4526341082046783	0.22810575744307404	1	PATHOGEN	COG4786	GC_00003052, GC_00005697	1	0.9474	27	19
Negative regulator of flagellin synthesis (anti-sigma28 factor)	1.4526341082046783	0.22810575744307404	1	PATHOGEN	COG2747	GC_00003096	1	0.9474	27	19
Mn2+ and Fe2+ transporters of the NRAMP family	1.4526341082046783	0.22810575744307404	1	PATHOGEN	COG1914	GC_00003064, GC_00007221	1	0.9474	27	19
D-mannonate dehydratase	1.4526341082046783	0.22810575744307404	1	PATHOGEN	COG1312	GC_00003129	1	0.9474	27	19
Flagella basal body P-ring formation protein FlgA	1.4526341082046783	0.22810575744307404	1	PATHOGEN	COG1261	GC_00003229, GC_00005902	1	0.9474	27	19
Autotransporter translocation and assembly factor TamB!!!Type V secretory pathway, adhesin AidA	1.4526341082046783	0.22810575744307404	1	PATHOGEN	COG2911!!!COG3468	GC_00004170, GC_00004813, GC_00005074, GC_00005137, GC_00005433, GC_00006089, GC_00007234, GC_00008351	1	0.9474	27	19
L-arabinose isomerase	1.4526341082046783	0.22810575744307404	1	PATHOGEN	COG2160	GC_00003100	1	0.9474	27	19
Chemotaxis regulator CheZ, phosphatase of CheY~P	1.4526341082046783	0.22810575744307404	1	PATHOGEN	COG3143	GC_00003062	1	0.9474	27	19
Endo-1,4-beta-D-glucanase Y	1.4526341082046783	0.22810575744307404	1	PATHOGEN	COG3405	GC_00003185	1	0.9474	27	19
DNA polymerase elongation subunit (family B)	1.4526341082046783	0.22810575744307404	1	PATHOGEN	COG0417	GC_00003264	1	0.9474	27	19
Homoaconitase/3-isopropylmalate dehydratase large subunit	1.4526341082046783	0.22810575744307404	1	PATHOGEN	COG0065	GC_00003076	1	0.9474	27	19
Phosphotransferase system, HPr and related phosphotransfer proteins!!!Mannitol/fructose-specific phosphotransferase system, IIA domain	1.4526341082046783	0.22810575744307404	1	PATHOGEN	COG1925!!!COG4668	GC_00003113	1	0.9474	27	19
Fructose-bisphosphate aldolase class Ia, DhnA family	1.4526341082046783	0.22810575744307404	1	PATHOGEN	COG1830	GC_00003067, GC_00003861, GC_00012000	1	0.9474	27	19
Chemotaxis protein histidine kinase CheA!!!HPt (histidine-containing phosphotransfer) domain	1.4526341082046783	0.22810575744307404	1	PATHOGEN	COG0643!!!COG2198	GC_00003256	1	0.9474	27	19
Pyruvate:ferredoxin oxidoreductase or related 2-oxoacid:ferredoxin oxidoreductase, alpha subunit!!!Pyruvate:ferredoxin oxidoreductase or related 2-oxoacid:ferredoxin oxidoreductase, beta subunit!!!Pyruvate:ferredoxin oxidoreductase or related 2-oxoacid:ferredoxin oxidoreductase, gamma subunit!!!Formate hydrogenlyase subunit 6/NADH:ubiquinone oxidoreductase 23 kD subunit (chain I)	1.4526341082046783	0.22810575744307404	1	PATHOGEN	COG0674!!!COG1013!!!COG1014!!!COG1143	GC_00003266	1	0.9474	27	19
ABC-type taurine transport system, periplasmic component	1.4526341082046783	0.22810575744307404	1	PATHOGEN	COG4521	GC_00002695	1	0.9474	27	19
Uncharacterized conserved protein YdbL, DUF1318 family	1.4526341082046783	0.22810575744307404	1	PATHOGEN	COG3784	GC_00003568, GC_00006017	1	0.9474	27	19
Uncharacterized conserved protein YegP, UPF0339 family	1.4526341082046783	0.22810575744307404	1	PATHOGEN	COG3422	GC_00003101	1	0.9474	27	19
Type II secretory pathway component GspD/PulD (secretin)	1.4526341082046783	0.22810575744307404	1	PATHOGEN	COG1450	GC_00003838, GC_00004083, GC_00005189, GC_00005407, GC_00005774, GC_00007535, GC_00008019, GC_00009521, GC_00009583, GC_00010650, GC_00012188	1	0.9474	27	19
Methylase of chemotaxis methyl-accepting proteins	1.4526341082046783	0.22810575744307404	1	PATHOGEN	COG1352	GC_00003240	1	0.9474	27	19
Flagellar biosynthesis protein FlhB	1.4526341082046783	0.22810575744307404	1	PATHOGEN	COG1377	GC_00003198, GC_00003712, GC_00005892	1	0.9474	27	19
Flagellar hook assembly protein FlgD	1.4526341082046783	0.22810575744307404	1	PATHOGEN	COG1843	GC_00003112, GC_00005919	1	0.9474	27	19
Cellulose biosynthesis protein BcsQ	1.4526341082046783	0.22810575744307404	1	PATHOGEN	COG1192	GC_00000157, GC_00005706, GC_00006925, GC_00007316, GC_00007605, GC_00008373, GC_00008780, GC_00009111, GC_00009160, GC_00009216, GC_00009455, GC_00009475, GC_00009897, GC_00010005, GC_00010044, GC_00010573, GC_00010852, GC_00011974, GC_00012013	1	0.9474	27	19
ABC-type thiamine transport system, periplasmic component	1.4526341082046783	0.22810575744307404	1	PATHOGEN	COG4143	GC_00003233	1	0.9474	27	19
Flagellar hook-associated protein FlgK	1.4526341082046783	0.22810575744307404	1	PATHOGEN	COG1256	GC_00003267, GC_00005927	1	0.9474	27	19
Transposase and inactivated derivatives	1.4526341082046783	0.22810575744307404	1	PATHOGEN	COG2963	GC_00000004, GC_00000013, GC_00000046, GC_00000056, GC_00000063, GC_00000085, GC_00000146, GC_00000285, GC_00000408, GC_00003448, GC_00003790, GC_00004124, GC_00004424, GC_00004592, GC_00004792, GC_00004912, GC_00005203, GC_00005404, GC_00005423, GC_00005450, GC_00005816, GC_00006145, GC_00006154, GC_00006256, GC_00006305, GC_00006348, GC_00006757, GC_00006766, GC_00006858, GC_00007214, GC_00007244, GC_00007524, GC_00007655, GC_00007660, GC_00007664, GC_00007743, GC_00007869, GC_00008118, GC_00008236, GC_00008526, GC_00008997, GC_00009169, GC_00009251, GC_00009974, GC_00010181, GC_00010226, GC_00010349, GC_00011048, GC_00011669, GC_00011675, GC_00011676	1	0.9474	27	19
Endonuclease I	1.4526341082046783	0.22810575744307404	1	PATHOGEN	COG2356	GC_00003119	1	0.9474	27	19
N-acyl-D-aspartate/D-glutamate deacylase	1.452634108204678	0.22810575744307404	1	COMMENSAL	COG3653	GC_00010276	0	0.0526	27	19
Tetratricopeptide (TPR) repeat!!!AraC-type DNA-binding domain and AraC-containing proteins!!!TolB amino-terminal domain (function unknown)	1.452634108204678	0.22810575744307404	1	COMMENSAL	COG0457!!!COG2207!!!COG5616	GC_00010387	0	0.0526	27	19
O-Glycosyl hydrolase	1.452634108204678	0.22810575744307404	1	COMMENSAL	COG5520	GC_00009785	0	0.0526	27	19
Predicted transcriptional regulator, contains HTH domain	1.452634108204678	0.22810575744307404	1	COMMENSAL	COG2865	GC_00010196	0	0.0526	27	19
Wobble nucleotide-excising tRNase	1.452634108204678	0.22810575744307404	1	COMMENSAL	COG4694	GC_00009512, GC_00010063	0	0.0526	27	19
Chromosome condensin MukBEF, ATPase and DNA-binding subunit MukB [Escherichia coli str. K-12 substr. MG1655!!!Phage-related minor tail protein	1.452634108204678	0.22810575744307404	1	COMMENSAL	COG3096!!!COG5281	GC_00010484	0	0.0526	27	19
Type IV secretory pathway, TrbL components	1.452634108204678	0.22810575744307404	1	COMMENSAL	COG3846	GC_00010292	0	0.0526	27	19
Predicted ATP-dependent Lon-type protease	1.452634108204678	0.22810575744307404	1	COMMENSAL	COG4930	GC_00011267	0	0.0526	27	19
Predicted ATPase, AAA+ superfamily	1.452634108204678	0.22810575744307404	1	COMMENSAL	COG1373	GC_00009045	0	0.0526	27	19
Bacteriophage terminase large (ATPase) subunit and inactivated derivatives	1.452634108204678	0.22810575744307404	1	COMMENSAL	COG5565	GC_00011883	0	0.0526	27	19
Uncharacterized conserved protein, DUF2164 family	1.452634108204678	0.22810575744307404	1	COMMENSAL	COG5460	GC_00010443	0	0.0526	27	19
5-deoxy-D-glucuronate isomerase	1.452634108204678	0.22810575744307404	1	COMMENSAL	COG3718	GC_00011436	0	0.0526	27	19
Serine/threonine protein kinase!!!2-polyprenyl-3-methyl-5-hydroxy-6-metoxy-1,4-benzoquinol methylase!!!Uncharacterized conserved protein HemX (no evidence of involvement in heme biosynthesis)	1.452634108204678	0.22810575744307404	1	COMMENSAL	COG0515!!!COG2227!!!COG2959	GC_00009351	0	0.0526	27	19
Coenzyme F420-reducing hydrogenase, beta subunit	1.452634108204678	0.22810575744307404	1	COMMENSAL	COG1035	GC_00010592	0	0.0526	27	19
DNA mismatch repair ATPase MutL!!!Signal transduction histidine kinase!!!Tfp pilus assembly protein PilN	1.452634108204678	0.22810575744307404	1	COMMENSAL	COG0323!!!COG0642!!!COG3166	GC_00010456	0	0.0526	27	19
Mitochondrial DNA-directed RNA polymerase	1.452634108204678	0.22810575744307404	1	COMMENSAL	COG5108	GC_00011074	0	0.0526	27	19
Glycogen synthase!!!Glycosyltransferase, GT2 family	1.452634108204678	0.22810575744307404	1	COMMENSAL	COG0297!!!COG1216	GC_00010559	0	0.0526	27	19
DNA repair exonuclease SbcCD ATPase subunit!!!Phage-related minor tail protein	1.452634108204678	0.22810575744307404	1	COMMENSAL	COG0419!!!COG5281	GC_00011208	0	0.0526	27	19
Pheromone shutdown protein TraB, contains GTxH motif (function unknown)	1.452634108204678	0.22810575744307404	1	COMMENSAL	COG1916	GC_00010390	0	0.0526	27	19
TPP-dependent trihydroxycyclohexane-1,2-dione (THcHDO) dehydratase, myo-inositol metabolism	1.452634108204678	0.22810575744307404	1	COMMENSAL	COG3962	GC_00010322	0	0.0526	27	19
D-serine deaminase, pyridoxal phosphate-dependent	1.452634108204678	0.22810575744307404	1	COMMENSAL	COG3616	GC_00009775	0	0.0526	27	19
Type I restriction-modification system, DNA methylase subunit!!!Type II restriction/modification system, DNA methylase subunit YeeA	1.452634108204678	0.22810575744307404	1	COMMENSAL	COG0286!!!COG1002	GC_00009923	0	0.0526	27	19
Predicted flavoprotein CzcO associated with the cation diffusion facilitator CzcD	1.452634108204678	0.22810575744307404	1	COMMENSAL	COG2072	GC_00009146	0	0.0526	27	19
Microcystin-dependent protein  (function unknown)	1.452634108204678	0.22810575744307404	1	COMMENSAL	COG4675	GC_00010058	0	0.0526	27	19
DNA modification methylase!!!Chromosome segregation protein Spo0J, contains ParB-like nuclease domain	1.452634108204678	0.22810575744307404	1	COMMENSAL	COG0863!!!COG1475	GC_00009147	0	0.0526	27	19
Sugar or nucleoside kinase, ribokinase family!!!Myo-inositol catabolism protein IolC	1.452634108204678	0.22810575744307404	1	COMMENSAL	COG0524!!!COG3892	GC_00011397	0	0.0526	27	19
Exopolysaccharide biosynthesis protein EpsI, predicted pyruvyl transferase	1.452634108204678	0.22810575744307404	1	COMMENSAL	COG5039	GC_00009686	0	0.0526	27	19
Thiamine pyrophosphokinase	1.452634108204678	0.22810575744307404	1	COMMENSAL	COG1564	GC_00011373	0	0.0526	27	19
Uncharacterized protein, PA2063/DUF2235 family	1.452634108204678	0.22810575744307404	1	COMMENSAL	COG3673	GC_00010313	0	0.0526	27	19
Uracil-DNA glycosylase	1.452634108204678	0.22810575744307404	1	COMMENSAL	COG1573	GC_00009855	0	0.0526	27	19
Uncharacterized conserved protein, contains PQ loop repeat	1.452634108204678	0.22810575744307404	1	COMMENSAL	COG4095	GC_00011497	0	0.0526	27	19
Beta-galactosidase GanA	1.452634108204678	0.22810575744307404	1	COMMENSAL	COG1874	GC_00009366	0	0.0526	27	19
Spore germination protein YaaH	1.452634108204678	0.22810575744307404	1	COMMENSAL	COG3858	GC_00009801	0	0.0526	27	19
Type IV secretory pathway, VirB4 component	1.3458298538620863	0.24600847249648058	1	PATHOGEN	COG3451	GC_00005282, GC_00009811, GC_00009890, GC_00010709, GC_00010715, GC_00012187	0.3704	0.2105	27	19
N-acetylglucosaminyl deacetylase, LmbE family	1.345829853862085	0.24600847249648078	1	COMMENSAL	COG2120	GC_00003816, GC_00004877	0.6296	0.7895	27	19
Uncharacterized protein, contains Primase-polymerase (Primpol) domain	1.3151397011775634	0.25146618870379595	1	PATHOGEN	COG4983	GC_00004454, GC_00004670, GC_00006735	0.5926	0.4211	27	19
Plasmid maintenance system killer protein	1.2628786994677994	0.2611068946458064	1	PATHOGEN	COG3549	GC_00004509, GC_00005352	0.4815	0.3158	27	19
Uncharacterized conserved protein, DUF1680 family	1.2628786994677994	0.2611068946458064	1	PATHOGEN	COG3533	GC_00004462, GC_00008850	0.4815	0.3158	27	19
Uncharacterized phage protein gp47/JayE	1.2628786994677994	0.2611068946458064	1	PATHOGEN	COG3299	GC_00005080, GC_00006558, GC_00007551, GC_00008242, GC_00009071, GC_00010469, GC_00010517	0.4815	0.3158	27	19
Phage P2 baseplate assembly protein gpV	1.175724861194198	0.2782280504535481	1	PATHOGEN	COG4540	GC_00004752, GC_00004862, GC_00004974, GC_00006493, GC_00006620, GC_00006909, GC_00008464, GC_00010723, GC_00011321	0.7778	0.6316	27	19
Transposase and inactivated derivatives, IS5 family	1.1757248611941973	0.2782280504535482	1	COMMENSAL	COG3039	GC_00000051, GC_00009555, GC_00011662, GC_00011740, GC_00011871	0.2222	0.3684	27	19
Predicted nucleic acid-binding protein, contains PIN domain	1.1740766161043736	0.27856518625514176	1	PATHOGEN	COG1487	GC_00005218, GC_00006556, GC_00008233, GC_00011813	0.2963	0.1579	27	19
Protein involved in initiation of plasmid replication	1.1740766161043736	0.27856518625514176	1	PATHOGEN	COG5527	GC_00006840, GC_00007378, GC_00009047, GC_00009558, GC_00010086, GC_00010295, GC_00010356, GC_00012173	0.2963	0.1579	27	19
DNA-binding transcriptional regulator, MerR family!!!Cellulose biosynthesis protein BcsQ	1.1740766161043736	0.27856518625514176	1	PATHOGEN	COG0789!!!COG1192	GC_00005019	0.2963	0.1579	27	19
Virulence-associated protein VagC (function unknown)	1.1740766161043736	0.27856518625514176	1	PATHOGEN	COG4456	GC_00005256, GC_00005823	0.2963	0.1579	27	19
Curved DNA-binding protein CbpA, contains a DnaJ-like domain	1.1740766161043728	0.27856518625514193	1	COMMENSAL	COG2214	GC_00003632, GC_00003993, GC_00006374, GC_00007343, GC_00008662, GC_00010787	0.7037	0.8421	27	19
Asp-tRNAAsn/Glu-tRNAGln amidotransferase A subunit or related amidase	1.1036138890081033	0.29347437248896635	1	COMMENSAL	COG0154	GC_00004253, GC_00005448	0.3704	0.5263	27	19
Type II restriction/modification system, DNA methylase subunit YeeA	1.0618652644486983	0.3027901466508825	1	PATHOGEN	COG1002	GC_00005566	0.2222	0.1053	27	19
Triacylglycerol esterase/lipase EstA, alpha/beta hydrolase fold	1.0618652644486983	0.3027901466508825	1	PATHOGEN	COG1075	GC_00006452, GC_00006842	0.2222	0.1053	27	19
Mu-like prophage host-nuclease inhibitor protein Gam	1.0618652644486983	0.3027901466508825	1	PATHOGEN	COG4396	GC_00006357, GC_00008842, GC_00011014	0.2222	0.1053	27	19
Aminoglycoside phosphotransferase	1.0618652644486983	0.3027901466508825	1	PATHOGEN	COG3231	GC_00006025, GC_00007501	0.2222	0.1053	27	19
Biopolymer transport protein ExbB/TolQ!!!Chromosome segregation ATPase	1.0618652644486983	0.3027901466508825	1	PATHOGEN	COG0811!!!COG1196	GC_00005504	0.2222	0.1053	27	19
Type IV secretory pathway ATPase VirB11/Archaellum biosynthesis ATPase	1.0502173629275622	0.30545703154444337	1	PATHOGEN	COG0630	GC_00008764, GC_00009781, GC_00009883, GC_00011484, GC_00011981	0.1481	0.0526	27	19
Cation transport ATPase!!!Uncharacterized conserved protein, YHS domain	1.0502173629275622	0.30545703154444337	1	PATHOGEN	COG2217!!!COG3350	GC_00006566	0.1481	0.0526	27	19
Uncharacterized protein involved in copper resistance	1.0502173629275622	0.30545703154444337	1	PATHOGEN	COG3667	GC_00006474, GC_00009894	0.1481	0.0526	27	19
Soluble lytic murein transglycosylase and related regulatory proteins (some contain LysM/invasin domains)!!!Phage-related tail protein	1.0502173629275622	0.30545703154444337	1	PATHOGEN	COG0741!!!COG5283	GC_00006973, GC_00011366	0.1481	0.0526	27	19
Type IV secretory pathway, component VirB8	1.0502173629275622	0.30545703154444337	1	PATHOGEN	COG3736	GC_00008616, GC_00008839, GC_00009390, GC_00009611, GC_00010219, GC_00011087	0.1481	0.0526	27	19
Mu-like prophage protein gp37	1.0502173629275622	0.30545703154444337	1	PATHOGEN	COG5003	GC_00008154, GC_00009075, GC_00010092, GC_00011576	0.1481	0.0526	27	19
Type IV secretory pathway, VirB9 components	1.0502173629275622	0.30545703154444337	1	PATHOGEN	COG3504	GC_00008472, GC_00008631, GC_00010227, GC_00011721	0.1481	0.0526	27	19
Type II secretory pathway, component ExeA (predicted ATPase)	1.0502173629275622	0.30545703154444337	1	PATHOGEN	COG3267	GC_00006541	0.1481	0.0526	27	19
Phage tail tape-measure protein, controls tail length	1.0502173629275622	0.30545703154444337	1	PATHOGEN	COG3941	GC_00008533, GC_00008554, GC_00011204	0.1481	0.0526	27	19
Type IV secretory pathway, VirB6 components	1.0502173629275622	0.30545703154444337	1	PATHOGEN	COG3704	GC_00008977, GC_00008980, GC_00009342, GC_00009633, GC_00010859, GC_00011005, GC_00011221	0.1481	0.0526	27	19
Lysozyme family protein	1.0502173629275622	0.30545703154444337	1	PATHOGEN	COG3926	GC_00006966, GC_00011435	0.1481	0.0526	27	19
Uncharacterized conserved protein, DUF305 family	1.0502173629275622	0.30545703154444337	1	PATHOGEN	COG3544	GC_00006508	0.1481	0.0526	27	19
Murein DD-endopeptidase MepM and murein hydrolase activator NlpD, contain LysM domain	1.0502173629275622	0.30545703154444337	1	PATHOGEN	COG0739	GC_00006518	0.1481	0.0526	27	19
Type IV secretory pathway, VirB10 components	1.0502173629275622	0.30545703154444337	1	PATHOGEN	COG2948	GC_00008805, GC_00010224, GC_00010392, GC_00010498, GC_00011252	0.1481	0.0526	27	19
Uncharacterized membrane protein YqiK, contains Band7/PHB/SPFH domain!!!Type I site-specific restriction endonuclease, part of a restriction-modification system	1.045512776863966	0.30654280284420027	1	COMMENSAL	COG2268!!!COG4096	GC_00005092	0.1852	0.3158	27	19
Phage terminase large subunit	1.0229784668985267	0.31181354879262413	1	PATHOGEN	COG1783	GC_00005624, GC_00005871, GC_00008294, GC_00008578	0.4074	0.2632	27	19
LysM repeat!!!Uncharacterized conserved protein YjdB, contains Ig-like domain	1.012657649822358	0.31426698918894697	1	PATHOGEN	COG1388!!!COG5492	GC_00004358, GC_00008310	0.5185	0.3684	27	19
Uncharacterized conserved protein YecT, DUF1311 family	1.012657649822358	0.31426698918894697	1	COMMENSAL	COG3755	GC_00004044	0.4815	0.6316	27	19
Predicted RNA binding protein YcfA, dsRBD-like fold, HicA-like mRNA interferase family	1.012657649822358	0.31426698918894697	1	COMMENSAL	COG1724	GC_00004007, GC_00008779, GC_00009396, GC_00012191	0.4815	0.6316	27	19
Protein-S-isoprenylcysteine O-methyltransferase Ste14	0.9223067741889682	0.3368700167830706	1	COMMENSAL	COG2020	GC_00003868	0.3333	0.4737	27	19
Uncharacterized conserved protein YbbK, DUF523 family!!!Uncharacterized conserved protein YbgA, DUF1722 family	0.8543153570454809	0.35533440375003045	1	COMMENSAL	COG1683!!!COG3272	GC_00005607	0.1111	0.2105	27	19
Formylglycine-generating enzyme, required for sulfatase activity, contains SUMF1/FGE domain!!!Predicted NTPase, NACHT family domain	0.8515126877763689	0.35612475770123603	1	COMMENSAL	COG1262!!!COG5635	GC_00007136	0.037	0.1053	27	19
Sensor histidine kinase YesM!!!Ligand-binding sensor domain	0.8515126877763689	0.35612475770123603	1	COMMENSAL	COG2972!!!COG4936	GC_00007386	0.037	0.1053	27	19
Predicted transcriptional regulator with C-terminal CBS domains	0.8515126877763689	0.35612475770123603	1	COMMENSAL	COG3620	GC_00009638, GC_00010405, GC_00010894	0.037	0.1053	27	19
AraC-type DNA-binding domain and AraC-containing proteins!!!Two-component response regulator, YesN/AraC family, consists of REC and AraC-type DNA-binding domains	0.8515126877763689	0.35612475770123603	1	COMMENSAL	COG2207!!!COG4753	GC_00007192	0.037	0.1053	27	19
Arginine/lysine/ornithine decarboxylase!!!Two-component response regulator, PleD family, consists of two REC domains and a diguanylate cyclase (GGDEF) domain	0.8515126877763689	0.35612475770123603	1	COMMENSAL	COG1982!!!COG3706	GC_00007419	0.037	0.1053	27	19
Recombinational DNA repair ATPase RecF!!!Predicted ATP-dependent endonuclease of the OLD family, contains P-loop ATPase and TOPRIM domains	0.8515126877763689	0.35612475770123603	1	COMMENSAL	COG1195!!!COG3593	GC_00008525, GC_00009853	0.037	0.1053	27	19
L-lactate utilization protein LutB, contains a ferredoxin-type domain	0.8515126877763668	0.3561247577012366	1	PATHOGEN	COG1139	GC_00003219	0.963	0.8947	27	19
Uncharacterized membrane permease YidK, sodium:solute symporter family	0.8515126877763668	0.3561247577012366	1	PATHOGEN	COG4146	GC_00003411	0.963	0.8947	27	19
Uncharacterized membrane protein YkgB	0.8515126877763668	0.3561247577012366	1	PATHOGEN	COG3059	GC_00003387, GC_00005341	0.963	0.8947	27	19
Polysaccharide pyruvyl transferase family protein WcaK	0.8515126877763668	0.3561247577012366	1	PATHOGEN	COG2327	GC_00003424, GC_00009787, GC_00010953	0.963	0.8947	27	19
Phosphotransferase system, galactitol-specific IIC component	0.8515126877763668	0.3561247577012366	1	PATHOGEN	COG3775	GC_00002085, GC_00004129, GC_00004783, GC_00008372, GC_00008817, GC_00011673	0.963	0.8947	27	19
Type II secretory pathway, component PulM	0.8515126877763668	0.3561247577012366	1	PATHOGEN	COG3149	GC_00003617, GC_00005800	0.963	0.8947	27	19
L-lactate utilization protein LutC, contains LUD domain	0.8515126877763668	0.3561247577012366	1	PATHOGEN	COG1556	GC_00003321, GC_00009038	0.963	0.8947	27	19
NAD(P)H-dependent FMN reductase!!!Glycosyltransferase involved in cell wall bisynthesis	0.8515126877763668	0.3561247577012366	1	PATHOGEN	COG0431!!!COG0438	GC_00003353	0.963	0.8947	27	19
GDP-D-mannose dehydratase	0.8515126877763668	0.3561247577012366	1	PATHOGEN	COG1089	GC_00000109	0.963	0.8947	27	19
Zn-binding Pro-Ala-Ala-Arg (PAAR) domain, incolved in TypeVI secretion	0.8295914614593787	0.3623906887790159	1	PATHOGEN	COG4104	GC_00004484, GC_00005127, GC_00006300, GC_00006737, GC_00009564, GC_00009927, GC_00011796	0.3333	0.2105	27	19
Recombinational DNA repair protein RecT	0.8087676886197066	0.3684848348953997	1	PATHOGEN	COG3723	GC_00000094, GC_00004693, GC_00008336, GC_00008829, GC_00009689, GC_00011738	0.9259	0.8421	27	19
Type I restriction-modification system, DNA methylase subunit	0.8087676886197066	0.3684848348953997	1	PATHOGEN	COG0286	GC_00004546, GC_00005094, GC_00005820, GC_00006764, GC_00007344, GC_00007367, GC_00007726, GC_00008640, GC_00008680, GC_00008810, GC_00008848, GC_00008982, GC_00009513, GC_00009873, GC_00010216, GC_00010992, GC_00011469, GC_00011884, GC_00011956	0.9259	0.8421	27	19
Cupin domain protein related to quercetin dioxygenase	0.8087676886197043	0.3684848348954004	1	COMMENSAL	COG1917	GC_00006756, GC_00011478	0.0741	0.1579	27	19
Endonuclease NucS, RecB family	0.8087676886197043	0.3684848348954004	1	COMMENSAL	COG1637	GC_00006610, GC_00009202, GC_00010521	0.0741	0.1579	27	19
Glycogen synthase!!!Glycosyltransferase involved in cell wall bisynthesis	0.8087676886197043	0.3684848348954004	1	COMMENSAL	COG0297!!!COG0438	GC_00006482	0.0741	0.1579	27	19
Type IV secretory pathway, VirD4 component, TraG/TraD family ATPase	0.8070175438596499	0.36900348644246533	1	PATHOGEN	COG3505	GC_00004975, GC_00005950, GC_00007202, GC_00008456, GC_00008567, GC_00009288, GC_00009402, GC_00009602, GC_00009826, GC_00010286, GC_00010325, GC_00010466, GC_00010637, GC_00011193, GC_00011236, GC_00011703	0.5556	0.4211	27	19
Mannose or cellobiose epimerase, N-acyl-D-glucosamine 2-epimerase family	0.774994009832374	0.378676535536116	1	COMMENSAL	COG2942	GC_00003914	0.5556	0.6842	27	19
DNA-binding transcriptional regulator, XRE-family HTH domain	0.7749940098323739	0.378676535536116	1	PATHOGEN	COG1476	GC_00004506, GC_00007396	0.4444	0.3158	27	19
Acyl-CoA reductase or other NAD-dependent aldehyde dehydrogenase!!!Acyl dehydratase	0.7651749723750354	0.3817138646072264	1	COMMENSAL	COG1012!!!COG2030	GC_00004565	0.2963	0.4211	27	19
1,2-phenylacetyl-CoA epoxidase, catalytic subunit	0.7651749723750354	0.3817138646072264	1	COMMENSAL	COG3396	GC_00004540, GC_00004555	0.2963	0.4211	27	19
1,2-phenylacetyl-CoA epoxidase, PaaB subunit	0.7651749723750354	0.3817138646072264	1	COMMENSAL	COG3460	GC_00004512	0.2963	0.4211	27	19
Metal-sulfur cluster biosynthetic enzyme!!!Transposase	0.7651749723750354	0.3817138646072264	1	COMMENSAL	COG2151!!!COG3677	GC_00004553	0.2963	0.4211	27	19
DNA replication protein DnaD	0.7651749723750354	0.3817138646072264	1	COMMENSAL	COG3935	GC_00004554, GC_00008066, GC_00010155, GC_00011375	0.2963	0.4211	27	19
Lhr-like helicase!!!ATP-dependent helicase YprA,  contains C-terminal metal-binding DUF1998 domain	0.7651749723750354	0.3817138646072264	1	COMMENSAL	COG1201!!!COG1205	GC_00005558, GC_00005605, GC_00006604, GC_00007327	0.2963	0.4211	27	19
Voltage-gated potassium channel Kch!!!Predicted Kef-type K+ transport protein, K+/H+ antiporter domain	0.7193415873125213	0.3963599653898387	1	COMMENSAL	COG1226!!!COG4651	GC_00003179	0.963	1	27	19
Short-chain dehydrogenase	0.7193415873125213	0.3963599653898387	1	COMMENSAL	COG0300	GC_00003125	0.963	1	27	19
O-antigen ligase	0.7193415873125213	0.3963599653898387	1	COMMENSAL	COG3307	GC_00004047, GC_00004997, GC_00005756, GC_00008268	0.963	1	27	19
Uncharacterized coiled-coil protein SlyX (sensitive to lysis X)	0.7193415873125213	0.3963599653898387	1	COMMENSAL	COG2900	GC_00003044	0.963	1	27	19
Glyoxylate carboligase	0.7193415873125213	0.3963599653898387	1	COMMENSAL	COG3960	GC_00003136, GC_00006529, GC_00008864	0.963	1	27	19
DNA-binding beta-propeller fold protein YncE	0.7193415873125213	0.3963599653898387	1	COMMENSAL	COG3391	GC_00003200, GC_00006790	0.963	1	27	19
Fe2+ transport system protein FeoA	0.7193415873125213	0.3963599653898387	1	COMMENSAL	COG1918	GC_00003039	0.963	1	27	19
Uncharacterized metalloenzyme YdcJ, glyoxalase superfamily	0.7193415873125213	0.3963599653898387	1	COMMENSAL	COG5383	GC_00000427	0.963	1	27	19
Lysophospholipase L1 or related esterase	0.7193415873125213	0.3963599653898387	1	COMMENSAL	COG2755	GC_00003072, GC_00009750	0.963	1	27	19
Allophanate hydrolase subunit 1	0.7193415873125213	0.3963599653898387	1	COMMENSAL	COG2049	GC_00003092	0.963	1	27	19
Predicted benzoate:H+ symporter BenE	0.7193415873125213	0.3963599653898387	1	COMMENSAL	COG3135	GC_00000421, GC_00007240	0.963	1	27	19
Uncharacterized conserved protein, contains von Willebrand factor type A (vWA) domain	0.7193415873125213	0.3963599653898387	1	COMMENSAL	COG3552	GC_00000159, GC_00002986	0.963	1	27	19
Cytosine/uracil/thiamine/allantoin permease	0.7193415873125213	0.3963599653898387	1	COMMENSAL	COG1953	GC_00003151	0.963	1	27	19
Periplasmic Zn/Cd-binding protein ZinT	0.7193415873125213	0.3963599653898387	1	COMMENSAL	COG3443	GC_00003250	0.963	1	27	19
Trehalose and maltose hydrolase (possible phosphorylase)	0.7193415873125213	0.3963599653898387	1	COMMENSAL	COG1554	GC_00003258	0.963	1	27	19
Tagatose-1,6-bisphosphate aldolase	0.7193415873125213	0.3963599653898387	1	COMMENSAL	COG3684	GC_00003915, GC_00004418	0.963	1	27	19
Uncharacterized conserved protein YbaP, TraB family	0.7193415873125213	0.3963599653898387	1	COMMENSAL	COG3735	GC_00003194	0.963	1	27	19
Predicted Fe-S protein YdhL, DUF1289 family	0.7193415873125213	0.3963599653898387	1	COMMENSAL	COG3313	GC_00003080	0.963	1	27	19
Uncharacterized conserved protein YoaH, UPF0181 family	0.7193415873125213	0.3963599653898387	1	COMMENSAL	COG3140	GC_00003048	0.963	1	27	19
Lipopolysaccharide biosynthesis protein, LPS:glycosyltransferase	0.7193415873125213	0.3963599653898387	1	COMMENSAL	COG1442	GC_00003939, GC_00004032, GC_00004038, GC_00004992, GC_00004994, GC_00005376, GC_00005403, GC_00008990	0.963	1	27	19
Hydroxypyruvate isomerase	0.7193415873125213	0.3963599653898387	1	COMMENSAL	COG3622	GC_00003310, GC_00003658, GC_00006178	0.963	1	27	19
tRNA 2-selenouridine synthase SelU, contains rhodanese domain	0.7193415873125213	0.3963599653898387	1	COMMENSAL	COG2603	GC_00003223	0.963	1	27	19
Predicted ABC-type transport system involved in lysophospholipase L1 biosynthesis, permease component	0.7193415873125213	0.3963599653898387	1	COMMENSAL	COG3127	GC_00003260	0.963	1	27	19
Uncharacterized conserved protein YdcH, DUF465 family	0.7193415873125213	0.3963599653898387	1	COMMENSAL	COG2841	GC_00003108	0.963	1	27	19
Predicted acetyltransferase, GNAT superfamily	0.7193415873125213	0.3963599653898387	1	COMMENSAL	COG2388	GC_00000305, GC_00008262	0.963	1	27	19
REP element-mobilizing transposase RayT	0.7193415873125213	0.3963599653898387	1	COMMENSAL	COG1943	GC_00000090, GC_00003740, GC_00004176, GC_00004280, GC_00006674, GC_00007656, GC_00008350, GC_00009245	0.963	1	27	19
Predicted ABC-type transport system involved in lysophospholipase L1 biosynthesis, ATPase component	0.7193415873125213	0.3963599653898387	1	COMMENSAL	COG4181	GC_00003071	0.963	1	27	19
Xylose isomerase	0.7193415873125213	0.3963599653898387	1	COMMENSAL	COG2115	GC_00003084	0.963	1	27	19
Uncharacterized inner membrane protein YnfA, drug/metabolite transporter superfamily	0.7193415873125213	0.3963599653898387	1	COMMENSAL	COG1742	GC_00003097	0.963	1	27	19
Glutamate or tyrosine decarboxylase or a related PLP-dependent protein	0.7193415873125213	0.3963599653898387	1	COMMENSAL	COG0076	GC_00000035, GC_00008084	0.963	1	27	19
Tellurite resistance protein TehA and related permeases	0.7193415873125213	0.3963599653898387	1	COMMENSAL	COG1275	GC_00003214	0.963	1	27	19
Fluoride ion exporter CrcB/FEX, affects chromosome condensation	0.7193415873125213	0.3963599653898387	1	COMMENSAL	COG0239	GC_00001216, GC_00009257	0.963	1	27	19
Ureidoglycolate hydrolase (allantoin degradation)	0.7193415873125213	0.3963599653898387	1	COMMENSAL	COG3194	GC_00003135	0.963	1	27	19
Beta-lactamase class D	0.7193415873125203	0.39635996538983903	1	PATHOGEN	COG2602	GC_00011552	0.037	0	27	19
Tetratricopeptide (TPR) repeat!!!Predicted ATPase	0.7193415873125203	0.39635996538983903	1	PATHOGEN	COG0457!!!COG3903	GC_00011253	0.037	0	27	19
DNA-binding transcriptional regulator, IclR family!!!Phosphatidylserine/phosphatidylglycerophosphate/cardiolipin synthase or related enzyme	0.7193415873125203	0.39635996538983903	1	PATHOGEN	COG1414!!!COG1502	GC_00010330	0.037	0	27	19
SRSO17 transposase	0.7193415873125203	0.39635996538983903	1	PATHOGEN	COG5659	GC_00012138	0.037	0	27	19
GTPase SAR1 family domain	0.7193415873125203	0.39635996538983903	1	PATHOGEN	COG1100	GC_00010424	0.037	0	27	19
Prophage maintenance system killer protein	0.7193415873125203	0.39635996538983903	1	PATHOGEN	COG3654	GC_00010135	0.037	0	27	19
Superfamily II DNA and RNA helicase!!!Lhr-like helicase	0.7193415873125203	0.39635996538983903	1	PATHOGEN	COG0513!!!COG1201	GC_00011286	0.037	0	27	19
Uncharcterized protein, DUF927 family	0.7193415873125203	0.39635996538983903	1	PATHOGEN	COG5519	GC_00009844	0.037	0	27	19
Flp pilus assembly protein, protease CpaA	0.7193415873125203	0.39635996538983903	1	PATHOGEN	COG4960	GC_00008972	0.037	0	27	19
Glycosyltransferase, catalytic subunit of cellulose synthase and poly-beta-1,6-N-acetylglucosamine synthase!!!Spore maturation protein CgeB	0.7193415873125203	0.39635996538983903	1	PATHOGEN	COG1215!!!COG4641	GC_00011002, GC_00012085	0.037	0	27	19
Uncharacterized membrane protein, DUF373 family	0.7193415873125203	0.39635996538983903	1	PATHOGEN	COG3431	GC_00010374	0.037	0	27	19
CBS domain	0.7193415873125203	0.39635996538983903	1	PATHOGEN	COG0517	GC_00012089	0.037	0	27	19
Patatin-like phospholipase/acyl hydrolase	0.7193415873125203	0.39635996538983903	1	PATHOGEN	COG3621	GC_00011539	0.037	0	27	19
Superfamily I DNA and RNA helicases	0.7193415873125203	0.39635996538983903	1	PATHOGEN	COG3972	GC_00010810	0.037	0	27	19
Uncharacterized protein YydD, contains DUF2326 domain	0.7193415873125203	0.39635996538983903	1	PATHOGEN	COG5293	GC_00009864	0.037	0	27	19
Cell division protein DedD (periplasmic protein involved in septation)!!!Type VI protein secretion system component VasK	0.7193415873125203	0.39635996538983903	1	PATHOGEN	COG3147!!!COG3523	GC_00009444	0.037	0	27	19
Anion-transporting ATPase, ArsA/GET3 family	0.7193415873125203	0.39635996538983903	1	PATHOGEN	COG0003	GC_00011419	0.037	0	27	19
Dissimilatory sulfite reductase (desulfoviridin), alpha and beta subunits	0.7193415873125203	0.39635996538983903	1	PATHOGEN	COG2221	GC_00009452	0.037	0	27	19
D-alanyl-lipoteichoic acid acyltransferase DltB, MBOAT superfamily	0.7193415873125203	0.39635996538983903	1	PATHOGEN	COG1696	GC_00010444	0.037	0	27	19
Metal-responsive transcriptional regulator, contains CopG/Arc/MetJ DNA-binding domain!!!Predicted nuclease of the RNAse H fold, HicB family	0.7193415873125203	0.39635996538983903	1	PATHOGEN	COG0864!!!COG1598	GC_00009332	0.037	0	27	19
3'-5' exoribonuclease YhaM, can participate in 23S rRNA maturation,  HD superfamily!!!Cell pole-organizing protein PopZ	0.7193415873125203	0.39635996538983903	1	PATHOGEN	COG3481!!!COG3827	GC_00009959	0.037	0	27	19
DNA-binding prophage protein	0.7193415873125203	0.39635996538983903	1	PATHOGEN	COG3636	GC_00010068	0.037	0	27	19
Competence protein CoiA-like family, contains a predicted nuclease domain	0.7193415873125203	0.39635996538983903	1	PATHOGEN	COG4469	GC_00011242	0.037	0	27	19
Predicted esterase of the alpha/beta hydrolase fold	0.7193415873125203	0.39635996538983903	1	PATHOGEN	COG3545	GC_00009926	0.037	0	27	19
Endonuclease, HJR/Mrr/RecB family	0.7193415873125203	0.39635996538983903	1	PATHOGEN	COG1787	GC_00010184	0.037	0	27	19
Flp pilus assembly protein, secretin CpaC	0.7193415873125203	0.39635996538983903	1	PATHOGEN	COG4964	GC_00011774	0.037	0	27	19
Superfamily II DNA or RNA helicase, SNF2 family!!!Endonuclease, HJR/Mrr/RecB family	0.7193415873125203	0.39635996538983903	1	PATHOGEN	COG0553!!!COG1787	GC_00009274	0.037	0	27	19
Mannosyltransferase OCH1 or related enzyme	0.7193415873125203	0.39635996538983903	1	PATHOGEN	COG3774	GC_00011307	0.037	0	27	19
Adenine-specific DNA methylase!!!Type II restriction/modification system, DNA methylase subunit YeeA!!!Predicted type IV restriction endonuclease	0.7193415873125203	0.39635996538983903	1	PATHOGEN	COG0827!!!COG1002!!!COG2810	GC_00010504	0.037	0	27	19
Uncharacterized conserved protein, contains ParB-like and HNH nuclease domains!!!Predicted transcriptional regulator, contains HTH domain	0.7193415873125203	0.39635996538983903	1	PATHOGEN	COG1479!!!COG2865	GC_00010448	0.037	0	27	19
Proteasome lid subunit RPN8/RPN11, contains Jab1/MPN domain metalloenzyme (JAMM) motif	0.7193415873125203	0.39635996538983903	1	PATHOGEN	COG1310	GC_00010779	0.037	0	27	19
Esterase/lipase	0.7193415873125203	0.39635996538983903	1	PATHOGEN	COG1647	GC_00011931	0.037	0	27	19
Molybdopterin or thiamine biosynthesis adenylyltransferase!!!Proteasome lid subunit RPN8/RPN11, contains Jab1/MPN domain metalloenzyme (JAMM) motif	0.7193415873125203	0.39635996538983903	1	PATHOGEN	COG0476!!!COG1310	GC_00010369	0.037	0	27	19
DNA repair ATPase RecN!!!Predicted ATP-dependent endonuclease of the OLD family, contains P-loop ATPase and TOPRIM domains	0.7193415873125203	0.39635996538983903	1	PATHOGEN	COG0497!!!COG3593	GC_00010154	0.037	0	27	19
Oxalate decarboxylase/archaeal phosphoglucose isomerase, cupin superfamily	0.7193415873125203	0.39635996538983903	1	PATHOGEN	COG2140	GC_00010829	0.037	0	27	19
Large exoprotein involved in heme utilization or adhesion!!!Type V secretory pathway, adhesin AidA	0.7193415873125203	0.39635996538983903	1	PATHOGEN	COG3210!!!COG3468	GC_00007618	0.037	0	27	19
ATP-dependent 26S proteasome regulatory subunit	0.7193415873125203	0.39635996538983903	1	PATHOGEN	COG1222	GC_00009174	0.037	0	27	19
Putative flippase GtrA (transmembrane translocase of bactoprenol-linked glucose)	0.7193415873125203	0.39635996538983903	1	PATHOGEN	COG2246	GC_00009691	0.037	0	27	19
Transcriptional regulator, contains XRE-family HTH domain!!!DNA-binding transcriptional regulator, XRE-family HTH domain	0.7193415873125203	0.39635996538983903	1	PATHOGEN	COG1396!!!COG1476	GC_00009828	0.037	0	27	19
Tetratricopeptide (TPR) repeat!!!Glycosyltransferase involved in cell wall bisynthesis	0.7193415873125203	0.39635996538983903	1	PATHOGEN	COG0457!!!COG0463	GC_00009765	0.037	0	27	19
ssDNA-binding Zn-finger and Zn-ribbon domains of topoisomerase 1!!!ATP-dependent exoDNAse (exonuclease V) beta subunit (contains helicase and exonuclease domains)	0.7193415873125203	0.39635996538983903	1	PATHOGEN	COG0551!!!COG1074	GC_00010157	0.037	0	27	19
Chromate transport protein ChrA	0.7193415873125203	0.39635996538983903	1	PATHOGEN	COG2059	GC_00010477	0.037	0	27	19
Regulation of enolase protein 1 (function unknown), concanavalin A-like superfamily	0.7193415873125203	0.39635996538983903	1	PATHOGEN	COG3506	GC_00009839	0.037	0	27	19
Putative component of the toxin-antitoxin plasmid stabilization module	0.7193415873125203	0.39635996538983903	1	PATHOGEN	COG3657	GC_00009511	0.037	0	27	19
Transposase and inactivated derivatives!!!Mu-like prophage FluMu protein gp28	0.7193415873125203	0.39635996538983903	1	PATHOGEN	COG2963!!!COG4373	GC_00009394	0.037	0	27	19
Penicillin V acylase or related amidase, Ntn superfamily	0.7193415873125203	0.39635996538983903	1	PATHOGEN	COG3049	GC_00010662	0.037	0	27	19
Glycosyltransferase involved in cell wall bisynthesis!!!Capsule polysaccharide modification protein KpsS!!!Predicted glycosyltransferase involved in capsule biosynthesis	0.7193415873125203	0.39635996538983903	1	PATHOGEN	COG0463!!!COG3562!!!COG4092	GC_00010594	0.037	0	27	19
DNA polymerase III, delta prime subunit!!!Serine/threonine protein kinase!!!Superfamily I DNA and/or RNA helicase	0.7193415873125203	0.39635996538983903	1	PATHOGEN	COG0470!!!COG0515!!!COG1112	GC_00009744	0.037	0	27	19
Zn-dependent peptidase ImmA, M78 family!!!Antitoxin component HigA of the HigAB toxin-antitoxin module, contains an N-terminal HTH domain	0.7193415873125203	0.39635996538983903	1	PATHOGEN	COG2856!!!COG5499	GC_00009628	0.037	0	27	19
Mannose-6-phosphate isomerase, cupin superfamily	0.7193415873125203	0.39635996538983903	1	PATHOGEN	COG0662	GC_00009544	0.037	0	27	19
NDP-sugar pyrophosphorylase, includes eIF-2Bgamma, eIF-2Bepsilon, and LPS biosynthesis proteins!!!Serine/threonine-protein kinase RIO1	0.7193415873125203	0.39635996538983903	1	PATHOGEN	COG1208!!!COG1718	GC_00009603	0.037	0	27	19
Tetratricopeptide (TPR) repeat!!!Glycosyltransferase involved in cell wall bisynthesis!!!CDP-glycerol glycerophosphotransferase, TagB/SpsB family	0.7193415873125203	0.39635996538983903	1	PATHOGEN	COG0457!!!COG0463!!!COG1887	GC_00010103	0.037	0	27	19
DNA relaxase NicK	0.7193415873125203	0.39635996538983903	1	PATHOGEN	COG2946	GC_00010285	0.037	0	27	19
Predicted ester cyclase	0.7193415873125203	0.39635996538983903	1	PATHOGEN	COG5485	GC_00009952	0.037	0	27	19
Uncharacterized conserved protein, contains tandem ACT domains	0.7193415873125203	0.39635996538983903	1	PATHOGEN	COG4747	GC_00011240	0.037	0	27	19
Heme-degrading monooxygenase HmoA and related ABM domain proteins	0.7193415873125203	0.39635996538983903	1	PATHOGEN	COG2329	GC_00009295	0.037	0	27	19
Type I restriction-modification system, DNA methylase subunit!!!Flagellar biosynthesis/type III secretory pathway M-ring protein FliF/YscJ	0.7193415873125203	0.39635996538983903	1	PATHOGEN	COG0286!!!COG1766	GC_00011294	0.037	0	27	19
Capsule polysaccharide modification protein KpsS	0.6355369955916994	0.4253315515970725	1	COMMENSAL	COG3562	GC_00004306, GC_00009625	0.4074	0.5263	27	19
Capsule polysaccharide export protein KpsC/LpsZ	0.6355369955916994	0.4253315515970725	1	COMMENSAL	COG3563	GC_00004249, GC_00011700	0.4074	0.5263	27	19
Capsule polysaccharide export protein KpsE/RkpR	0.6355369955916994	0.4253315515970725	1	COMMENSAL	COG3524	GC_00004221	0.4074	0.5263	27	19
Outer membrane protease	0.6276855693181198	0.4282055352592149	1	PATHOGEN	COG4571	GC_00003714, GC_00008315	0.7407	0.6316	27	19
NAD(P)-dependent dehydrogenase, short-chain alcohol dehydrogenase family!!!Beta-galactosidase, beta subunit	0.5833308002278716	0.44500970715521604	1	PATHOGEN	COG1028!!!COG2731	GC_00004604	0.3704	0.2632	27	19
Neuraminidase (sialidase)!!!Predicted neuraminidase (sialidase)	0.5833308002278716	0.44500970715521604	1	PATHOGEN	COG4409!!!COG4692	GC_00004645	0.3704	0.2632	27	19
Uncharacterized protein YjbI, contains pentapeptide repeats	0.583330800227871	0.44500970715521626	1	COMMENSAL	COG1357	GC_00003717, GC_00003830, GC_00004058, GC_00004374, GC_00004398, GC_00005212, GC_00005515, GC_00005543, GC_00005545, GC_00005611, GC_00010935, GC_00011342	0.6296	0.7368	27	19
MFS family permease!!!Predicted arabinose efflux permease, MFS family	0.5800870249875717	0.44627821193870443	1	COMMENSAL	COG0477!!!COG2814	GC_00003972	0.5185	0.6316	27	19
Uncharacterized conserved protein RhaS, contains 28 RHS repeats	0.5800870249875717	0.44627821193870443	1	COMMENSAL	COG3209	GC_00000101, GC_00003431, GC_00003680, GC_00004057, GC_00004841, GC_00004855, GC_00004951, GC_00005797, GC_00006426, GC_00007689, GC_00008891, GC_00008897, GC_00008901, GC_00008927, GC_00009846, GC_00010400, GC_00010610	0.5185	0.6316	27	19
Phenylacetate-coenzyme A ligase PaaK, adenylate-forming domain family	0.5800870249875717	0.44627821193870443	1	COMMENSAL	COG1541	GC_00004542, GC_00005176	0.5185	0.6316	27	19
Molybdopterin-binding protein	0.5800870249875715	0.4462782119387046	1	PATHOGEN	COG3585	GC_00004252	0.4815	0.3684	27	19
Predicted ATPase, Adenine nucleotide alpha hydrolases (AANH) superfamily	0.552135331035591	0.45744650933262687	1	PATHOGEN	COG1636	GC_00005729	0.1852	0.1053	27	19
Mu-like prophage major head subunit gpT	0.552135331035591	0.45744650933262687	1	PATHOGEN	COG4397	GC_00007100, GC_00007938, GC_00008532, GC_00011401	0.1852	0.1053	27	19
Glycerol-3-phosphate cytidylyltransferase, cytidylyltransferase family	0.506363949153087	0.4767171252120971	1	COMMENSAL	COG0615	GC_00005915, GC_00006945, GC_00012109	0.2222	0.3158	27	19
Protease, Ulp1 family	0.5063639491530869	0.4767171252120971	1	PATHOGEN	COG5160	GC_00003745, GC_00006329	0.7778	0.6842	27	19
Uncharacterized conserved protein, YHS domain!!!Uncharacterized membrane protein	0.48036768117100925	0.48825581935886775	1	PATHOGEN	COG3350!!!COG4393	GC_00006778	0.1111	0.0526	27	19
ATPase/GTPase, AAA15 family	0.48036768117100925	0.48825581935886775	1	PATHOGEN	COG1106	GC_00008691, GC_00011536, GC_00011699	0.1111	0.0526	27	19
Radical SAM superfamily enzyme, MoaA/NifB/PqqE/SkfB family	0.48036768117100925	0.48825581935886775	1	PATHOGEN	COG0535	GC_00008121, GC_00008730, GC_00008823	0.1111	0.0526	27	19
Zn-dependent peptidase ImmA, M78 family	0.48036768117100925	0.48825581935886775	1	PATHOGEN	COG2856	GC_00009092, GC_00009377, GC_00009868, GC_00010721, GC_00010825	0.1111	0.0526	27	19
Beta-lactamase class A	0.48036768117100925	0.48825581935886775	1	PATHOGEN	COG2367	GC_00006286, GC_00011251	0.1111	0.0526	27	19
Na+-transporting NADH:ubiquinone oxidoreductase, subunit NqrC	0.48036768117100925	0.48825581935886775	1	PATHOGEN	COG2869	GC_00006886	0.1111	0.0526	27	19
Archaeal DNA helicase HerA or a related bacterial ATPase, contains HAS-barrel and ATPase domains!!!Type IV secretory pathway, VirB4 component	0.48036768117100925	0.48825581935886775	1	PATHOGEN	COG0433!!!COG3451	GC_00006639	0.1111	0.0526	27	19
Uncharacterized iron-regulated protein	0.48036768117100925	0.48825581935886775	1	PATHOGEN	COG3016	GC_00006698	0.1111	0.0526	27	19
Uncharacterized domain associated with phage/plasmid primase	0.48036768117100925	0.48825581935886775	1	PATHOGEN	COG4643	GC_00007055, GC_00010539	0.1111	0.0526	27	19
ABC-type multidrug transport system, ATPase component!!!Predicted ATPase, archaeal AAA+ ATPase superfamily	0.48036768117100925	0.48825581935886775	1	PATHOGEN	COG1131!!!COG1672	GC_00007050	0.1111	0.0526	27	19
Antitoxin component HigA of the HigAB toxin-antitoxin module, contains an N-terminal HTH domain	0.48036768117100903	0.48825581935886775	1	COMMENSAL	COG5499	GC_00003608, GC_00004202, GC_00009936	0.8889	0.9474	27	19
Type I site-specific restriction-modification system, R (restriction) subunit and related helicases ...	0.4254908205706533	0.5142098696915692	1	PATHOGEN	COG0610	GC_00006152, GC_00007735, GC_00007915, GC_00008557, GC_00008687, GC_00009117, GC_00009136, GC_00011054	0.2963	0.2105	27	19
3-hydroxyacyl-CoA dehydrogenase	0.4245673109487532	0.5146667983233242	1	COMMENSAL	COG1250	GC_00004640, GC_00005317, GC_00007422	0.4815	0.5789	27	19
NADPH-dependent curcumin reductase CurA	0.40178113291284967	0.5261708364063326	1	COMMENSAL	COG2130	GC_00003885	0.5926	0.6842	27	19
Uncharacterized protein YifN, PemK superfamily	0.40178113291284967	0.5261708364063326	1	COMMENSAL	COG3692	GC_00003893	0.5926	0.6842	27	19
NDP-sugar pyrophosphorylase, includes eIF-2Bgamma, eIF-2Bepsilon, and LPS biosynthesis proteins	0.40178113291284917	0.5261708364063329	1	PATHOGEN	COG1208	GC_00004119, GC_00011326	0.4074	0.3158	27	19
Predicted nucleotidyltransferase component of viral defense system	0.3985271823077249	0.5278508630472137	1	COMMENSAL	COG2253	GC_00005549, GC_00007304, GC_00010748	0.1852	0.2632	27	19
Uncharacterized conserved protein YdaU, DUF1376 family	0.3985271823077249	0.5278508630472137	1	COMMENSAL	COG3756	GC_00005795, GC_00007473, GC_00009214	0.1852	0.2632	27	19
5-methylcytosine-specific restriction endonuclease McrBC, GTP-binding regulatory subunit McrB!!!Cdc6-related protein, AAA superfamily ATPase	0.3985271823077249	0.5278508630472137	1	COMMENSAL	COG1401!!!COG1474	GC_00004763	0.1852	0.2632	27	19
Uncharacterized conserved protein, DUF497 family	0.30204165419581563	0.5826053090062241	1	COMMENSAL	COG2929	GC_00005565	0.1481	0.2105	27	19
Peptidoglycan/xylan/chitin deacetylase, PgdA/CDA1 family!!!Uncharacterized lipoprotein YddW, UPF0748 family	0.30204165419581563	0.5826053090062241	1	PATHOGEN	COG0726!!!COG1649	GC_00003526	0.8519	0.7895	27	19
TctA family transporter	0.29957469433318396	0.5841491721190719	1	COMMENSAL	COG3333	GC_00004271, GC_00006527, GC_00011792	0.4444	0.5263	27	19
Tripartite-type tricarboxylate transporter, receptor component TctC	0.29957469433318396	0.5841491721190719	1	COMMENSAL	COG3181	GC_00004294, GC_00006440	0.4444	0.5263	27	19
Zn-binding Pro-Ala-Ala-Arg (PAAR) domain, incolved in TypeVI secretion!!!Pyocin large subunit	0.2932406090868981	0.5881513166161437	1	PATHOGEN	COG4104!!!COG5529	GC_00006663, GC_00007376, GC_00008761, GC_00008911, GC_00010786	0.2222	0.1579	27	19
Nitroreductase!!!Non-ribosomal peptide synthetase component F!!!Acyl transferase domain in polyketide synthase (PKS) enzymes	0.2932406090868981	0.5881513166161437	1	PATHOGEN	COG0778!!!COG1020!!!COG3321	GC_00005481, GC_00011963	0.2222	0.1579	27	19
Uncharacterized domain associated with phage/plasmid primase!!!Uncharcterized protein, DUF927 family	0.2932406090868981	0.5881513166161437	1	PATHOGEN	COG4643!!!COG5519	GC_00007069, GC_00007131, GC_00009113, GC_00009803, GC_00011455	0.2222	0.1579	27	19
Predicted ABC-type ATPase	0.2932406090868981	0.5881513166161437	1	PATHOGEN	COG4185	GC_00005237	0.2222	0.1579	27	19
Transposase and inactivated derivatives, IS1 family	0.2932406090868976	0.5881513166161441	1	COMMENSAL	COG1662	GC_00000001, GC_00008243, GC_00009497, GC_00012028	0.7778	0.8421	27	19
Retron-type reverse transcriptase	0.26585959479595633	0.6061228124483908	1	COMMENSAL	COG3344	GC_00002020, GC_00006583, GC_00006876, GC_00007006, GC_00007059, GC_00007151, GC_00007189, GC_00007645, GC_00007827, GC_00007837, GC_00009007, GC_00009318, GC_00009694, GC_00010343, GC_00010991, GC_00011072, GC_00012083	0.5556	0.6316	27	19
CRISPR/Cas system-associated endonuclease/helicase Cas3	0.26399237142608817	0.6073905137187812	1	PATHOGEN	COG1203	GC_00004564, GC_00005056, GC_00006140	0.7037	0.6316	27	19
Predicted nuclease of restriction endonuclease-like (RecB) superfamily,  DUF1016 family	0.26399237142608817	0.6073905137187812	1	PATHOGEN	COG4804	GC_00003739	0.7037	0.6316	27	19
CRISPR/Cas system-associated endonuclease Cas1	0.26399237142608817	0.6073905137187812	1	PATHOGEN	COG1518	GC_00004052, GC_00006161	0.7037	0.6316	27	19
Lhr-like helicase	0.25939887865018585	0.6105334342209463	1	COMMENSAL	COG1201	GC_00003856, GC_00008790	0.6667	0.7368	27	19
Phosphotransferase system mannitol/fructose-specific IIA domain (Ntr-type)!!!Transcriptional antiterminator	0.25939887865018585	0.6105334342209463	1	COMMENSAL	COG1762!!!COG3711	GC_00003742	0.6667	0.7368	27	19
Phosphotransferase system, fructose-specific IIC component!!!Phosphotransferase system fructose-specific component IIB	0.25939887865018585	0.6105334342209463	1	COMMENSAL	COG1299!!!COG1445	GC_00003722	0.6667	0.7368	27	19
Nicotinamide mononucleotide adenylyltransferase!!!Nicotinamide riboside kinase	0.25939887865018574	0.6105334342209464	1	PATHOGEN	COG1056!!!COG3172	GC_00004718	0.3333	0.2632	27	19
Predicted nucleotidyltransferase	0.25939887865018574	0.6105334342209464	1	PATHOGEN	COG3541	GC_00005104, GC_00009836, GC_00010075, GC_00011898	0.3333	0.2632	27	19
Phage- or plasmid-associated DNA primase	0.21520467932610726	0.642718258151436	1	COMMENSAL	COG3378	GC_00006213	0.1111	0.1579	27	19
Uncharacterized protein YtpQ, UPF0354 family	0.21520467932610726	0.642718258151436	1	COMMENSAL	COG4848	GC_00006204	0.1111	0.1579	27	19
Antirestriction protein ArdC	0.21520467932610726	0.642718258151436	1	COMMENSAL	COG4227	GC_00008581, GC_00008678, GC_00009729, GC_00011881, GC_00012088	0.1111	0.1579	27	19
Acyl-homoserine lactone (AHL) acylase PvdQ	0.21520467932610726	0.642718258151436	1	COMMENSAL	COG2366	GC_00005638	0.1111	0.1579	27	19
Tetratricopeptide (TPR) repeat!!!DNA-binding winged helix-turn-helix (wHTH) domain	0.19934023224341957	0.6552539193706347	1	PATHOGEN	COG0457!!!COG3710	GC_00004030, GC_00006972	0.5926	0.5263	27	19
Ferritin-like metal-binding protein YciE	0.18083170908529397	0.6706594551043079	1	COMMENSAL	COG3685	GC_00003156, GC_00003162	0.8519	0.8947	27	19
Restriction endonuclease	0.1808317090852939	0.670659455104308	1	PATHOGEN	COG3587	GC_00007546, GC_00007904, GC_00008434	0.1481	0.1053	27	19
Plasmid stability protein	0.1808317090852939	0.670659455104308	1	PATHOGEN	COG4691	GC_00007300, GC_00007358, GC_00009815	0.1481	0.1053	27	19
Predicted ATP-binding protein involved in virulence	0.17578419227030873	0.675021555841024	1	COMMENSAL	COG3950	GC_00007077, GC_00007407, GC_00008174, GC_00008686, GC_00010925, GC_00011680, GC_00012029	0.2593	0.3158	27	19
Putative periplasmic protein kinase ArgK or related GTPase of G3E family	0.14645876170441421	0.7019427262854085	1	COMMENSAL	COG1703	GC_00003815	0.6296	0.6842	27	19
D-alanyl-D-alanine dipeptidase	0.14645876170441421	0.7019427262854085	1	COMMENSAL	COG2173	GC_00003806	0.6296	0.6842	27	19
Transcriptional regulator containing GAF, AAA-type ATPase, and DNA-binding Fis domains	0.14645876170441421	0.7019427262854085	1	COMMENSAL	COG3604	GC_00003783, GC_00003844	0.6296	0.6842	27	19
Toxin component of the Txe-Axe toxin-antitoxin module, Txe/YoeB family	0.14645876170441421	0.7019427262854085	1	COMMENSAL	COG4115	GC_00003799	0.6296	0.6842	27	19
Phenylpropionate dioxygenase or related ring-hydroxylating dioxygenase, large terminal subunit	0.14645876170441421	0.7019427262854085	1	COMMENSAL	COG4638	GC_00003751, GC_00003795	0.6296	0.6842	27	19
Gamma-glutamyl-gamma-aminobutyrate hydrolase PuuD (putrescine degradation), contains GATase1-like domain	0.14645876170441421	0.7019427262854085	1	COMMENSAL	COG2071	GC_00003823	0.6296	0.6842	27	19
Hydrogenase-4 membrane subunit HyfE	0.14645876170441421	0.7019427262854085	1	COMMENSAL	COG4237	GC_00003794	0.6296	0.6842	27	19
3-phenylpropionate/cinnamic acid dioxygenase, small subunit	0.14645876170441421	0.7019427262854085	1	COMMENSAL	COG5517	GC_00003814	0.6296	0.6842	27	19
Uncharacterized conserved protein, implicated in type VI secretion and phage assembly!!!Uncharacterized conserved protein, DUF2345 family	0.1464587617044142	0.7019427262854085	1	PATHOGEN	COG3501!!!COG4253	GC_00006214, GC_00006380, GC_00006834, GC_00007874, GC_00009369, GC_00011219, GC_00011227	0.3704	0.3158	27	19
2-Methylaconitate cis-trans-isomerase PrpF (2-methyl citrate pathway)	0.1366378959432365	0.7116465434016402	1	PATHOGEN	COG2828	GC_00003439	0.9259	0.8947	27	19
Predicted GTPase	0.1366378959432365	0.7116465434016402	1	PATHOGEN	COG3596	GC_00000487, GC_00003601, GC_00004360, GC_00005380, GC_00006851, GC_00008622, GC_00009632	0.9259	0.8947	27	19
Glucoamylase (glucan-1,4-alpha-glucosidase), GH15 family	0.12026981337103373	0.7287420392619057	1	PATHOGEN	COG3387	GC_00003644	0.6296	0.5789	27	19
DNA-binding transcriptional regulator PaaX (phenylacetic acid degradation)	0.12026981337103365	0.7287420392619058	1	COMMENSAL	COG3327	GC_00004559, GC_00008353	0.3704	0.4211	27	19
Predicted transposase YbfD/YdcC associated with H repeats	0.10271152633524358	0.7485996457561201	1	PATHOGEN	COG5433	GC_00000011, GC_00004204, GC_00004288, GC_00006090, GC_00008878	0.7778	0.7368	27	19
Xanthine and CO dehydrogenase maturation factor, XdhC/CoxF family	0.08966861598440548	0.7645988651689077	1	PATHOGEN	COG1975	GC_00004104	0.5185	0.4737	27	19
Uncharacterized conserved protein, contains a C-terminal beta-barrel porin domain	0.08966861598440548	0.7645988651689077	1	PATHOGEN	COG4625	GC_00005819, GC_00006177, GC_00006216, GC_00006345, GC_00007576, GC_00009524	0.5185	0.4737	27	19
DNA mismatch repair ATPase MutL!!!Signal transduction histidine kinase regulating C4-dicarboxylate transport system	0.08410777707304404	0.7718059797774112	1	PATHOGEN	COG0323!!!COG4191	GC_00007518	0.0741	0.0526	27	19
Predicted P-loop ATPase and inactivated derivatives	0.08410777707304404	0.7718059797774112	1	PATHOGEN	COG5545	GC_00007584	0.0741	0.0526	27	19
Predicted metal-dependent hydrolase, TIM-barrel fold	0.08410777707304404	0.7718059797774112	1	PATHOGEN	COG2159	GC_00008513, GC_00010097, GC_00011527	0.0741	0.0526	27	19
RecB family exonuclease	0.08410777707304404	0.7718059797774112	1	PATHOGEN	COG2887	GC_00007536	0.0741	0.0526	27	19
Type I site-specific restriction-modification system, R (restriction) subunit and related helicases ...!!!Chromosome segregation ATPase	0.08410777707304404	0.7718059797774112	1	PATHOGEN	COG0610!!!COG1196	GC_00007348	0.0741	0.0526	27	19
Conjugal transfer/entry exclusion protein	0.08410777707304404	0.7718059797774112	1	PATHOGEN	COG5314	GC_00009876, GC_00010206, GC_00010791	0.0741	0.0526	27	19
Signal transduction histidine kinase regulating phosphoglycerate transport system	0.08410777707304404	0.7718059797774112	1	PATHOGEN	COG4192	GC_00007494	0.0741	0.0526	27	19
Nucleoside-diphosphate-sugar epimerase!!!dTDP-4-dehydrorhamnose 3,5-epimerase or related enzyme	0.08410777707304404	0.7718059797774112	1	PATHOGEN	COG0451!!!COG1898	GC_00008453, GC_00010897	0.0741	0.0526	27	19
3'-5' exoribonuclease YhaM, can participate in 23S rRNA maturation,  HD superfamily	0.08410777707304404	0.7718059797774112	1	PATHOGEN	COG3481	GC_00007875, GC_00010582	0.0741	0.0526	27	19
Transketolase, N-terminal subunit	0.08410777707304404	0.7718059797774112	1	PATHOGEN	COG3959	GC_00007113	0.0741	0.0526	27	19
Transketolase, C-terminal subunit	0.08410777707304404	0.7718059797774112	1	PATHOGEN	COG3958	GC_00007369	0.0741	0.0526	27	19
Transcriptional regulators containing an AAA-type ATPase domain and a DNA-binding domain!!!Transcriptional regulatory protein LevR, contains PRD, AAA+ and EIIA domains	0.08410777707304404	0.7718059797774112	1	PATHOGEN	COG1221!!!COG3933	GC_00007450	0.0741	0.0526	27	19
Predicted periplasmic lipoprotein	0.08410777707304404	0.7718059797774112	1	PATHOGEN	COG5618	GC_00007445	0.0741	0.0526	27	19
Mu-like prophage FluMu protein gp41	0.08410777707304404	0.7718059797774112	1	PATHOGEN	COG4518	GC_00008558, GC_00010119	0.0741	0.0526	27	19
Type IV secretory pathway, VirB4 component!!!Type IV secretory pathway, VirB3 components	0.08410777707304404	0.7718059797774112	1	PATHOGEN	COG3451!!!COG3702	GC_00008565, GC_00008597	0.0741	0.0526	27	19
NDP-sugar epimerase, includes UDP-GlcNAc-inverting 4,6-dehydratase FlaA1 and capsular polysaccharide biosynthesis protein EpsC	0.08410777707304404	0.7718059797774112	1	PATHOGEN	COG1086	GC_00007653, GC_00010827	0.0741	0.0526	27	19
DNA polymerase I - 3'-5' exonuclease and polymerase domains	0.08410777707304404	0.7718059797774112	1	PATHOGEN	COG0749	GC_00007044	0.0741	0.0526	27	19
Type VI protein secretion system component Hcp (secreted cytotoxin)	0.08410777707304354	0.7718059797774117	1	COMMENSAL	COG3157	GC_00003704, GC_00004200, GC_00004538, GC_00004608, GC_00004666, GC_00004886, GC_00005298, GC_00005337, GC_00006029, GC_00007248	0.9259	0.9474	27	19
Predicted dithiol-disulfide isomerase, DsbA family	0.07116556885062209	0.7896472122800594	1	PATHOGEN	COG2761	GC_00004375	0.4074	0.3684	27	19
ABC-type Zn uptake system ZnuABC, Zn-binding component ZnuA	0.07116556885062209	0.7896472122800594	1	PATHOGEN	COG0803	GC_00004263, GC_00010307	0.4074	0.3684	27	19
Chloramphenicol O-acetyltransferase	0.06521367814986592	0.7984375793745037	1	COMMENSAL	COG4845	GC_00008988, GC_00011869	0.037	0.0526	27	19
Predicted ferric reductase	0.06521367814986592	0.7984375793745037	1	COMMENSAL	COG4097	GC_00008229	0.037	0.0526	27	19
Intein/homing endonuclease!!!Uncharacterized conserved protein RhaS, contains 28 RHS repeats	0.06521367814986592	0.7984375793745037	1	COMMENSAL	COG1372!!!COG3209	GC_00007465	0.037	0.0526	27	19
Glycosyltransferase involved in cell wall bisynthesis!!!Tetratricopeptide (TPR) repeat!!!CDP-glycerol glycerophosphotransferase, TagB/SpsB family	0.06521367814986592	0.7984375793745037	1	COMMENSAL	COG0438!!!COG0457!!!COG1887	GC_00007740	0.037	0.0526	27	19
DNA helicase IV!!!Predicted NTPase, NACHT family domain	0.06521367814986592	0.7984375793745037	1	COMMENSAL	COG3973!!!COG5635	GC_00008366	0.037	0.0526	27	19
Phage repressor protein C, contains Cro/C1-type HTH and peptisase s24 domains!!!DNA-binding transcriptional regulator, XRE family	0.06521367814986592	0.7984375793745037	1	COMMENSAL	COG2932!!!COG3655	GC_00008515	0.037	0.0526	27	19
tRNA nucleotidyltransferase (CCA-adding enzyme)	0.06521367814986592	0.7984375793745037	1	COMMENSAL	COG1746	GC_00007761	0.037	0.0526	27	19
Sugar-specific transcriptional regulator TrmB	0.06521367814986592	0.7984375793745037	1	COMMENSAL	COG1378	GC_00007902	0.037	0.0526	27	19
Urea transporter	0.06521367814986592	0.7984375793745037	1	COMMENSAL	COG4413	GC_00008673	0.037	0.0526	27	19
Tetratricopeptide (TPR) repeat!!!Serine/threonine protein kinase	0.06521367814986592	0.7984375793745037	1	COMMENSAL	COG0457!!!COG0515	GC_00007796	0.037	0.0526	27	19
Glycosyltransferase involved in cell wall bisynthesis!!!Predicted hydrolase, HAD superfamily	0.06521367814986592	0.7984375793745037	1	COMMENSAL	COG0438!!!COG5610	GC_00007920	0.037	0.0526	27	19
Predicted hydrolase, HAD superfamily	0.06521367814986592	0.7984375793745037	1	COMMENSAL	COG5610	GC_00009751, GC_00011512	0.037	0.0526	27	19
Phosphorylcholine metabolism protein LicD	0.06521367814986592	0.7984375793745037	1	COMMENSAL	COG3475	GC_00008383	0.037	0.0526	27	19
Lysyl-tRNA synthetase, class I	0.06521367814986592	0.7984375793745037	1	COMMENSAL	COG1384	GC_00008539	0.037	0.0526	27	19
Type II secretory pathway, component PulC	0.06521367814986585	0.7984375793745038	1	PATHOGEN	COG3031	GC_00003684, GC_00003980, GC_00006304, GC_00008079	0.963	0.9474	27	19
Uncharacterized conserved protein YbcV, DUF1398 family	0.06521367814986585	0.7984375793745038	1	PATHOGEN	COG5562	GC_00003563, GC_00003961, GC_00005586	0.963	0.9474	27	19
Site-specific DNA recombinase related to the DNA invertase Pin	0.06521367814986585	0.7984375793745038	1	PATHOGEN	COG1961	GC_00003616, GC_00003883, GC_00004027, GC_00004836, GC_00005224, GC_00005966, GC_00006436, GC_00006937, GC_00007230, GC_00007517, GC_00007649, GC_00008144, GC_00008302, GC_00008517, GC_00008637, GC_00008949, GC_00008979, GC_00008981, GC_00009439, GC_00009565, GC_00009776, GC_00009966, GC_00010919, GC_00010987, GC_00011222, GC_00011791, GC_00011830	0.963	0.9474	27	19
N-acetylneuraminic acid mutarotase	0.06521367814986585	0.7984375793745038	1	PATHOGEN	COG3055	GC_00003334, GC_00006103, GC_00006144, GC_00009675, GC_00011862	0.963	0.9474	27	19
Type II secretory pathway, component PulK	0.06521367814986585	0.7984375793745038	1	PATHOGEN	COG3156	GC_00003719, GC_00004035, GC_00005778	0.963	0.9474	27	19
Mannose-6-phosphate isomerase, cupin superfamily!!!Mannose-1-phosphate guanylyltransferase	0.06521367814986585	0.7984375793745038	1	PATHOGEN	COG0662!!!COG0836	GC_00003330, GC_00006254, GC_00006379, GC_00006458, GC_00007102, GC_00008727, GC_00009933, GC_00010939	0.963	0.9474	27	19
Type II secretory pathway, component PulL	0.06521367814986585	0.7984375793745038	1	PATHOGEN	COG3297	GC_00003586, GC_00004053, GC_00005767	0.963	0.9474	27	19
Transposase InsO and inactivated derivatives!!!Transposase	0.06052631811523339	0.8056659989024502	1	COMMENSAL	COG2801!!!COG3415	GC_00005945, GC_00006323, GC_00006904, GC_00009363, GC_00012158	0.3333	0.3684	27	19
Arginine deiminase	0.060406141186246085	0.8058551656095381	1	PATHOGEN	COG2235	GC_00004788	0.2963	0.2632	27	19
2-keto-4-pentenoate hydratase	0.060406141186245876	0.8058551656095384	1	COMMENSAL	COG3971	GC_00003683, GC_00004883	0.7037	0.7368	27	19
Acetaldehyde dehydrogenase (acetylating)	0.060406141186245876	0.8058551656095384	1	COMMENSAL	COG4569	GC_00003670	0.7037	0.7368	27	19
DNA-binding transcriptional regulator LsrR, DeoR family!!!Transposase	0.05781286694460729	0.8099867970717236	1	PATHOGEN	COG2390!!!COG4584	GC_00004516	0.1852	0.1579	27	19
Non-ribosomal peptide synthetase component F	0.05781286694460729	0.8099867970717236	1	PATHOGEN	COG1020	GC_00005333, GC_00005462, GC_00005480	0.1852	0.1579	27	19
Transposase InsO and inactivated derivatives!!!Transposase and inactivated derivatives	0.05781286694460729	0.8099867970717236	1	PATHOGEN	COG2801!!!COG2963	GC_00006390, GC_00006978, GC_00008485, GC_00009171	0.1852	0.1579	27	19
NADPH:quinone reductase or related Zn-dependent oxidoreductase!!!Non-ribosomal peptide synthetase component F!!!NAD(P)-dependent dehydrogenase, short-chain alcohol dehydrogenase family!!!Acyl transferase domain in polyketide synthase (PKS) enzymes	0.05781286694460729	0.8099867970717236	1	PATHOGEN	COG0604!!!COG1020!!!COG1028!!!COG3321	GC_00005329	0.1852	0.1579	27	19
Predicted P-loop ATPase, KAP-like	0.05781286694460729	0.8099867970717236	1	PATHOGEN	COG4928	GC_00007553, GC_00008051, GC_00009483, GC_00010524, GC_00011617	0.1852	0.1579	27	19
Non-ribosomal peptide synthetase component F!!!Acyl transferase domain in polyketide synthase (PKS) enzymes	0.05781286694460729	0.8099867970717236	1	PATHOGEN	COG1020!!!COG3321	GC_00005452, GC_00005470	0.1852	0.1579	27	19
Acyl transferase domain in polyketide synthase (PKS) enzymes	0.05781286694460729	0.8099867970717236	1	PATHOGEN	COG3321	GC_00005453	0.1852	0.1579	27	19
RNA:NAD 2'-phosphotransferase, TPT1/KptA family	0.05781286694460727	0.8099867970717237	1	COMMENSAL	COG1859	GC_00003531	0.8148	0.8421	27	19
Alpha-galactosidase	0.04550761586651162	0.8310733650108804	1	COMMENSAL	COG3345	GC_00005834, GC_00008093	0.1852	0.2105	27	19
Uncharacterized conserved protein, DUF4415 family	0.04550761586651162	0.8310733650108804	1	COMMENSAL	COG3514	GC_00005590, GC_00010471	0.1852	0.2105	27	19
D-arabinose 5-phosphate isomerase GutQ	0.02483130904500453	0.8747881327909017	1	PATHOGEN	COG0794	GC_00004478, GC_00004521, GC_00008704, GC_00010038	0.4444	0.4211	27	19
Uncharacterized conserved protein YjiS, DUF1127 family	0.02483130904500453	0.8747881327909017	1	COMMENSAL	COG5457	GC_00003990	0.5556	0.5789	27	19
Transposase and inactivated derivatives, IS30 family	0.020015316813908675	0.8874943143244565	1	PATHOGEN	COG2826	GC_00000102, GC_00005108, GC_00007505, GC_00008266	0.7037	0.6842	27	19
Predicted nuclease of the RNAse H fold, HicB family	0.020015316813908675	0.8874943143244565	1	PATHOGEN	COG1598	GC_00003913, GC_00004312, GC_00005207, GC_00008731	0.7037	0.6842	27	19
Tetratricopeptide (TPR) repeat!!!Uncharacterized conserved protein YfaP, DUF2135 family	0.02001531681390866	0.8874943143244565	1	COMMENSAL	COG0457!!!COG4676	GC_00004741	0.2963	0.3158	27	19
Leucine-rich repeat (LRR) protein	0.015619694509837603	0.9005403526921275	1	COMMENSAL	COG4886	GC_00004237, GC_00004347, GC_00004459, GC_00005346, GC_00005636, GC_00010881, GC_00012126	0.6667	0.6842	27	19
ATP-dependent RNA circularization protein, DNA/RNA ligase (PAB1020)  family	0.01561969450983751	0.9005403526921278	1	PATHOGEN	COG1423	GC_00004354	0.3333	0.3158	27	19
Lysine/ornithine N-monooxygenase	0.01561969450983751	0.9005403526921278	1	PATHOGEN	COG3486	GC_00004619	0.3333	0.3158	27	19
Predicted kinase	0.01561969450983751	0.9005403526921278	1	PATHOGEN	COG4639	GC_00004568	0.3333	0.3158	27	19
Siderophore synthetase component	0.01561969450983751	0.9005403526921278	1	PATHOGEN	COG4264	GC_00004620, GC_00004627	0.3333	0.3158	27	19
Fatty acid desaturase	0.008966864245879388	0.9245582587829025	1	PATHOGEN	COG3239	GC_00005223	0.2222	0.2105	27	19
Sterol desaturase/sphingolipid hydroxylase, fatty acid hydroxylase superfamily	0.008966864245879388	0.9245582587829025	1	PATHOGEN	COG3000	GC_00005170	0.2222	0.2105	27	19
Uncharacterized conserved protein, contains GH25 family domain	0.008966864245879388	0.9245582587829025	1	PATHOGEN	COG5266	GC_00005049	0.2222	0.2105	27	19
Membrane-associated phospholipid phosphatase!!!Protein-tyrosine phosphatase	0.008211454611143882	0.9277968624204391	1	PATHOGEN	COG0671!!!COG2453	GC_00003585	0.8519	0.8421	27	19
Predicted CDP-diglyceride synthetase/phosphatidate cytidylyltransferase	0.008211454611143882	0.9277968624204391	1	PATHOGEN	COG4589	GC_00003549	0.8519	0.8421	27	19
Rod binding protein domain	0.008211454611143804	0.9277968624204395	1	COMMENSAL	COG3951	GC_00005859	0.1481	0.1579	27	19
Uncharacterized protein YjaZ	0.008211454611143804	0.9277968624204395	1	COMMENSAL	COG5504	GC_00005857	0.1481	0.1579	27	19
IS4 transposase	0.003936670946943915	0.9499712389222807	1	COMMENSAL	COG3385	GC_00000050, GC_00000089, GC_00004574, GC_00004785, GC_00005191, GC_00005289, GC_00006173, GC_00007990, GC_00008150, GC_00008537, GC_00008862, GC_00012067	0.8889	0.8947	27	19
Phage antirepressor protein YoqD, KilAC domain	0.003936670946943915	0.9499712389222807	1	COMMENSAL	COG3645	GC_00003402, GC_00006916, GC_00008059	0.8889	0.8947	27	19
ABC-type uncharacterized transport system, permease and ATPase components	0.003936670946943915	0.9499712389222807	1	COMMENSAL	COG4178	GC_00003503, GC_00009099	0.8889	0.8947	27	19
Purine nucleoside phosphorylase	1.8188360243143488e-4	0.9892397175812087	1	COMMENSAL	COG0005	GC_00003892	0.6296	0.6316	27	19
Phenylpyruvate tautomerase PptA, 4-oxalocrotonate tautomerase family	1.8188360243143488e-4	0.9892397175812087	1	COMMENSAL	COG1942	GC_00003876	0.6296	0.6316	27	19
Cyanate lyase	1.8188360243143488e-4	0.9892397175812087	1	COMMENSAL	COG1513	GC_00003886	0.6296	0.6316	27	19
p-Aminobenzoyl-glutamate transporter AbgT	1.8188360243143488e-4	0.9892397175812087	1	COMMENSAL	COG2978	GC_00003728	0.6296	0.6316	27	19
N-acetyl-anhydromuramyl-L-alanine amidase AmpD	0	1	1	NA	COG3023	GC_00002003, GC_00002754	1	1	27	19
L-lactate permease	0	1	1	NA	COG1620	GC_00001284, GC_00003562, GC_00006166, GC_00010020	1	1	27	19
Pyruvate/2-oxoglutarate dehydrogenase complex, dihydrolipoamide acyltransferase (E2) component	0	1	1	NA	COG0508	GC_00000213, GC_00001491, GC_00004571	1	1	27	19
Glycerophosphoryl diester phosphodiesterase	0	1	1	NA	COG0584	GC_00002342, GC_00002989	1	1	27	19
Phosphotransferase system, galactitol-specific IIB component	0	1	1	NA	COG3414	GC_00001280, GC_00003394, GC_00004116, GC_00004771, GC_00005556, GC_00005594, GC_00008334, GC_00008519	1	1	27	19
Ribosomal protein L21	0	1	1	NA	COG0261	GC_00000546	1	1	27	19
Enoyl-[acyl-carrier-protein] reductase (NADH)	0	1	1	NA	COG0623	GC_00001229	1	1	27	19
Ribosomal protein L16/L10AE	0	1	1	NA	COG0197	GC_00000590	1	1	27	19
Glycine/D-amino acid oxidase (deaminating)!!!tRNA U34 5-methylaminomethyl-2-thiouridine-forming methyltransferase MnmC	0	1	1	NA	COG0665!!!COG4121	GC_00002835	1	1	27	19
UDP-2,3-diacylglucosamine pyrophosphatase LpxH	0	1	1	NA	COG2908	GC_00002866	1	1	27	19
RNA-binding protein YhbY	0	1	1	NA	COG1534	GC_00000607	1	1	27	19
UDP:flavonoid glycosyltransferase YjiC, YdhE family	0	1	1	NA	COG1819	GC_00002960, GC_00005208, GC_00005397	1	1	27	19
Cold shock protein, CspA family	0	1	1	NA	COG1278	GC_00000027, GC_00000070, GC_00000075, GC_00000737, GC_00004588, GC_00009059, GC_00011635	1	1	27	19
Polyprenyltransferase (heme O synthase)	0	1	1	NA	COG0109	GC_00001250	1	1	27	19
Murein L,D-transpeptidase YcbB/YkuD	0	1	1	NA	COG2989	GC_00002995	1	1	27	19
Glutamine phosphoribosylpyrophosphate amidotransferase	0	1	1	NA	COG0034	GC_00001806	1	1	27	19
Type II secretory pathway ATPase GspE/PulE or T4P pilus assembly pathway ATPase PilB	0	1	1	NA	COG2804	GC_00000428, GC_00003837, GC_00003996, GC_00005757, GC_00007504, GC_00008226, GC_00008822, GC_00010333, GC_00012044	1	1	27	19
Ribosomal protein S14	0	1	1	NA	COG0199	GC_00000662	1	1	27	19
Fe-S oxidoreductase	0	1	1	NA	COG0247	GC_00002156, GC_00003146, GC_00003534	1	1	27	19
Predicted metalloprotease	0	1	1	NA	COG2321	GC_00000933	1	1	27	19
Tagatose-1,6-bisphosphate aldolase non-catalytic subunit AgaZ/GatZ	0	1	1	NA	COG4573	GC_00000502, GC_00000521	1	1	27	19
Ribulose-5-phosphate 4-epimerase/Fuculose-1-phosphate aldolase	0	1	1	NA	COG0235	GC_00000168, GC_00002752, GC_00002769, GC_00003235, GC_00003569, GC_00003650, GC_00006113	1	1	27	19
Pyridoxine 5'-phosphate synthase PdxJ	0	1	1	NA	COG0854	GC_00001684	1	1	27	19
Adenylyl- and sulfurtransferase ThiI, participates in tRNA 4-thiouridine and thiamine biosynthesis!!!Rhodanese-related sulfurtransferase	0	1	1	NA	COG0301!!!COG0607	GC_00000439	1	1	27	19
Two-component response regulator, PleD family, consists of two REC domains and a diguanylate cyclase (GGDEF) domain	0	1	1	NA	COG3706	GC_00000474, GC_00000491, GC_00000517, GC_00001728, GC_00003602, GC_00003820, GC_00008534	1	1	27	19
Stringent starvation protein B	0	1	1	NA	COG2969	GC_00001637	1	1	27	19
Tartrate dehydratase beta subunit/Fumarate hydratase class I, C-terminal domain	0	1	1	NA	COG1838	GC_00001147	1	1	27	19
ABC-type phosphate transport system, ATPase component	0	1	1	NA	COG1117	GC_00000529	1	1	27	19
Fructose-1-phosphate kinase or kinase (PfkB)	0	1	1	NA	COG1105	GC_00000903, GC_00002234	1	1	27	19
ABC-type multidrug transport system, permease component	0	1	1	NA	COG0842	GC_00000817, GC_00001131, GC_00001226	1	1	27	19
Membrane protein required for beta-lactamase induction	0	1	1	NA	COG3725	GC_00001993	1	1	27	19
AICAR transformylase/IMP cyclohydrolase PurH	0	1	1	NA	COG0138	GC_00002560	1	1	27	19
Predicted flavoprotein YhiN	0	1	1	NA	COG2081	GC_00002853	1	1	27	19
Phosphotransferase system, mannitol-specific IIBC component!!!Mannitol/fructose-specific phosphotransferase system, IIA domain	0	1	1	NA	COG2213!!!COG4668	GC_00002280	1	1	27	19
Carbonic anhydrase or acetyltransferase, isoleucine patch superfamily	0	1	1	NA	COG0663	GC_00001292, GC_00002617, GC_00003253, GC_00004234	1	1	27	19
5'-deoxynucleotidase YfbR and related HD superfamily hydrolases	0	1	1	NA	COG1896	GC_00001860, GC_00003866, GC_00010006	1	1	27	19
Translation initiation factor IF-2, a GTPase!!!Membrane protein involved in colicin uptake	0	1	1	NA	COG0532!!!COG3064	GC_00001434	1	1	27	19
Predicted ATPase with chaperone activity	0	1	1	NA	COG0606	GC_00000396, GC_00009659	1	1	27	19
Membrane-bound lytic murein transglycosylase B	0	1	1	NA	COG2951	GC_00002656	1	1	27	19
Peptidyl-prolyl cis-trans isomerase (rotamase) - cyclophilin family	0	1	1	NA	COG0652	GC_00002008, GC_00003051, GC_00010162	1	1	27	19
CubicO group peptidase, beta-lactamase class C family	0	1	1	NA	COG1680	GC_00000513, GC_00003124, GC_00003964, GC_00005478	1	1	27	19
Predicted transcriptional regulator	0	1	1	NA	COG3905	GC_00001489, GC_00001697, GC_00003624, GC_00003692, GC_00004908, GC_00005923, GC_00008252	1	1	27	19
Putative effector of murein hydrolase	0	1	1	NA	COG1346	GC_00001121, GC_00004691	1	1	27	19
Cytoskeletal protein RodZ, contains Xre-like HTH and DUF4115 domains	0	1	1	NA	COG1426	GC_00002689, GC_00007865	1	1	27	19
Phosphotransferase system IIA component	0	1	1	NA	COG2190	GC_00000824	1	1	27	19
Quinolinate synthase	0	1	1	NA	COG0379	GC_00002661	1	1	27	19
Gamma-glutamyl phosphate reductase	0	1	1	NA	COG0014	GC_00002898	1	1	27	19
Membrane-bound lytic murein transglycosylase MltF	0	1	1	NA	COG4623	GC_00002178	1	1	27	19
Sugar phosphate isomerase/epimerase	0	1	1	NA	COG1082	GC_00003204, GC_00003626, GC_00003908, GC_00004031, GC_00009773, GC_00009866	1	1	27	19
Uroporphyrinogen-III methylase (siroheme synthase)!!!Siroheme synthase (precorrin-2 oxidase/ferrochelatase domain)	0	1	1	NA	COG0007!!!COG1648	GC_00001800	1	1	27	19
Uncharacterized membrane protein YciS, DUF1049 family	0	1	1	NA	COG3771	GC_00001782	1	1	27	19
ABC-type transporter Mla maintaining outer membrane lipid asymmetry, MlaB component, contains STAS domain	0	1	1	NA	COG3113	GC_00001420	1	1	27	19
Ethanolamine ammonia-lyase, large subunit	0	1	1	NA	COG4303	GC_00000203	1	1	27	19
DNA-binding transcriptional regulator, ArsR family	0	1	1	NA	COG0640	GC_00001463, GC_00003878, GC_00005016, GC_00005428, GC_00005825, GC_00006803, GC_00007475, GC_00008492, GC_00011331, GC_00011886	1	1	27	19
ABC-type proline/glycine betaine transport system, permease component	0	1	1	NA	COG1174	GC_00001810, GC_00002341, GC_00002974	1	1	27	19
S-adenosylmethionine:tRNA-ribosyltransferase-isomerase (queuine synthetase)	0	1	1	NA	COG0809	GC_00001736	1	1	27	19
Tartrate dehydratase alpha subunit/Fumarate hydratase class I, N-terminal domain	0	1	1	NA	COG1951	GC_00002040	1	1	27	19
Glucose/arabinose dehydrogenase, beta-propeller fold	0	1	1	NA	COG2133	GC_00002688	1	1	27	19
Opacity protein and related surface antigens	0	1	1	NA	COG3637	GC_00000010, GC_00000570, GC_00005313, GC_00006079, GC_00006147, GC_00006155, GC_00006581, GC_00007698, GC_00007863, GC_00008619, GC_00009911, GC_00010049, GC_00010201, GC_00011395	1	1	27	19
Uncharacterized protein YjfI, DUF2170 family	0	1	1	NA	COG3789	GC_00002089	1	1	27	19
Cobalamin synthase	0	1	1	NA	COG0368	GC_00002438	1	1	27	19
Predicted Zn-dependent metalloprotease, SprT family	0	1	1	NA	COG3091	GC_00002128, GC_00011217, GC_00011343, GC_00012146	1	1	27	19
ATP-, maltotriose- and DNA-dependent transcriptional regulator MalT	0	1	1	NA	COG2909	GC_00002330	1	1	27	19
ABC-type arginine/histidine transport system, permease component	0	1	1	NA	COG4160	GC_00000784, GC_00000830	1	1	27	19
Superfamily II DNA or RNA helicase, SNF2 family	0	1	1	NA	COG0553	GC_00001584, GC_00005505, GC_00007066, GC_00007847, GC_00007974, GC_00010718, GC_00010914	1	1	27	19
4-hydroxy-L-threonine phosphate dehydrogenase PdxA	0	1	1	NA	COG1995	GC_00002501, GC_00004606, GC_00008025	1	1	27	19
Large-conductance mechanosensitive channel	0	1	1	NA	COG1970	GC_00001481	1	1	27	19
tRNA A37 threonylcarbamoyladenosine dehydratase	0	1	1	NA	COG1179	GC_00001966	1	1	27	19
NADH:ubiquinone oxidoreductase subunit 11 or 4L (chain K)	0	1	1	NA	COG0713	GC_00000562	1	1	27	19
Cell division protein YceG, involved in septum cleavage	0	1	1	NA	COG1559	GC_00001395	1	1	27	19
Uncharacterized membrane protein, BrkB/YihY/UPF0761 family (not an RNase)	0	1	1	NA	COG1295	GC_00000998, GC_00001490	1	1	27	19
Transcription antitermination factor NusA, contains S1 and KH domains	0	1	1	NA	COG0195	GC_00001112	1	1	27	19
Porphobilinogen deaminase	0	1	1	NA	COG0181	GC_00002790	1	1	27	19
Methionine synthase II (cobalamin-independent)	0	1	1	NA	COG0620	GC_00002943	1	1	27	19
Membrane-anchored ribosome-binding protein, inhibits growth in stationary phase, ElaB/YqjD/DUF883 family	0	1	1	NA	COG4575	GC_00000660, GC_00000812, GC_00000975	1	1	27	19
Protein affecting phage T7 exclusion by the F plasmid, UPF0716 family	0	1	1	NA	COG3030	GC_00001661	1	1	27	19
Outer membrane translocation and assembly module TamA	0	1	1	NA	COG0729	GC_00001963	1	1	27	19
Isochorismate hydrolase!!!Aryl carrier domain	0	1	1	NA	COG1535!!!COG3433	GC_00000341	1	1	27	19
DNA-binding response regulator, OmpR family, contains REC and winged-helix (wHTH) domain!!!Arginine/lysine/ornithine decarboxylase	0	1	1	NA	COG0745!!!COG1982	GC_00000478	1	1	27	19
Succinyl-CoA synthetase, alpha subunit	0	1	1	NA	COG0074	GC_00000255, GC_00000786, GC_00002908, GC_00003255, GC_00004195, GC_00004303, GC_00004515	1	1	27	19
Predicted PurR-regulated permease PerM	0	1	1	NA	COG0628	GC_00000211, GC_00001349, GC_00001677, GC_00002042, GC_00010331	1	1	27	19
Amino acid transporter	0	1	1	NA	COG0531	GC_00000298, GC_00000902, GC_00001028, GC_00001390, GC_00001646, GC_00001932, GC_00002305, GC_00002767, GC_00003157, GC_00003368, GC_00003804, GC_00003835, GC_00004020, GC_00007301, GC_00007341, GC_00007929, GC_00009197	1	1	27	19
Broad specificity phosphatase PhoE	0	1	1	NA	COG0406	GC_00000476, GC_00001323, GC_00002213, GC_00006475, GC_00010703	1	1	27	19
ABC-type transporter Mla maintaining outer membrane lipid asymmetry, permease component MlaE	0	1	1	NA	COG0767	GC_00000627	1	1	27	19
Paraquat-inducible protein B	0	1	1	NA	COG3008	GC_00002699	1	1	27	19
Shikimate 5-dehydrogenase	0	1	1	NA	COG0169	GC_00001945, GC_00002485, GC_00007469	1	1	27	19
Uncharacterized conserved protein YccT, UPF0319 family	0	1	1	NA	COG3110	GC_00000804	1	1	27	19
Predicted Ser/Thr protein kinase	0	1	1	NA	COG2766	GC_00000927	1	1	27	19
Pilin (type 1 fimbria component protein)	0	1	1	NA	COG3539	GC_00003313, GC_00003389, GC_00003392, GC_00003406, GC_00003451, GC_00003464, GC_00003500, GC_00003506, GC_00003530, GC_00003538, GC_00003604, GC_00003622, GC_00003785, GC_00003788, GC_00003829, GC_00003831, GC_00003847, GC_00003877, GC_00003890, GC_00003894, GC_00003895, GC_00003948, GC_00003987, GC_00004090, GC_00004211, GC_00004222, GC_00004277, GC_00004281, GC_00004322, GC_00004481, GC_00004543, GC_00004551, GC_00004569, GC_00004607, GC_00004638, GC_00004750, GC_00004786, GC_00004796, GC_00004823, GC_00004849, GC_00004852, GC_00004853, GC_00004866, GC_00005008, GC_00005013, GC_00005026, GC_00005037, GC_00005040, GC_00005064, GC_00005065, GC_00005102, GC_00005164, GC_00005357, GC_00005388, GC_00005568, GC_00005597, GC_00005606, GC_00005655, GC_00005679, GC_00005695, GC_00005696, GC_00005705, GC_00005743, GC_00005745, GC_00005747, GC_00005761, GC_00005768, GC_00005770, GC_00005963, GC_00005981, GC_00005991, GC_00006005, GC_00006007, GC_00006030, GC_00006040, GC_00006087, GC_00006101, GC_00006126, GC_00006226, GC_00006282, GC_00006308, GC_00006394, GC_00006437, GC_00006662, GC_00006730, GC_00006815, GC_00006855, GC_00006857, GC_00006893, GC_00006898, GC_00006957, GC_00006968, GC_00007146, GC_00007197, GC_00007246, GC_00007267, GC_00007279, GC_00007296, GC_00007299, GC_00007373, GC_00007411, GC_00007508, GC_00007630, GC_00007680, GC_00007683, GC_00007780, GC_00007824, GC_00007916, GC_00007942, GC_00007966, GC_00008130, GC_00008176, GC_00008305, GC_00008326, GC_00008349, GC_00008352, GC_00008394, GC_00008870, GC_00008969, GC_00009096, GC_00009302, GC_00009359, GC_00009479, GC_00009702, GC_00009761, GC_00009988, GC_00010073, GC_00010279, GC_00010283, GC_00010439, GC_00010522, GC_00010855, GC_00010945, GC_00011173, GC_00011352, GC_00011697, GC_00011820, GC_00012051, GC_00012105, GC_00012132	1	1	27	19
Na+-translocating ferredoxin:NAD+ oxidoreductase  RNF, RnfC subunit	0	1	1	NA	COG4656	GC_00002946, GC_00006596	1	1	27	19
NAD/NADP transhydrogenase alpha subunit	0	1	1	NA	COG3288	GC_00002265	1	1	27	19
Molybdopterin-guanine dinucleotide biosynthesis protein A	0	1	1	NA	COG0746	GC_00002720	1	1	27	19
Glycine/D-amino acid oxidase (deaminating)	0	1	1	NA	COG0665	GC_00001206, GC_00002735, GC_00003825	1	1	27	19
Na+/panthothenate symporter	0	1	1	NA	COG4145	GC_00001616	1	1	27	19
NADH dehydrogenase/NADH:ubiquinone oxidoreductase 75 kD subunit (chain G)	0	1	1	NA	COG1034	GC_00002786	1	1	27	19
Thiol-disulfide isomerase or thioredoxin	0	1	1	NA	COG0526	GC_00000946, GC_00005422, GC_00006731, GC_00006832, GC_00010273, GC_00010352	1	1	27	19
Exonuclease III	0	1	1	NA	COG0708	GC_00002015	1	1	27	19
Prolipoprotein diacylglyceryltransferase	0	1	1	NA	COG0682	GC_00000759	1	1	27	19
Acetyl esterase/lipase	0	1	1	NA	COG0657	GC_00002779, GC_00004178, GC_00006104, GC_00006202, GC_00006615	1	1	27	19
Lipopolysaccharide export system protein LptA	0	1	1	NA	COG1934	GC_00000860	1	1	27	19
Phosphoribosylpyrophosphate synthetase	0	1	1	NA	COG0462	GC_00000735	1	1	27	19
Phage shock protein A	0	1	1	NA	COG1842	GC_00001208, GC_00001408, GC_00011103, GC_00011434	1	1	27	19
Uncharacterized conserved protein YggE, contains kinase-interacting SIMPL domain	0	1	1	NA	COG2968	GC_00001346	1	1	27	19
Sugar kinase of the NBD/HSP70 family, may contain an N-terminal HTH domain	0	1	1	NA	COG1940	GC_00000164, GC_00001540, GC_00001954, GC_00002936, GC_00002978, GC_00003774, GC_00004337, GC_00006141	1	1	27	19
Periplasmic catabolite regulation protein CreA (function unknown)	0	1	1	NA	COG3045	GC_00000606	1	1	27	19
Ribosomal protein L28	0	1	1	NA	COG0227	GC_00000533	1	1	27	19
Coproporphyrinogen III oxidase or related Fe-S oxidoreductase	0	1	1	NA	COG0635	GC_00001647, GC_00002963, GC_00003963, GC_00011748	1	1	27	19
23S rRNA A2030 N6-methylase RlmJ	0	1	1	NA	COG2961	GC_00001687	1	1	27	19
Cell division ATPase FtsA	0	1	1	NA	COG0849	GC_00000592, GC_00004916, GC_00006586	1	1	27	19
NADH pyrophosphatase NudC, Nudix superfamily	0	1	1	NA	COG2816	GC_00001986	1	1	27	19
23S rRNA C2498 (ribose-2'-O)-methylase RlmM	0	1	1	NA	COG2933	GC_00001387	1	1	27	19
L-lysine 2,3-aminomutase (EF-P beta-lysylation pathway)	0	1	1	NA	COG1509	GC_00000485	1	1	27	19
Choline-glycine betaine transporter	0	1	1	NA	COG1292	GC_00001972, GC_00003279, GC_00003761, GC_00004936, GC_00006510	1	1	27	19
Cytochrome c peroxidase	0	1	1	NA	COG1858	GC_00000233	1	1	27	19
Periplasmic beta-glucosidase and related glycosidases	0	1	1	NA	COG1472	GC_00002800, GC_00002973	1	1	27	19
Ethanolamine utilization protein EutJ, possible chaperonin	0	1	1	NA	COG4820	GC_00002423, GC_00007336	1	1	27	19
Folate-dependent phosphoribosylglycinamide formyltransferase PurN	0	1	1	NA	COG0299	GC_00002052	1	1	27	19
Predicted membrane GTPase involved in stress response	0	1	1	NA	COG1217	GC_00000732	1	1	27	19
Uncharacterized conserved protein YafD, endonuclease/exonuclease/phosphatase (EEP) superfamily	0	1	1	NA	COG3021	GC_00001325, GC_00011804	1	1	27	19
Bifunctional PLP-dependent enzyme with beta-cystathionase and maltose regulon repressor activities	0	1	1	NA	COG1168	GC_00002747, GC_00004382, GC_00005583, GC_00006091	1	1	27	19
Isocitrate dehydrogenase kinase/phosphatase	0	1	1	NA	COG4579	GC_00002575	1	1	27	19
Isocitrate/isopropylmalate dehydrogenase	0	1	1	NA	COG0473	GC_00003142, GC_00003807	1	1	27	19
L-fucose mutarotase/ribose pyranase, RbsD/FucU family	0	1	1	NA	COG4154	GC_00000682	1	1	27	19
NADH-FMN oxidoreductase RutF, flavin reductase (DIM6/NTAB) family	0	1	1	NA	COG1853	GC_00000126, GC_00001951, GC_00004879	1	1	27	19
UDP-N-acetylenolpyruvoylglucosamine reductase	0	1	1	NA	COG0812	GC_00002662	1	1	27	19
Preprotein translocase subunit SecF	0	1	1	NA	COG0341	GC_00000523	1	1	27	19
3-dehydroquinate dehydratase	0	1	1	NA	COG0710	GC_00002547	1	1	27	19
Glycine cleavage system T protein (aminomethyltransferase)	0	1	1	NA	COG0404	GC_00001914, GC_00005806	1	1	27	19
Dihydrodipicolinate reductase	0	1	1	NA	COG0289	GC_00002026	1	1	27	19
Hydroxyethylthiazole kinase, sugar kinase family	0	1	1	NA	COG2145	GC_00002527	1	1	27	19
Molybdopterin-guanine dinucleotide biosynthesis protein	0	1	1	NA	COG1763	GC_00002117	1	1	27	19
Pseudouridine-5'-phosphate glycosidase (pseudoU degradation)	0	1	1	NA	COG2313	GC_00000189	1	1	27	19
Formate-dependent phosphoribosylglycinamide formyltransferase (GAR transformylase)	0	1	1	NA	COG0027	GC_00000411	1	1	27	19
Uncharacterized membrane protein	0	1	1	NA	COG3650	GC_00001714, GC_00004371, GC_00005378, GC_00005483, GC_00006301, GC_00007260, GC_00007812, GC_00008976	1	1	27	19
Holliday junction resolvasome RuvABC DNA-binding subunit	0	1	1	NA	COG0632	GC_00001092	1	1	27	19
Acyl-CoA thioesterase	0	1	1	NA	COG1946	GC_00001399	1	1	27	19
Uncharacterized membrane protein, required for colicin V production	0	1	1	NA	COG1286	GC_00001291	1	1	27	19
CO or xanthine dehydrogenase, Mo-binding subunit!!!Aerobic-type carbon monoxide dehydrogenase, small subunit, CoxS/CutS family	0	1	1	NA	COG1529!!!COG2080	GC_00000232	1	1	27	19
tRNA nucleotidyltransferase/poly(A) polymerase	0	1	1	NA	COG0617	GC_00001422, GC_00002349	1	1	27	19
DNA-directed RNA polymerase, beta subunit/140 kD subunit	0	1	1	NA	COG0085	GC_00000906	1	1	27	19
Methionyl-tRNA formyltransferase!!!Nucleoside-diphosphate-sugar epimerase	0	1	1	NA	COG0223!!!COG0451	GC_00002639	1	1	27	19
NADPH-dependent glutamate synthase beta chain or related oxidoreductase!!!Ferredoxin	0	1	1	NA	COG0493!!!COG1145	GC_00000256	1	1	27	19
Polyisoprenoid-binding periplasmic protein YceI	0	1	1	NA	COG2353	GC_00001430	1	1	27	19
RNA 3'-terminal phosphate cyclase	0	1	1	NA	COG0430	GC_00002927	1	1	27	19
Acetylglutamate kinase!!!N-acetylglutamate synthase or related acetyltransferase, GNAT family	0	1	1	NA	COG0548!!!COG1246	GC_00001156	1	1	27	19
Non-canonical (house-cleaning) NTP pyrophosphatase, all-alpha NTP-PPase family	0	1	1	NA	COG1986	GC_00002654	1	1	27	19
N-acetylmuramoyl-L-alanine amidase	0	1	1	NA	COG0860	GC_00000269, GC_00002466, GC_00002855	1	1	27	19
Aspartate ammonia-lyase	0	1	1	NA	COG1027	GC_00000828, GC_00007620	1	1	27	19
NADPH-dependent 2,4-dienoyl-CoA reductase, sulfur reductase, or a related oxidoreductase!!!2,4-dienoyl-CoA reductase or related NADH-dependent reductase, Old Yellow Enzyme (OYE) family	0	1	1	NA	COG0446!!!COG1902	GC_00002623	1	1	27	19
GGDEF domain, diguanylate cyclase (c-di-GMP synthetase) or its enzymatically inactive variants!!!EAL domain, c-di-GMP-specific phosphodiesterase class I (or its enzymatically inactive variant)	0	1	1	NA	COG2199!!!COG2200	GC_00000152, GC_00002572, GC_00002618, GC_00002664	1	1	27	19
Alpha-D-ribose 1-methylphosphonate 5-triphosphate synthase subunit PhnH	0	1	1	NA	COG3625	GC_00002488	1	1	27	19
Acetolactate synthase small subunit, contains ACT domain	0	1	1	NA	COG3978	GC_00000621	1	1	27	19
Phosphopantetheine adenylyltransferase!!!Transcriptional regulator, contains XRE-family HTH domain!!!Nicotinamide riboside kinase	0	1	1	NA	COG0669!!!COG1396!!!COG3172	GC_00002425	1	1	27	19
Predicted hydrolase of the alpha/beta-hydrolase fold	0	1	1	NA	COG0429	GC_00002649	1	1	27	19
Uridine phosphorylase	0	1	1	NA	COG2820	GC_00002059	1	1	27	19
Phosphoribosylcarboxyaminoimidazole (NCAIR) mutase	0	1	1	NA	COG0041	GC_00001222	1	1	27	19
Sulfur transfer complex TusBCD TusB component, DsrH family	0	1	1	NA	COG2168	GC_00001961	1	1	27	19
dGTP triphosphohydrolase	0	1	1	NA	COG0232	GC_00002511, GC_00009018, GC_00009079	1	1	27	19
Predicted small periplasmic lipoprotein YifL (function unknown0	0	1	1	NA	COG5567	GC_00000880	1	1	27	19
DNA-directed RNA polymerase, subunit K/omega	0	1	1	NA	COG1758	GC_00000609	1	1	27	19
Anaerobic C4-dicarboxylate transporter	0	1	1	NA	COG2704	GC_00000819, GC_00000928, GC_00008518, GC_00009964, GC_00011502, GC_00011767	1	1	27	19
Recombinational DNA repair protein RecR	0	1	1	NA	COG0353	GC_00000851	1	1	27	19
Acyl carrier protein phosphodiesterase	0	1	1	NA	COG3124	GC_00002168	1	1	27	19
Nitrate/nitrite transporter NarK	0	1	1	NA	COG2223	GC_00000240, GC_00000449, GC_00001227, GC_00001378, GC_00002326, GC_00002429, GC_00003114, GC_00004205, GC_00004380	1	1	27	19
Mannose-6-phosphate isomerase, class I	0	1	1	NA	COG1482	GC_00002982	1	1	27	19
Folate-binding Fe-S cluster repair protein YgfZ, possible role in tRNA modification	0	1	1	NA	COG0354	GC_00002215	1	1	27	19
Cell shape-determining protein MreD	0	1	1	NA	COG2891	GC_00000683	1	1	27	19
Cell division protein FtsL, interacts with FtsB, FtsL and FtsQ	0	1	1	NA	COG3116	GC_00000538	1	1	27	19
tRNA/tmRNA/rRNA uracil-C5-methylase, TrmA/RlmC/RlmD family	0	1	1	NA	COG2265	GC_00002078, GC_00002739, GC_00002920	1	1	27	19
DNA-binding transcriptional regulator, LacI/PurR family!!!AraC-type DNA-binding domain and AraC-containing proteins	0	1	1	NA	COG1609!!!COG2207	GC_00000272	1	1	27	19
Tetratricopeptide (TPR) repeat!!!Negative regulator of GroEL, contains thioredoxin-like and TPR-like domains	0	1	1	NA	COG0457!!!COG3118	GC_00000192	1	1	27	19
Thymidine kinase	0	1	1	NA	COG1435	GC_00002207	1	1	27	19
Beta-glucosidase/6-phospho-beta-glucosidase/beta-galactosidase	0	1	1	NA	COG2723	GC_00002711, GC_00003633, GC_00003665, GC_00004144	1	1	27	19
Maltoporin (phage lambda and maltose receptor)	0	1	1	NA	COG4580	GC_00002220, GC_00003639, GC_00004155, GC_00005410	1	1	27	19
Membrane protein insertase Oxa1/YidC/SpoIIIJ, required for the localization of integral membrane proteins	0	1	1	NA	COG0706	GC_00001183	1	1	27	19
Heme exporter protein D	0	1	1	NA	COG3114	GC_00000553	1	1	27	19
Phosphoenolpyruvate carboxylase	0	1	1	NA	COG2352	GC_00001866	1	1	27	19
Phosphotransferase system, mannose/fructose/N-acetylgalactosamine-specific component IIB	0	1	1	NA	COG3444	GC_00001517, GC_00003123, GC_00003873, GC_00006829, GC_00007429, GC_00011949	1	1	27	19
Diadenosine tetraphosphatase ApaH/serine/threonine protein phosphatase, PP2A family	0	1	1	NA	COG0639	GC_00002306, GC_00002578, GC_00003347, GC_00004206, GC_00007815, GC_00008783, GC_00012054	1	1	27	19
Ketol-acid reductoisomerase	0	1	1	NA	COG0059	GC_00002351	1	1	27	19
Outer membrane protein TolC	0	1	1	NA	COG1538	GC_00000483, GC_00001702, GC_00002718, GC_00002952, GC_00003986, GC_00005355, GC_00006580, GC_00006678, GC_00009501	1	1	27	19
Regulator of sirC expression, contains transglutaminase-like and TPR domains	0	1	1	NA	COG2912	GC_00001251	1	1	27	19
Adenylosuccinate synthase	0	1	1	NA	COG0104	GC_00000274	1	1	27	19
16S rRNA C967 or C1407 C5-methylase, RsmB/RsmF family!!!Ribosome biogenesis protein, NOL1/NOP2/fmu family	0	1	1	NA	COG0144!!!COG3270	GC_00003014	1	1	27	19
Tryptophan synthase alpha chain	0	1	1	NA	COG0159	GC_00002390	1	1	27	19
23S rRNA pseudoU1915 N3-methylase RlmH	0	1	1	NA	COG1576	GC_00000263	1	1	27	19
Fe-S-cluster-containing dehydrogenase component	0	1	1	NA	COG0437	GC_00000030, GC_00000031, GC_00001534, GC_00001538, GC_00001565, GC_00002391, GC_00006049, GC_00010172, GC_00011713	1	1	27	19
Ni,Fe-hydrogenase III small subunit	0	1	1	NA	COG3260	GC_00001824, GC_00003781	1	1	27	19
Nitrate reductase alpha subunit	0	1	1	NA	COG5013	GC_00000038	1	1	27	19
Cell wall-associated hydrolase, NlpC family	0	1	1	NA	COG0791	GC_00000811, GC_00002018, GC_00002097, GC_00002895, GC_00002935	1	1	27	19
Dehydrogenase (flavoprotein)	0	1	1	NA	COG0644	GC_00001452, GC_00002680, GC_00002941, GC_00003246, GC_00006359, GC_00006487	1	1	27	19
3-oxoacyl-[acyl-carrier-protein] synthase III	0	1	1	NA	COG0332	GC_00001219, GC_00005269	1	1	27	19
RNase P protein component	0	1	1	NA	COG0594	GC_00001057	1	1	27	19
ABC-type methionine transport system, permease component	0	1	1	NA	COG2011	GC_00001641	1	1	27	19
Sensor histidine kinase, LytS/YehU family	0	1	1	NA	COG3275	GC_00001271, GC_00001493, GC_00003671	1	1	27	19
Small-conductance mechanosensitive channel	0	1	1	NA	COG0668	GC_00001624, GC_00002261, GC_00002388, GC_00003106	1	1	27	19
Phosphotransferase system cellobiose-specific component IIA	0	1	1	NA	COG1447	GC_00001078, GC_00004219	1	1	27	19
Chaperonin GroEL (HSP60 family)	0	1	1	NA	COG0459	GC_00000790	1	1	27	19
DNA polymerase III, psi subunit	0	1	1	NA	COG3050	GC_00000349	1	1	27	19
CMP-2-keto-3-deoxyoctulosonic acid synthetase	0	1	1	NA	COG1212	GC_00002471, GC_00004247	1	1	27	19
Uncharacterized membrane protein YebE, DUF533 family	0	1	1	NA	COG2979	GC_00002526	1	1	27	19
Ferric iron reductase protein FhuF, involved in iron transport	0	1	1	NA	COG4114	GC_00000235	1	1	27	19
Pentose-5-phosphate-3-epimerase	0	1	1	NA	COG0036	GC_00000672, GC_00003754, GC_00004789, GC_00008834	1	1	27	19
Uncharacterized conserved protein YggT, Ycf19 family	0	1	1	NA	COG0762	GC_00000864	1	1	27	19
Methylglyoxal synthase	0	1	1	NA	COG1803	GC_00001468	1	1	27	19
Nitroreductase	0	1	1	NA	COG0778	GC_00001622, GC_00002162, GC_00002310, GC_00002828, GC_00009823	1	1	27	19
DNA-binding transcriptional regulator, IscR family	0	1	1	NA	COG1959	GC_00000982, GC_00001302	1	1	27	19
Plasmid maintenance system antidote protein VapI, contains XRE-type HTH domain	0	1	1	NA	COG3093	GC_00001129, GC_00003450, GC_00010143, GC_00010159, GC_00010282	1	1	27	19
ABC-type sugar transport system, periplasmic component, contains N-terminal xre family HTH domain	0	1	1	NA	COG1879	GC_00000202, GC_00000328, GC_00001707, GC_00002608, GC_00002684, GC_00003074, GC_00003756, GC_00003822, GC_00004220, GC_00004446, GC_00005662, GC_00007176, GC_00007506	1	1	27	19
Putative hemolysin	0	1	1	NA	COG3042	GC_00001546, GC_00003042	1	1	27	19
Soluble lytic murein transglycosylase and related regulatory proteins (some contain LysM/invasin domains)!!!LysM repeat	0	1	1	NA	COG0741!!!COG1388	GC_00000295	1	1	27	19
Phosphoglycerol transferase MdoB or a related enzyme of AlkP superfamily	0	1	1	NA	COG1368	GC_00002799, GC_00010986	1	1	27	19
Environmental sensor c-di-GMP phosphodiesterase, contains periplasmic CSS-motif sensor and cytoplasmic EAL domain	0	1	1	NA	COG4943	GC_00000187, GC_00002965, GC_00005740, GC_00011283	1	1	27	19
L-ribulose-5-phosphate 3-epimerase UlaE	0	1	1	NA	COG3623	GC_00002361, GC_00003578	1	1	27	19
Ribosomal protein S6	0	1	1	NA	COG0360	GC_00000993, GC_00010171	1	1	27	19
Aspartate oxidase	0	1	1	NA	COG0029	GC_00000499	1	1	27	19
DNA-binding protein Fis (factor for inversion stimulation)	0	1	1	NA	COG2901	GC_00000623	1	1	27	19
Ribosomal protein L7/L12	0	1	1	NA	COG0222	GC_00000692	1	1	27	19
Phosphate starvation-inducible protein PhoH, predicted ATPase	0	1	1	NA	COG1702	GC_00000528, GC_00001980	1	1	27	19
3-methyladenine DNA glycosylase Tag	0	1	1	NA	COG2818	GC_00002725	1	1	27	19
UDP-N-acetylglucosamine 2-epimerase	0	1	1	NA	COG0381	GC_00001849, GC_00005733, GC_00007607, GC_00009131, GC_00009465, GC_00011694, GC_00011848	1	1	27	19
dTDP-4-amino-4,6-dideoxygalactose transaminase	0	1	1	NA	COG0399	GC_00002381, GC_00002516, GC_00006322, GC_00006386, GC_00010253	1	1	27	19
DNA-binding transcriptional regulator, MocR family, contains an aminotransferase domain	0	1	1	NA	COG1167	GC_00002612, GC_00003937, GC_00004086, GC_00012062	1	1	27	19
Ribosomal protein L20	0	1	1	NA	COG0292	GC_00000569	1	1	27	19
1,4-dihydroxy-2-naphthoate octaprenyltransferase	0	1	1	NA	COG1575	GC_00001815	1	1	27	19
DMSO reductase anchor subunit	0	1	1	NA	COG3302	GC_00002609, GC_00003177, GC_00005970	1	1	27	19
Fumarate hydratase class II	0	1	1	NA	COG0114	GC_00002505	1	1	27	19
DNA-binding transcriptional regulator, GntR family	0	1	1	NA	COG2188	GC_00001300, GC_00001520, GC_00001982, GC_00002094, GC_00003060, GC_00003545, GC_00003652, GC_00003802, GC_00003899, GC_00004012, GC_00004096, GC_00004114, GC_00004143, GC_00004345, GC_00004560, GC_00005340, GC_00007393, GC_00011579	1	1	27	19
Ketopantoate reductase	0	1	1	NA	COG1893	GC_00000426	1	1	27	19
Methylmalonyl-CoA mutase, N-terminal domain/subunit!!!Methylmalonyl-CoA mutase, C-terminal domain/subunit (cobalamin-binding)	0	1	1	NA	COG1884!!!COG2185	GC_00000179	1	1	27	19
ATP-dependent protease HslVU (ClpYQ), peptidase subunit	0	1	1	NA	COG5405	GC_00000912	1	1	27	19
P pilus assembly protein, chaperone PapD	0	1	1	NA	COG3121	GC_00003400, GC_00003449, GC_00003494, GC_00003527, GC_00003597, GC_00003613, GC_00003821, GC_00003891, GC_00003907, GC_00004001, GC_00004074, GC_00004091, GC_00004275, GC_00004487, GC_00004709, GC_00004824, GC_00004895, GC_00005015, GC_00005070, GC_00005213, GC_00005351, GC_00005369, GC_00005569, GC_00005742, GC_00005751, GC_00005997, GC_00006159, GC_00006461, GC_00006617, GC_00006791, GC_00007012, GC_00008465, GC_00009069, GC_00009285, GC_00009317, GC_00009688, GC_00009700, GC_00009730, GC_00009918, GC_00010318, GC_00010502, GC_00010692, GC_00010990, GC_00011368, GC_00012124	1	1	27	19
Allophanate hydrolase subunit 2	0	1	1	NA	COG1984	GC_00002475	1	1	27	19
DNA-binding transcriptional regulator, MarR family!!!Sugar kinase of the NBD/HSP70 family, may contain an N-terminal HTH domain	0	1	1	NA	COG1846!!!COG1940	GC_00000684	1	1	27	19
Chromosome condensin MukBEF complex, kleisin-like MukF subunit	0	1	1	NA	COG3006	GC_00001813	1	1	27	19
TPR repeat	0	1	1	NA	COG0790	GC_00001315, GC_00003627, GC_00003932, GC_00004089, GC_00004859, GC_00005156, GC_00005637	1	1	27	19
CTP:molybdopterin cytidylyltransferase MocA	0	1	1	NA	COG2068	GC_00002158, GC_00009456	1	1	27	19
Homoserine dehydrogenase!!!Aspartokinase	0	1	1	NA	COG0460!!!COG0527	GC_00002039, GC_00002374	1	1	27	19
Site-specific DNA-adenine methylase	0	1	1	NA	COG0338	GC_00001610, GC_00005277, GC_00007361, GC_00010003, GC_00010510, GC_00010513, GC_00010603, GC_00011827	1	1	27	19
Predicted Na+-dependent transporter	0	1	1	NA	COG0385	GC_00001627	1	1	27	19
Cupin domain protein related to quercetin dioxygenase!!!AraC-type DNA-binding domain and AraC-containing proteins	0	1	1	NA	COG1917!!!COG2207	GC_00000432, GC_00003094, GC_00003148, GC_00004536, GC_00011648	1	1	27	19
Uncharacterized conserved protein YhhL, DUF1145 family	0	1	1	NA	COG3776	GC_00000956	1	1	27	19
Uncharacterized  conserved protein YbaA, DUF1428 family	0	1	1	NA	COG5507	GC_00000986	1	1	27	19
Pyruvate kinase	0	1	1	NA	COG0469	GC_00000989, GC_00001926	1	1	27	19
Outer membrane usher protein FimD/PapC	0	1	1	NA	COG3188	GC_00000139, GC_00000153, GC_00003351, GC_00003417, GC_00003556, GC_00003643, GC_00003663, GC_00003744, GC_00003786, GC_00003934, GC_00004048, GC_00004193, GC_00004667, GC_00004829, GC_00004860, GC_00004917, GC_00004925, GC_00005078, GC_00005268, GC_00005409, GC_00005432, GC_00005802, GC_00006184, GC_00006454, GC_00006507, GC_00006782, GC_00007602, GC_00007647, GC_00008228, GC_00008276, GC_00009173, GC_00009319, GC_00010612, GC_00010830, GC_00011123, GC_00011160, GC_00011369, GC_00012011, GC_00012141	1	1	27	19
4-alpha-glucanotransferase	0	1	1	NA	COG1640	GC_00003024	1	1	27	19
Uncharacterized conserved protein YdgA, DUF945 family	0	1	1	NA	COG5339	GC_00000193, GC_00002548	1	1	27	19
Cell division protein FtsI/penicillin-binding protein 2	0	1	1	NA	COG0768	GC_00000264, GC_00001605	1	1	27	19
tRNA A37 threonylcarbamoyltransferase TsaD	0	1	1	NA	COG0533	GC_00002076	1	1	27	19
Uncharacterized conserved protein YegL, contains vWA domain of TerY type	0	1	1	NA	COG4245	GC_00000448, GC_00009661, GC_00011582, GC_00011608	1	1	27	19
Glycerol uptake facilitator and related aquaporins (Major Intrinsic Protein Family)	0	1	1	NA	COG0580	GC_00000954, GC_00001720, GC_00006605, GC_00010022	1	1	27	19
Glutamate dehydrogenase/leucine dehydrogenase	0	1	1	NA	COG0334	GC_00001999	1	1	27	19
ssRNA-specific RNase YbeY, 16S rRNA maturation enzyme	0	1	1	NA	COG0319	GC_00001762	1	1	27	19
Aldehyde:ferredoxin oxidoreductase	0	1	1	NA	COG2414	GC_00000238	1	1	27	19
Putative Zn-dependent protease, contains TPR repeats	0	1	1	NA	COG4783	GC_00001700, GC_00003345	1	1	27	19
Glutathione S-transferase	0	1	1	NA	COG0625	GC_00000332, GC_00000554, GC_00000992, GC_00001116, GC_00001586, GC_00001889, GC_00002508, GC_00002917, GC_00005512	1	1	27	19
N-acetylglucosamine-6-phosphate deacetylase	0	1	1	NA	COG1820	GC_00001882, GC_00002605	1	1	27	19
Ethanolamine utilization protein EutS, ethanolamine utilization microcompartment shell protein	0	1	1	NA	COG4810	GC_00000971, GC_00006415	1	1	27	19
Acyl-CoA thioesterase FadM	0	1	1	NA	COG0824	GC_00000697, GC_00001841, GC_00004775	1	1	27	19
Signal transduction histidine kinase, nitrate/nitrite-specific!!!Signal transduction histidine kinase	0	1	1	NA	COG3850!!!COG5002	GC_00002457	1	1	27	19
Predicted Rossmann fold nucleotide-binding protein DprA/Smf involved in DNA uptake	0	1	1	NA	COG0758	GC_00000429, GC_00004457, GC_00007799	1	1	27	19
Dihydroneopterin aldolase	0	1	1	NA	COG1539	GC_00000895, GC_00001003	1	1	27	19
Membrane protein involved in colicin uptake	0	1	1	NA	COG3064	GC_00000016, GC_00002204, GC_00005567, GC_00005576, GC_00006043, GC_00006986, GC_00008626, GC_00009505, GC_00010583, GC_00010806, GC_00011308, GC_00012023	1	1	27	19
Uridylate kinase	0	1	1	NA	COG0528	GC_00000595	1	1	27	19
Uncharacterized conserved protein YqcC, DUF446 family	0	1	1	NA	COG3098	GC_00002539	1	1	27	19
Dipeptide/tripeptide permease	0	1	1	NA	COG3104	GC_00002108, GC_00002181, GC_00002307, GC_00002387	1	1	27	19
Na+(or H+)/acetate symporter ActP	0	1	1	NA	COG4147	GC_00002568	1	1	27	19
Na+-translocating ferredoxin:NAD+ oxidoreductase RNF, RnfA subunit	0	1	1	NA	COG4657	GC_00000955	1	1	27	19
N-acetyl-gamma-glutamylphosphate reductase	0	1	1	NA	COG0002	GC_00001978	1	1	27	19
Lipid A disaccharide synthetase	0	1	1	NA	COG0763	GC_00002292	1	1	27	19
ABC-type branched-chain amino acid transport system, ATPase component	0	1	1	NA	COG0410	GC_00001117, GC_00001195	1	1	27	19
Transcription termination factor Rho	0	1	1	NA	COG1158	GC_00000921	1	1	27	19
L-fucose isomerase or related protein	0	1	1	NA	COG2407	GC_00002620	1	1	27	19
ABC-type uncharacterized transport system YnjBCD, ATPase component	0	1	1	NA	COG4136	GC_00002517	1	1	27	19
Uncharacterized conserved protein YfaT, DUF1175 family	0	1	1	NA	COG3234	GC_00002243	1	1	27	19
Signal transduction histidine kinase, nitrogen specific	0	1	1	NA	COG3852	GC_00001471, GC_00003702	1	1	27	19
6,7-dimethyl-8-ribityllumazine synthase (Riboflavin synthase beta chain)	0	1	1	NA	COG0054	GC_00000877	1	1	27	19
Ni2+-binding GTPase involved in regulation of expression and maturation of urease and hydrogenase	0	1	1	NA	COG0378	GC_00001290, GC_00005508	1	1	27	19
FoF1-type ATP synthase, membrane subunit b or b'	0	1	1	NA	COG0711	GC_00000781	1	1	27	19
ABC-type microcin C transport system, duplicated ATPase component YejF	0	1	1	NA	COG4172	GC_00000465, GC_00002879	1	1	27	19
Asp/Glu/hydantoin racemase	0	1	1	NA	COG4126	GC_00002350	1	1	27	19
NaMN:DMB phosphoribosyltransferase	0	1	1	NA	COG2038	GC_00002357	1	1	27	19
Ribosomal protein L10	0	1	1	NA	COG0244	GC_00000572	1	1	27	19
Preprotein translocase subunit YajC	0	1	1	NA	COG1862	GC_00000591	1	1	27	19
Adenylosuccinate lyase	0	1	1	NA	COG0015	GC_00001831	1	1	27	19
Rare lipoprotein A, peptidoglycan hydrolase digesting ""naked"" glycans, contains C-terminal SPOR domain!!!Cell division protein FtsN	0	1	1	NA	COG0797!!!COG3087	GC_00000395	1	1	27	19
Phosphotransferase system IIC components, glucose/maltose/N-acetylglucosamine-specific!!!Phosphotransferase system IIB components!!!Phosphotransferase system IIA component	0	1	1	NA	COG1263!!!COG1264!!!COG2190	GC_00002299, GC_00003662	1	1	27	19
Putative lipoic acid-binding regulatory protein	0	1	1	NA	COG2921	GC_00000258	1	1	27	19
Ribosomal protein S20	0	1	1	NA	COG0268	GC_00000654	1	1	27	19
Outer membrane phospholipase A	0	1	1	NA	COG2829	GC_00001701	1	1	27	19
Cysteine synthase	0	1	1	NA	COG0031	GC_00000888, GC_00002420	1	1	27	19
Ferredoxin subunit of nitrite reductase or a ring-hydroxylating dioxygenase	0	1	1	NA	COG2146	GC_00001615, GC_00003787	1	1	27	19
DNA polymerase III, delta subunit	0	1	1	NA	COG1466	GC_00000458	1	1	27	19
Outer membrane protein OmpA and related peptidoglycan-associated (lipo)proteins	0	1	1	NA	COG2885	GC_00001174, GC_00001329, GC_00002249, GC_00004665, GC_00005488	1	1	27	19
L-rhamnose isomerase	0	1	1	NA	COG4806	GC_00002953	1	1	27	19
Epoxyqueuosine reductase  QueG (queuosine biosynthesis)	0	1	1	NA	COG1600	GC_00000373	1	1	27	19
Methionyl-tRNA formyltransferase	0	1	1	NA	COG0223	GC_00002564	1	1	27	19
UDP-glucose 6-dehydrogenase	0	1	1	NA	COG1004	GC_00003248, GC_00008197, GC_00008873	1	1	27	19
Ribosomal protein L4	0	1	1	NA	COG0088	GC_00000597	1	1	27	19
2-keto-3-deoxy-6-phosphogluconate aldolase	0	1	1	NA	COG0800	GC_00000990, GC_00003529, GC_00004186	1	1	27	19
Phosphatidylglycerophosphate synthase	0	1	1	NA	COG0558	GC_00000746, GC_00002237, GC_00003581	1	1	27	19
Alkyl hydroperoxide reductase subunit AhpF	0	1	1	NA	COG3634	GC_00000294	1	1	27	19
O-succinylbenzoate synthase	0	1	1	NA	COG1441	GC_00002670	1	1	27	19
ABC-type transporter Mla maintaining outer membrane lipid asymmetry, periplasmic MlaC component	0	1	1	NA	COG2854	GC_00001936	1	1	27	19
Preprotein translocase subunit SecY	0	1	1	NA	COG0201	GC_00000586	1	1	27	19
Carbon starvation protein CstA	0	1	1	NA	COG1966	GC_00000115, GC_00003299	1	1	27	19
Uncharacterized membrane protein YjjB, DUF3815 family	0	1	1	NA	COG3610	GC_00000360	1	1	27	19
Acyl-CoA dehydrogenase related to the alkylation response protein AidB	0	1	1	NA	COG1960	GC_00000198, GC_00000818, GC_00002869, GC_00002950, GC_00005486	1	1	27	19
Na+/phosphate symporter	0	1	1	NA	COG1283	GC_00001847	1	1	27	19
Beta-galactosidase/beta-glucuronidase	0	1	1	NA	COG3250	GC_00000134, GC_00002940, GC_00003254	1	1	27	19
Phosphotransferase system, mannose/fructose/N-acetylgalactosamine-specific component IIC	0	1	1	NA	COG3715	GC_00000658, GC_00001190, GC_00001693, GC_00003872, GC_00006752, GC_00007293	1	1	27	19
Lipoprotein-anchoring transpeptidase ErfK/SrfK	0	1	1	NA	COG1376	GC_00000796, GC_00002404, GC_00002610	1	1	27	19
Formyltetrahydrofolate hydrolase	0	1	1	NA	COG0788	GC_00001423	1	1	27	19
Uncharacterized membrane protein YcaP, DUF421 family	0	1	1	NA	COG2323	GC_00001944	1	1	27	19
Uncharacterized protein involved in tolerance to divalent cations	0	1	1	NA	COG1324	GC_00001367	1	1	27	19
Phosphotransferase system fructose-specific component IIB	0	1	1	NA	COG1445	GC_00000862, GC_00000999, GC_00001670, GC_00004310	1	1	27	19
Long-chain fatty acid transport protein	0	1	1	NA	COG2067	GC_00003676, GC_00004909	1	1	27	19
Arginine/lysine/ornithine decarboxylase	0	1	1	NA	COG1982	GC_00000436, GC_00001400, GC_00002955, GC_00003425, GC_00009944	1	1	27	19
ABC-type antimicrobial peptide transport system, permease component	0	1	1	NA	COG4171	GC_00001022, GC_00001533, GC_00006774, GC_00007007	1	1	27	19
Sec-independent protein translocase protein TatA	0	1	1	NA	COG1826	GC_00000268, GC_00000936, GC_00001384	1	1	27	19
Uncharacterized membrane protein YjdF	0	1	1	NA	COG3647	GC_00000181	1	1	27	19
Transcription termination factor NusB	0	1	1	NA	COG0781	GC_00000712	1	1	27	19
Translation elongation factor EF-4, membrane-bound GTPase	0	1	1	NA	COG0481	GC_00001238	1	1	27	19
Uncharacterized conserved protein YheU, UPF0270 family	0	1	1	NA	COG3089	GC_00000875	1	1	27	19
ABC-type branched-chain amino acid transport system, permease component	0	1	1	NA	COG4177	GC_00002519	1	1	27	19
Uncharacterized protein with protein kinase and helix-hairpin-helix DNA-binding domains	0	1	1	NA	COG4248	GC_00000520, GC_00011509	1	1	27	19
Regulator of RNase E activity RraA	0	1	1	NA	COG0684	GC_00000531, GC_00006457	1	1	27	19
Periplasmic deferrochelatase/peroxidase EfeB	0	1	1	NA	COG2837	GC_00001548, GC_00002555	1	1	27	19
Malonyl CoA-acyl carrier protein transacylase	0	1	1	NA	COG0331	GC_00001150, GC_00004282, GC_00005442	1	1	27	19
Hemolysin or related protein, contains CBS domains	0	1	1	NA	COG1253	GC_00000399, GC_00001036	1	1	27	19
ABC-type methionine transport system, ATPase component	0	1	1	NA	COG1135	GC_00001170	1	1	27	19
Phosphoenolpyruvate synthase/pyruvate phosphate dikinase!!!Phosphoenolpyruvate-protein kinase (PTS system EI component in bacteria)	0	1	1	NA	COG0574!!!COG1080	GC_00002131	1	1	27	19
Glutamate synthase domain 1!!!Glutamate synthase domain 2!!!Glutamate synthase domain 3	0	1	1	NA	COG0067!!!COG0069!!!COG0070	GC_00000242	1	1	27	19
DNA-binding transcriptional regulator YiaG, XRE-type HTH domain	0	1	1	NA	COG2944	GC_00000785, GC_00004158, GC_00004419, GC_00004586, GC_00004678, GC_00004707, GC_00004874, GC_00004905, GC_00005725, GC_00007512, GC_00008047, GC_00008186, GC_00008410, GC_00008696, GC_00009808, GC_00009850	1	1	27	19
50S ribosomal subunit-associated GTPase HflX	0	1	1	NA	COG2262	GC_00001598	1	1	27	19
Stress-induced morphogen (activity unknown)	0	1	1	NA	COG0271	GC_00000550	1	1	27	19
Hemoglobin-like flavoprotein!!!Ferredoxin-NADP reductase	0	1	1	NA	COG1017!!!COG1018	GC_00002101	1	1	27	19
Exoribonuclease R	0	1	1	NA	COG0557	GC_00002418	1	1	27	19
Outer membrane lipoprotein LolB, involved in outer membrane biogenesis	0	1	1	NA	COG3017	GC_00001510	1	1	27	19
Protein-disulfide isomerase	0	1	1	NA	COG1651	GC_00000403, GC_00001394, GC_00001975, GC_00006712	1	1	27	19
Cytochrome b561	0	1	1	NA	COG3038	GC_00002373, GC_00003160, GC_00004068	1	1	27	19
Putative copper export protein	0	1	1	NA	COG1276	GC_00002971, GC_00006294	1	1	27	19
Cysteinyl-tRNA synthetase	0	1	1	NA	COG0215	GC_00001550	1	1	27	19
Ribosomal protein L32	0	1	1	NA	COG0333	GC_00000628	1	1	27	19
DNA uptake protein ComE and related DNA-binding proteins	0	1	1	NA	COG1555	GC_00002271, GC_00006671	1	1	27	19
ABC-type iron transport system FetAB, permease component	0	1	1	NA	COG0390	GC_00000291	1	1	27	19
Nucleoside diphosphate kinase	0	1	1	NA	COG0105	GC_00001443	1	1	27	19
Uncharacterized conserved protein YceK	0	1	1	NA	COG5645	GC_00001277, GC_00001442	1	1	27	19
Predicted phosphodiesterase	0	1	1	NA	COG0622	GC_00001006	1	1	27	19
Enoyl-CoA hydratase/carnithine racemase	0	1	1	NA	COG1024	GC_00002050, GC_00003792, GC_00003909, GC_00004535, GC_00004626, GC_00005085	1	1	27	19
Na+/melibiose symporter or related transporter	0	1	1	NA	COG2211	GC_00000186, GC_00000327, GC_00002122, GC_00003180, GC_00003723, GC_00003879, GC_00003930, GC_00003933, GC_00004480, GC_00006449, GC_00006794, GC_00006817, GC_00007710, GC_00008835, GC_00011653, GC_00011937	1	1	27	19
Ammonia channel protein AmtB	0	1	1	NA	COG0004	GC_00001655	1	1	27	19
NADPH:quinone reductase or related Zn-dependent oxidoreductase	0	1	1	NA	COG0604	GC_00000223, GC_00002472, GC_00007490	1	1	27	19
Ferredoxin-like protein FixX	0	1	1	NA	COG2440	GC_00000997, GC_00002934, GC_00003122	1	1	27	19
CheY chemotaxis protein or a CheY-like REC (receiver) domain!!!HPt (histidine-containing phosphotransfer) domain!!!K+-sensing histidine kinase KdpD	0	1	1	NA	COG0784!!!COG2198!!!COG2205	GC_00002880	1	1	27	19
Trk K+ transport system, NAD-binding component	0	1	1	NA	COG0569	GC_00000890	1	1	27	19
Aspartate/methionine/tyrosine aminotransferase	0	1	1	NA	COG0436	GC_00000452, GC_00001041, GC_00001358	1	1	27	19
Homoserine acetyltransferase	0	1	1	NA	COG2021	GC_00002622, GC_00010932	1	1	27	19
Diaminopimelate epimerase	0	1	1	NA	COG0253	GC_00001114	1	1	27	19
Uncharacterized conserved protein YciI, contains a putative active-site phosphohistidine	0	1	1	NA	COG2350	GC_00001324, GC_00010643	1	1	27	19
Organic radical activating enzyme	0	1	1	NA	COG0602	GC_00001770, GC_00001910	1	1	27	19
Fatty acid/phospholipid biosynthesis enzyme	0	1	1	NA	COG0416	GC_00001160	1	1	27	19
Cupin domain protein related to quercetin dioxygenase!!!Methylphosphotriester-DNA--protein-cysteine methyltransferase (N-terminal fragment of Ada), contains Zn-binding and two AraC-type DNA-binding domains	0	1	1	NA	COG1917!!!COG2169	GC_00002045	1	1	27	19
Triosephosphate isomerase	0	1	1	NA	COG0149	GC_00000857	1	1	27	19
tRNA-dihydrouridine synthase	0	1	1	NA	COG0042	GC_00000564, GC_00002043, GC_00002118	1	1	27	19
5-formyltetrahydrofolate cyclo-ligase	0	1	1	NA	COG0212	GC_00001983	1	1	27	19
SOS-response transcriptional repressor LexA (RecA-mediated autopeptidase)	0	1	1	NA	COG1974	GC_00000536, GC_00001477, GC_00003917, GC_00004175, GC_00004915, GC_00005010, GC_00005225, GC_00005385, GC_00005844, GC_00006042, GC_00006143, GC_00007499, GC_00007561, GC_00008521, GC_00008543, GC_00008643, GC_00008700, GC_00009167, GC_00009315, GC_00009459, GC_00010231, GC_00010615, GC_00011133, GC_00011387, GC_00011426, GC_00012030	1	1	27	19
Transposase	0	1	1	NA	COG3677	GC_00000005, GC_00000014, GC_00000049, GC_00000062, GC_00000066, GC_00000071, GC_00000074, GC_00000479, GC_00001030, GC_00001793, GC_00003649, GC_00003727, GC_00003957, GC_00004101, GC_00004108, GC_00004127, GC_00004150, GC_00004330, GC_00004519, GC_00004599, GC_00004617, GC_00004629, GC_00005035, GC_00005502, GC_00005835, GC_00005873, GC_00006122, GC_00006135, GC_00006310, GC_00006530, GC_00006649, GC_00006694, GC_00006887, GC_00007024, GC_00007045, GC_00007096, GC_00007523, GC_00007658, GC_00007777, GC_00007991, GC_00008015, GC_00008148, GC_00008165, GC_00008275, GC_00008288, GC_00008304, GC_00008589, GC_00008852, GC_00008902, GC_00009673, GC_00009684, GC_00009716, GC_00009778, GC_00009877, GC_00009947, GC_00010124, GC_00010379, GC_00010595, GC_00010660, GC_00010669, GC_00010768, GC_00011003, GC_00011113, GC_00011163, GC_00011402, GC_00011405, GC_00011503, GC_00011723, GC_00011803, GC_00011919	1	1	27	19
Regulator of sigma D	0	1	1	NA	COG3160	GC_00001369	1	1	27	19
tRNA-binding EMAP/Myf domain!!!Methionyl-tRNA synthetase	0	1	1	NA	COG0073!!!COG0143	GC_00002520	1	1	27	19
Transcriptional regulator, contains XRE-family HTH domain	0	1	1	NA	COG1396	GC_00003595, GC_00004541, GC_00005003, GC_00005130, GC_00005162, GC_00005236, GC_00005511, GC_00005557, GC_00005758, GC_00005967, GC_00006793, GC_00006900, GC_00007438, GC_00007714, GC_00007908, GC_00008482, GC_00008582, GC_00008648, GC_00009476, GC_00009715, GC_00010173, GC_00010765, GC_00010831	1	1	27	19
Membrane associated serine protease, rhomboid family	0	1	1	NA	COG0705	GC_00001594, GC_00003747	1	1	27	19
Citrate lyase, alpha subunit	0	1	1	NA	COG3051	GC_00000369	1	1	27	19
Nucleoid-associated protein YejK (function unknown)	0	1	1	NA	COG3081	GC_00001228	1	1	27	19
Threonine aldolase	0	1	1	NA	COG2008	GC_00002593	1	1	27	19
Quinol monooxygenase YgiN	0	1	1	NA	COG1359	GC_00001417, GC_00003793, GC_00010040	1	1	27	19
ABC-type microcin C transport system, permease component YejB	0	1	1	NA	COG4174	GC_00000310	1	1	27	19
2-keto-4-pentenoate hydratase/2-oxohepta-3-ene-1,7-dioic acid hydratase (catechol pathway)	0	1	1	NA	COG0179	GC_00001293, GC_00004967, GC_00005536	1	1	27	19
Superfamily II DNA helicase RecQ	0	1	1	NA	COG0514	GC_00001428, GC_00008246, GC_00009793	1	1	27	19
DNA gyrase/topoisomerase IV, subunit B	0	1	1	NA	COG0187	GC_00001536, GC_00001735	1	1	27	19
16S rRNA A1518 and A1519 N6-dimethyltransferase RsmA/KsgA/DIM1 (may also have DNA glycosylase/AP lyase activity)	0	1	1	NA	COG0030	GC_00001825	1	1	27	19
Purine-nucleoside phosphorylase	0	1	1	NA	COG0813	GC_00000325	1	1	27	19
4-hydroxy-3-methylbut-2-en-1-yl diphosphate synthase IspG/GcpE	0	1	1	NA	COG0821	GC_00000935	1	1	27	19
Murein L,D-transpeptidase YafK	0	1	1	NA	COG3034	GC_00000953, GC_00009549	1	1	27	19
Carbamoylphosphate synthase large subunit	0	1	1	NA	COG0458	GC_00002421	1	1	27	19
Redox-regulated molecular chaperone, HSP33 family	0	1	1	NA	COG1281	GC_00000987	1	1	27	19
Formate-dependent nitrite reductase, periplasmic cytochrome c552 subunit	0	1	1	NA	COG3303	GC_00000300, GC_00001791	1	1	27	19
Ribosomal protein L34	0	1	1	NA	COG0230	GC_00000566	1	1	27	19
Na+-translocating ferredoxin:NAD+ oxidoreductase RNF, RnfG subunit	0	1	1	NA	COG4659	GC_00002266	1	1	27	19
Predicted nucleotide-utilizing enzyme related to molybdopterin-biosynthesis enzyme MoeA!!!Nicotinamide mononucleotide (NMN) deamidase PncC	0	1	1	NA	COG1058!!!COG1546	GC_00002645	1	1	27	19
Phosphotransferase system mannitol/fructose-specific IIA domain (Ntr-type)	0	1	1	NA	COG1762	GC_00000322, GC_00001652, GC_00003120, GC_00003373, GC_00003732, GC_00004139, GC_00004318, GC_00004784, GC_00005575, GC_00007771, GC_00008719, GC_00009463, GC_00012178	1	1	27	19
ABC-type lipoprotein export system, ATPase component	0	1	1	NA	COG1136	GC_00001799, GC_00005656, GC_00006787, GC_00007439, GC_00011966	1	1	27	19
2-C-methyl-D-erythritol 4-phosphate cytidylyltransferase	0	1	1	NA	COG1211	GC_00002189	1	1	27	19
Bifunctional protein GlmU, N-acetylglucosamine-1-phosphate-uridyltransferase/glucosamine-1-phosphate-acetyltransferase	0	1	1	NA	COG1207	GC_00001798	1	1	27	19
Signal transduction histidine kinase regulating C4-dicarboxylate transport system	0	1	1	NA	COG4191	GC_00002930, GC_00004500	1	1	27	19
FMN-dependent dehydrogenase, includes L-lactate dehydrogenase and type II isopentenyl diphosphate isomerase	0	1	1	NA	COG1304	GC_00002296, GC_00003243, GC_00006960	1	1	27	19
(p)ppGpp synthase/hydrolase, HD superfamily	0	1	1	NA	COG0317	GC_00000200, GC_00001557	1	1	27	19
23S rRNA G2069 N7-methylase RlmK or C1962 C5-methylase RlmI	0	1	1	NA	COG1092	GC_00002188	1	1	27	19
SOS response regulatory protein OraA/RecX, interacts with RecA	0	1	1	NA	COG2137	GC_00001529	1	1	27	19
Phosphotransferase system, fructose-specific IIC component	0	1	1	NA	COG1299	GC_00000210, GC_00002477, GC_00004325	1	1	27	19
Predicted oxidoreductase (related to aryl-alcohol dehydrogenase)	0	1	1	NA	COG0667	GC_00000226, GC_00000382, GC_00002809, GC_00002877, GC_00003212, GC_00004343, GC_00007542, GC_00008938, GC_00012114	1	1	27	19
Uncharacterized SAM-binding protein YcdF, DUF218 family	0	1	1	NA	COG1434	GC_00001461, GC_00002811	1	1	27	19
Ubiquinone/menaquinone biosynthesis C-methylase UbiE	0	1	1	NA	COG2226	GC_00000514, GC_00001213, GC_00001348, GC_00001733, GC_00002439, GC_00002734, GC_00004811, GC_00005588, GC_00010190, GC_00010505	1	1	27	19
Uncharacterized Fe-S cluster protein YjdI	0	1	1	NA	COG3592	GC_00002198	1	1	27	19
Phosphate/sulfate permease	0	1	1	NA	COG0306	GC_00000815, GC_00003228	1	1	27	19
ABC-type phosphate transport system, periplasmic component	0	1	1	NA	COG0226	GC_00001441, GC_00003782, GC_00004686, GC_00005990	1	1	27	19
D-arabinose 1-dehydrogenase, Zn-dependent alcohol dehydrogenase family	0	1	1	NA	COG1064	GC_00002201, GC_00002931, GC_00003193	1	1	27	19
3-polyprenyl-4-hydroxybenzoate decarboxylase	0	1	1	NA	COG0043	GC_00001465, GC_00001581, GC_00004283, GC_00004304	1	1	27	19
Glycerol-3-phosphate cytidylyltransferase, cytidylyltransferase family!!!ADP-heptose synthase, bifunctional sugar kinase/adenylyltransferase	0	1	1	NA	COG0615!!!COG2870	GC_00001551	1	1	27	19
ABC-type transporter Mla maintaining outer membrane lipid asymmetry, ATPase component MlaF	0	1	1	NA	COG1127	GC_00000792	1	1	27	19
Superoxide dismutase	0	1	1	NA	COG0605	GC_00000884, GC_00001990	1	1	27	19
Ser/Thr protein kinase RdoA involved in Cpx stress response, MazF antagonist	0	1	1	NA	COG2334	GC_00002099	1	1	27	19
Sec-independent protein secretion pathway component TatC	0	1	1	NA	COG0805	GC_00001287	1	1	27	19
Glutamate-1-semialdehyde aminotransferase	0	1	1	NA	COG0001	GC_00002450	1	1	27	19
Uncharacterized protein YfbU, UPF0304 family	0	1	1	NA	COG3013	GC_00000833, GC_00011998	1	1	27	19
Arginine repressor	0	1	1	NA	COG1438	GC_00001447, GC_00004773	1	1	27	19
Uncharacterized protein YacL, UPF0231 family	0	1	1	NA	COG3112	GC_00001032	1	1	27	19
Phosphohistidine phosphatase SixA	0	1	1	NA	COG2062	GC_00001785	1	1	27	19
ABC-type nitrate/sulfonate/bicarbonate transport system, ATPase component	0	1	1	NA	COG1116	GC_00002057	1	1	27	19
Uncharacterized lipoprotein YmbA	0	1	1	NA	COG3009	GC_00002363	1	1	27	19
Glutaredoxin-related protein	0	1	1	NA	COG0278	GC_00000582	1	1	27	19
Phosphoribosylaminoimidazole carboxylase (NCAIR synthetase)	0	1	1	NA	COG0026	GC_00002951	1	1	27	19
Uncharacterized conserved protein YcaQ, contains winged helix DNA-binding domain	0	1	1	NA	COG3214	GC_00002525	1	1	27	19
Preprotein translocase subunit SecD	0	1	1	NA	COG0342	GC_00001316	1	1	27	19
Stage V sporulation protein SpoVR/YcgB, involved in spore cortex formation (function unknown)	0	1	1	NA	COG2719	GC_00001822	1	1	27	19
Methylase of polypeptide chain release factors	0	1	1	NA	COG2890	GC_00002665, GC_00002818	1	1	27	19
dsRNA-specific ribonuclease	0	1	1	NA	COG0571	GC_00000589	1	1	27	19
Predicted Rossmann fold nucleotide-binding protein	0	1	1	NA	COG1611	GC_00000900	1	1	27	19
Ribosomal protein S18 acetylase RimI and related acetyltransferases	0	1	1	NA	COG0456	GC_00000299, GC_00000488, GC_00001201, GC_00001619, GC_00002227, GC_00002405, GC_00002723, GC_00002865, GC_00004727, GC_00005610, GC_00006012, GC_00008218, GC_00008391, GC_00009797, GC_00011732, GC_00011885	1	1	27	19
Uncharacterized protein YigE, DUF2233 family	0	1	1	NA	COG3698	GC_00000390	1	1	27	19
Inner membrane protein involved in colicin E2 resistance	0	1	1	NA	COG4452	GC_00000191	1	1	27	19
Amino acid permease	0	1	1	NA	COG0814	GC_00000162, GC_00000229, GC_00000362, GC_00000418, GC_00000788, GC_00001427, GC_00001699, GC_00001767, GC_00002579, GC_00006841, GC_00009607	1	1	27	19
Ni,Fe-hydrogenase I large subunit	0	1	1	NA	COG0374	GC_00000331, GC_00001189	1	1	27	19
Ribosomal protein L2	0	1	1	NA	COG0090	GC_00000661	1	1	27	19
Deoxyribose-phosphate aldolase	0	1	1	NA	COG0274	GC_00000307	1	1	27	19
Putative salt-induced outer membrane protein YdiY	0	1	1	NA	COG3137	GC_00001194	1	1	27	19
Type II secretory pathway, component PulF	0	1	1	NA	COG1459	GC_00000413, GC_00003851, GC_00003981, GC_00005749, GC_00007650, GC_00008388, GC_00009012, GC_00009035, GC_00009185, GC_00010909	1	1	27	19
Lactam utilization protein B (function unknown)	0	1	1	NA	COG1540	GC_00002757	1	1	27	19
Uncharacterized membrane protein YdcZ, DUF606 family	0	1	1	NA	COG3238	GC_00003144, GC_00004278	1	1	27	19
Cytoplasmic iron level regulating protein YaaA, DUF328/UPF0246 family	0	1	1	NA	COG3022	GC_00002442	1	1	27	19
Ribosomal protein L30/L7E	0	1	1	NA	COG1841	GC_00000598	1	1	27	19
L-amino acid N-acyltransferase YncA	0	1	1	NA	COG1247	GC_00000169, GC_00003081	1	1	27	19
ATP-dependent Clp protease adapter protein ClpS	0	1	1	NA	COG2127	GC_00000866	1	1	27	19
Deoxyribodipyrimidine photolyase	0	1	1	NA	COG0415	GC_00002896	1	1	27	19
Polyribonucleotide nucleotidyltransferase (polynucleotide phosphorylase)	0	1	1	NA	COG1185	GC_00002224	1	1	27	19
Phosphoribosylformimino-5-aminoimidazole carboxamide ribonucleotide (ProFAR) isomerase	0	1	1	NA	COG0106	GC_00002850	1	1	27	19
ATP-dependent protease Clp, ATPase subunit	0	1	1	NA	COG1219	GC_00000808, GC_00008520	1	1	27	19
Periplasmic protein refolding chaperone Spy/CpxP family	0	1	1	NA	COG3678	GC_00001046, GC_00002021, GC_00002036, GC_00010866	1	1	27	19
Periplasmic component of the Tol biopolymer transport system	0	1	1	NA	COG0823	GC_00000843, GC_00002709, GC_00006902	1	1	27	19
GAF domain-containing protein, putative methionine-R-sulfoxide reductase	0	1	1	NA	COG1956	GC_00002318	1	1	27	19
GTPase, G3E family	0	1	1	NA	COG0523	GC_00003191, GC_00003293, GC_00005492, GC_00006229, GC_00009070	1	1	27	19
Phosphotransferase system, mannose/fructose-specific component IIA!!!Phosphotransferase system, mannose/fructose/N-acetylgalactosamine-specific component IIB	0	1	1	NA	COG2893!!!COG3444	GC_00000308	1	1	27	19
Uncharacterized conserved protein YfiP, DTW domain	0	1	1	NA	COG3148	GC_00002641	1	1	27	19
Regulator of RNase E activity RraB	0	1	1	NA	COG3076	GC_00001270	1	1	27	19
Nicotinic acid phosphoribosyltransferase	0	1	1	NA	COG1488	GC_00000405	1	1	27	19
Selenophosphate synthase	0	1	1	NA	COG0709	GC_00002126	1	1	27	19
Predicted membrane protein, encoded in cydAB operon	0	1	1	NA	COG3790	GC_00001081	1	1	27	19
Succinate dehydrogenase/fumarate reductase, flavoprotein subunit	0	1	1	NA	COG1053	GC_00001011, GC_00001924, GC_00003910, GC_00004952	1	1	27	19
LysM repeat!!!Uncharacterized surface anchored protein	0	1	1	NA	COG1388!!!COG4932	GC_00002875, GC_00009192	1	1	27	19
Exonuclease I	0	1	1	NA	COG2925	GC_00002964	1	1	27	19
6-phosphogluconolactonase/Glucosamine-6-phosphate isomerase/deaminase	0	1	1	NA	COG0363	GC_00000158, GC_00000949, GC_00003610, GC_00011389	1	1	27	19
HPt (histidine-containing phosphotransfer) domain!!!K+-sensing histidine kinase KdpD!!!Response regulator c-di-GMP phosphodiesterase, RpfG family, contains REC and HD-GYP domains!!!Signal transduction histidine kinase, nitrate/nitrite-specific!!!Uncharacterized domain of BarA-like signal transduction histidine kinase	0	1	1	NA	COG2198!!!COG2205!!!COG3437!!!COG3850!!!COG4999	GC_00000204	1	1	27	19
Adenosine deaminase	0	1	1	NA	COG1816	GC_00002022	1	1	27	19
Thioredoxin reductase	0	1	1	NA	COG0492	GC_00001746	1	1	27	19
Uncharacterized membrane protein YedE/YeeE, contains two sulfur transport domains	0	1	1	NA	COG2391	GC_00003457, GC_00003780	1	1	27	19
Leucyl-tRNA synthetase	0	1	1	NA	COG0495	GC_00000473	1	1	27	19
Multidrug transporter EmrE and related cation transporters	0	1	1	NA	COG2076	GC_00000296, GC_00000962, GC_00001162, GC_00001719, GC_00002324, GC_00003485, GC_00006250, GC_00006267, GC_00008018	1	1	27	19
Deoxyxylulose-5-phosphate synthase	0	1	1	NA	COG1154	GC_00002495	1	1	27	19
Transcriptional antiterminator Rof (Rho-off)	0	1	1	NA	COG4568	GC_00001512	1	1	27	19
Periplasmic DMSO/TMAO reductase YedYZ, molybdopterin-dependent catalytic subunit	0	1	1	NA	COG2041	GC_00000510, GC_00005808	1	1	27	19
Ca2+/H+ antiporter	0	1	1	NA	COG0387	GC_00002260	1	1	27	19
Cell division protein ZipA, interacts with FtsZ	0	1	1	NA	COG3115	GC_00002660	1	1	27	19
Ribosomal protein L3	0	1	1	NA	COG0087	GC_00000717	1	1	27	19
DNA polymerase III sliding clamp (beta) subunit, PCNA homolog	0	1	1	NA	COG0592	GC_00000738	1	1	27	19
Ribosomal protein L31	0	1	1	NA	COG0254	GC_00000123, GC_00000630	1	1	27	19
Uncharacterized conserved protein YifE, UPF0438 family	0	1	1	NA	COG3085	GC_00000548	1	1	27	19
Apolipoprotein N-acyltransferase	0	1	1	NA	COG0815	GC_00002957	1	1	27	19
Aspartate carbamoyltransferase, regulatory subunit	0	1	1	NA	COG1781	GC_00000849	1	1	27	19
Ferredoxin!!!Translation initiation factor RLI1, contains Fe-S and AAA+ ATPase domains	0	1	1	NA	COG1145!!!COG1245	GC_00000974	1	1	27	19
Phage shock protein PspC (stress-responsive transcriptional regulator)	0	1	1	NA	COG1983	GC_00000858, GC_00001255	1	1	27	19
Dihydropteroate synthase	0	1	1	NA	COG0294	GC_00001136, GC_00006072, GC_00008404	1	1	27	19
ABC-type sugar transport system, permease component	0	1	1	NA	COG1175	GC_00002081, GC_00002367, GC_00003121, GC_00008652	1	1	27	19
Cytochrome c-type biogenesis protein CcmH/NrfG	0	1	1	NA	COG4235	GC_00002972	1	1	27	19
Phosphoribosyl-AMP cyclohydrolase!!!Phosphoribosyl-ATP pyrophosphohydrolase	0	1	1	NA	COG0139!!!COG0140	GC_00002479	1	1	27	19
Crotonobetainyl-CoA:carnitine CoA-transferase CaiB and related acyl-CoA transferases	0	1	1	NA	COG1804	GC_00000112, GC_00000170, GC_00001247	1	1	27	19
Ribosomal protein S11	0	1	1	NA	COG0100	GC_00000806	1	1	27	19
L-cystine uptake protein TcyP, sodium:dicarboxylate symporter family	0	1	1	NA	COG1823	GC_00002624	1	1	27	19
Thiamine kinase and related kinases	0	1	1	NA	COG0510	GC_00002846	1	1	27	19
Imidazole glycerol phosphate synthase subunit HisF	0	1	1	NA	COG0107	GC_00001920, GC_00012143	1	1	27	19
Inorganic triphosphatase YgiF, contains CYTH and CHAD domains	0	1	1	NA	COG3025	GC_00002300	1	1	27	19
Non-ribosomal peptide synthetase component E (peptide arylation enzyme)	0	1	1	NA	COG1021	GC_00000457, GC_00004191	1	1	27	19
Polyphosphate kinase	0	1	1	NA	COG0855	GC_00001360	1	1	27	19
Alkylhydroperoxidase family enzyme, contains CxxC motif!!!N-terminal domain of uncharacterized protein YciW (function unknown)	0	1	1	NA	COG2128!!!COG4950	GC_00002907	1	1	27	19
Cation transport regulator ChaC	0	1	1	NA	COG3703	GC_00002698	1	1	27	19
Ferritin	0	1	1	NA	COG1528	GC_00000740, GC_00000966	1	1	27	19
Zn finger protein HypA/HybF (possibly regulating hydrogenase expression)	0	1	1	NA	COG0375	GC_00001060, GC_00001870	1	1	27	19
Recombinational DNA repair protein (RecF pathway)	0	1	1	NA	COG1381	GC_00001311	1	1	27	19
CO or xanthine dehydrogenase, Mo-binding subunit	0	1	1	NA	COG1529	GC_00002510, GC_00004133	1	1	27	19
Cyanate permease	0	1	1	NA	COG2807	GC_00002529, GC_00003826	1	1	27	19
DNA anti-recombination protein (rearrangement mutator) RmuC	0	1	1	NA	COG1322	GC_00002047	1	1	27	19
Pullulanase/glycogen debranching enzyme	0	1	1	NA	COG1523	GC_00002856	1	1	27	19
NADH:ubiquinone oxidoreductase subunit 1 (chain H)	0	1	1	NA	COG1005	GC_00001339	1	1	27	19
8-oxo-dGTP pyrophosphatase MutT and related house-cleaning NTP pyrophosphohydrolases, NUDIX family	0	1	1	NA	COG0494	GC_00000549, GC_00000930, GC_00001614, GC_00001724, GC_00001848, GC_00002202, GC_00002412, GC_00002598, GC_00002626	1	1	27	19
Multidrug efflux pump subunit AcrA (membrane-fusion protein)	0	1	1	NA	COG0845	GC_00000393, GC_00001579, GC_00001751, GC_00001816, GC_00002144, GC_00002480, GC_00002682, GC_00002889, GC_00003989, GC_00005306, GC_00005827, GC_00005926, GC_00006098, GC_00006619, GC_00006775, GC_00010339, GC_00011999	1	1	27	19
RNase adaptor protein for sRNA GlmZ degradation, contains a P-loop ATPase domain	0	1	1	NA	COG1660	GC_00000647	1	1	27	19
Ribosomal protein S12 methylthiotransferase accessory factor YcaO	0	1	1	NA	COG1944	GC_00002228	1	1	27	19
GGDEF domain, diguanylate cyclase (c-di-GMP synthetase) or its enzymatically inactive variants!!!GAF domain	0	1	1	NA	COG2199!!!COG2203	GC_00002764	1	1	27	19
Uncharacterized membrane protein YidH, DUF202 family	0	1	1	NA	COG2149	GC_00001034	1	1	27	19
Polyferredoxin	0	1	1	NA	COG0348	GC_00001797, GC_00002938	1	1	27	19
ATP-dependent Lon protease, bacterial type	0	1	1	NA	COG0466	GC_00001076	1	1	27	19
Acyl-coenzyme A synthetase/AMP-(fatty) acid ligase	0	1	1	NA	COG0365	GC_00002005, GC_00003354	1	1	27	19
Uncharacterized conserved protein YbjQ, UPF0145 family	0	1	1	NA	COG0393	GC_00000896	1	1	27	19
3-mercaptopyruvate sulfurtransferase SseA, contains two rhodanese domains	0	1	1	NA	COG2897	GC_00000506, GC_00002060	1	1	27	19
Cytochrome b subunit of formate dehydrogenase	0	1	1	NA	COG2864	GC_00000899, GC_00001479	1	1	27	19
ABC-type glucose/galactose transport system, permease component	0	1	1	NA	COG4211	GC_00001807	1	1	27	19
Tryptophanase	0	1	1	NA	COG3033	GC_00001345	1	1	27	19
Pyruvate-formate lyase	0	1	1	NA	COG1882	GC_00000025, GC_00000137, GC_00002984, GC_00006481, GC_00007340	1	1	27	19
Molybdopterin or thiamine biosynthesis adenylyltransferase	0	1	1	NA	COG0476	GC_00002197, GC_00002607, GC_00011058, GC_00011964	1	1	27	19
Phosphotransacetylase!!!BioD-like N-terminal domain of phosphotransacetylase	0	1	1	NA	COG0280!!!COG0857	GC_00001959	1	1	27	19
Xanthine/uracil/vitamin C permease, AzgA family	0	1	1	NA	COG2252	GC_00000034, GC_00000107, GC_00002014	1	1	27	19
Signal transduction histidine kinase	0	1	1	NA	COG5002	GC_00000481, GC_00002334, GC_00002443, GC_00002551, GC_00006625	1	1	27	19
Nicotinate-nucleotide pyrophosphorylase	0	1	1	NA	COG0157	GC_00001618, GC_00004080	1	1	27	19
ABC-type transporter Mla maintaining outer membrane lipid asymmetry, periplasmic component MlaD	0	1	1	NA	COG1463	GC_00000931	1	1	27	19
Phosphoenolpyruvate carboxykinase, ATP-dependent	0	1	1	NA	COG1866	GC_00001760	1	1	27	19
Pyruvate-formate lyase-activating enzyme	0	1	1	NA	COG1180	GC_00000455, GC_00000825, GC_00002506, GC_00002509, GC_00006315, GC_00007368	1	1	27	19
Predicted N-acyltransferase, GNAT family	0	1	1	NA	COG2153	GC_00001940	1	1	27	19
Uncharacterized conserved protein YchJ, contains N- and C-terminal SEC-C domains	0	1	1	NA	COG3012	GC_00002272, GC_00011185	1	1	27	19
EAL domain, c-di-GMP-specific phosphodiesterase class I (or its enzymatically inactive variant)	0	1	1	NA	COG2200	GC_00000136, GC_00000368, GC_00000507, GC_00001981, GC_00002824, GC_00003498, GC_00003605, GC_00005587, GC_00007832, GC_00008411, GC_00009313, GC_00009672	1	1	27	19
ABC-type siderophore export system, fused ATPase and permease components	0	1	1	NA	COG4615	GC_00000434	1	1	27	19
Protein chain release factor A	0	1	1	NA	COG0216	GC_00000886	1	1	27	19
ABC-type arginine transport system, permease component	0	1	1	NA	COG4215	GC_00001314, GC_00003089, GC_00010177	1	1	27	19
tRNA(Met) C34 N-acetyltransferase TmcA	0	1	1	NA	COG1444	GC_00002746	1	1	27	19
Adenylate kinase or related kinase	0	1	1	NA	COG0563	GC_00001688	1	1	27	19
NADPH-dependent 2,4-dienoyl-CoA reductase, sulfur reductase, or a related oxidoreductase	0	1	1	NA	COG0446	GC_00002837, GC_00003817	1	1	27	19
Phosphotransferase system, mannitol-specific IIBC component	0	1	1	NA	COG2213	GC_00000353, GC_00010229	1	1	27	19
Ketopantoate hydroxymethyltransferase	0	1	1	NA	COG0413	GC_00002765	1	1	27	19
Uncharacterized conserved protein YjeT, DUF2065 family	0	1	1	NA	COG3242	GC_00001146	1	1	27	19
High-affinity Fe2+/Pb2+ permease	0	1	1	NA	COG0672	GC_00000124, GC_00005874	1	1	27	19
Ni,Fe-hydrogenase III large subunit!!!Ni,Fe-hydrogenase III component G	0	1	1	NA	COG3261!!!COG3262	GC_00001564, GC_00003828	1	1	27	19
Aspartokinase	0	1	1	NA	COG0527	GC_00001916	1	1	27	19
Citrate lyase, gamma subunit	0	1	1	NA	COG3052	GC_00000271	1	1	27	19
Predicted nucleic-acid-binding protein, contains Zn-ribbon domain	0	1	1	NA	COG3529	GC_00000643	1	1	27	19
Uncharacterized conserved protein YcfL	0	1	1	NA	COG5633	GC_00002628	1	1	27	19
DNA-binding response regulator, OmpR family, contains REC and winged-helix (wHTH) domain	0	1	1	NA	COG0745	GC_00000108, GC_00000668, GC_00000816, GC_00000835, GC_00001317, GC_00001341, GC_00001392, GC_00001602, GC_00001685, GC_00001776, GC_00001960, GC_00002075, GC_00002513, GC_00002691, GC_00002789, GC_00003082, GC_00005699, GC_00005891, GC_00006330, GC_00011015, GC_00011412	1	1	27	19
5-enolpyruvylshikimate-3-phosphate synthase	0	1	1	NA	COG0128	GC_00001952	1	1	27	19
L-serine deaminase	0	1	1	NA	COG1760	GC_00000333, GC_00001732, GC_00002279	1	1	27	19
D-alanyl-D-alanine carboxypeptidase	0	1	1	NA	COG1686	GC_00000287, GC_00001487, GC_00001923, GC_00002577, GC_00002700	1	1	27	19
Ribosomal protein L16 Arg81 hydroxylase, contains JmjC domain	0	1	1	NA	COG2850	GC_00001496	1	1	27	19
ABC-type enterobactin transport system, permease component	0	1	1	NA	COG4779	GC_00000446	1	1	27	19
Cu/Ag efflux pump CusA	0	1	1	NA	COG3696	GC_00000117	1	1	27	19
Predicted  kinase, aminoglycoside phosphotransferase (APT) family	0	1	1	NA	COG3173	GC_00001573, GC_00008985	1	1	27	19
Uncharacterized conserved protein YehS, DUF1456 family	0	1	1	NA	COG4807	GC_00001243	1	1	27	19
Peptidoglycan/LPS O-acetylase OafA/YrhL, contains acyltransferase and SGNH-hydrolase domains	0	1	1	NA	COG1835	GC_00002011, GC_00006000, GC_00006548, GC_00007290, GC_00007940, GC_00008189, GC_00008568, GC_00009043, GC_00009277, GC_00009522, GC_00010126, GC_00010496, GC_00010698, GC_00011182, GC_00011450, GC_00011492, GC_00011777, GC_00011810, GC_00011828, GC_00011915	1	1	27	19
ABC-type microcin C transport system, permease component YejE	0	1	1	NA	COG4239	GC_00002073	1	1	27	19
Protein involved in ribonucleotide reduction	0	1	1	NA	COG1780	GC_00001289	1	1	27	19
Arginine/ornithine N-succinyltransferase beta subunit	0	1	1	NA	COG3138	GC_00001802	1	1	27	19
Exoribonuclease II	0	1	1	NA	COG4776	GC_00002523	1	1	27	19
Uncharacterized conserved protein YigA, DUF484 family	0	1	1	NA	COG3159	GC_00000206	1	1	27	19
Methyl-accepting chemotaxis protein!!!Signal transduction histidine kinase involved in nitrogen fixation and metabolism regulation	0	1	1	NA	COG0840!!!COG5000	GC_00002500, GC_00003236	1	1	27	19
Kef-type K+ transport system, membrane component KefB!!!Voltage-gated potassium channel Kch	0	1	1	NA	COG0475!!!COG1226	GC_00000173, GC_00002812, GC_00011228	1	1	27	19
Uncharacterized lipoprotein YddW, UPF0748 family	0	1	1	NA	COG1649	GC_00002225	1	1	27	19
Signal peptidase I	0	1	1	NA	COG0681	GC_00001068	1	1	27	19
NAD(P)H-hydrate repair enzyme Nnr, NAD(P)H-hydrate epimerase domain!!!NAD(P)H-hydrate repair enzyme Nnr, NAD(P)H-hydrate dehydratase domain	0	1	1	NA	COG0062!!!COG0063	GC_00002666	1	1	27	19
Na+/H+ antiporter NhaD or related arsenite permease	0	1	1	NA	COG1055	GC_00002707, GC_00003607	1	1	27	19
dTDP-D-glucose 4,6-dehydratase	0	1	1	NA	COG1088	GC_00002976, GC_00004284, GC_00011353	1	1	27	19
Nicotinic acid mononucleotide adenylyltransferase	0	1	1	NA	COG1057	GC_00000320	1	1	27	19
Nitrate reductase cytochrome c-type subunit	0	1	1	NA	COG3043	GC_00001374	1	1	27	19
Predicted glycoside hydrolase or deacetylase ChbG, UPF0249 family	0	1	1	NA	COG3394	GC_00002961	1	1	27	19
Transcriptional regulators containing an AAA-type ATPase domain and a DNA-binding domain!!!DNA-binding protein Fis (factor for inversion stimulation)	0	1	1	NA	COG1221!!!COG2901	GC_00002068	1	1	27	19
Cyclopropane fatty-acyl-phospholipid synthase and related methyltransferases	0	1	1	NA	COG2230	GC_00001202, GC_00010386	1	1	27	19
N-acetylmuramic acid 6-phosphate (MurNAc-6-P) etherase	0	1	1	NA	COG2103	GC_00002825	1	1	27	19
Ribosomal protein L23	0	1	1	NA	COG0089	GC_00000525	1	1	27	19
Translation elongation factor EF-Tu, a GTPase	0	1	1	NA	COG0050	GC_00000040, GC_00011749, GC_00011960	1	1	27	19
Ribosome assembly protein YihI, activator of Der GTPase	0	1	1	NA	COG3078	GC_00001872	1	1	27	19
ABC-type Fe3+-hydroxamate transport system, periplasmic component	0	1	1	NA	COG0614	GC_00001695, GC_00003182, GC_00004097, GC_00004125, GC_00004590	1	1	27	19
Molybdopterin converting factor, small subunit	0	1	1	NA	COG1977	GC_00002294	1	1	27	19
Primosomal replication protein N''	0	1	1	NA	COG3923	GC_00002380	1	1	27	19
Inosine-uridine nucleoside N-ribohydrolase	0	1	1	NA	COG1957	GC_00000185, GC_00000461, GC_00002133, GC_00011225	1	1	27	19
GTPase Era, involved in 16S rRNA processing	0	1	1	NA	COG1159	GC_00001519	1	1	27	19
3-methyladenine DNA glycosylase/8-oxoguanine DNA glycosylase	0	1	1	NA	COG0122	GC_00002841	1	1	27	19
Phosphatidylglycerophosphatase A	0	1	1	NA	COG1267	GC_00001747	1	1	27	19
Predicted esterase	0	1	1	NA	COG0400	GC_00002230	1	1	27	19
CO or xanthine dehydrogenase, FAD-binding subunit	0	1	1	NA	COG1319	GC_00001992, GC_00002165, GC_00004147	1	1	27	19
Anaerobic ribonucleoside-triphosphate reductase	0	1	1	NA	COG1328	GC_00000105	1	1	27	19
Nucleoid-associated protein YgaU, contains BON and LysM domains	0	1	1	NA	COG1652	GC_00001509	1	1	27	19
Uncharacterized FlgJ-related protein	0	1	1	NA	COG2992	GC_00001077	1	1	27	19
Ribonuclease G or E	0	1	1	NA	COG1530	GC_00000565, GC_00002970	1	1	27	19
Zinc transporter ZupT	0	1	1	NA	COG0428	GC_00000983	1	1	27	19
ABC-type cobalamin transport system, permease component	0	1	1	NA	COG4139	GC_00002109	1	1	27	19
Tat protein secretion system quality control protein TatD (DNase activity)	0	1	1	NA	COG0084	GC_00000219, GC_00000425, GC_00001048, GC_00007866	1	1	27	19
Tetrahydrodipicolinate N-succinyltransferase	0	1	1	NA	COG2171	GC_00001768	1	1	27	19
Dihydrodipicolinate synthase/N-acetylneuraminate lyase	0	1	1	NA	COG0329	GC_00001074, GC_00001148, GC_00004621, GC_00005199, GC_00006037, GC_00006483, GC_00006710, GC_00006831, GC_00007757, GC_00009945	1	1	27	19
CDP-diglyceride synthetase	0	1	1	NA	COG0575	GC_00001585	1	1	27	19
Aconitase A	0	1	1	NA	COG1048	GC_00000456, GC_00003343	1	1	27	19
ATP-dependent Zn proteases	0	1	1	NA	COG0465	GC_00000278, GC_00010922, GC_00011021	1	1	27	19
Barstar, RNAse (barnase) inhibitor	0	1	1	NA	COG2732	GC_00001080	1	1	27	19
Phosphoserine aminotransferase	0	1	1	NA	COG1932	GC_00002402	1	1	27	19
LPS assembly outer membrane protein LptD (organic solvent tolerance protein OstA)	0	1	1	NA	COG1452	GC_00001839, GC_00003361, GC_00005975	1	1	27	19
FAD/FMN-containing dehydrogenase	0	1	1	NA	COG0277	GC_00000438, GC_00003216, GC_00003519, GC_00003547	1	1	27	19
DNA-binding ferritin-like protein (oxidative damage protectant)	0	1	1	NA	COG0783	GC_00000913	1	1	27	19
Queuine/archaeosine tRNA-ribosyltransferase	0	1	1	NA	COG0343	GC_00000763, GC_00010652	1	1	27	19
Anaerobic selenocysteine-containing dehydrogenase	0	1	1	NA	COG0243	GC_00000028, GC_00000147, GC_00000217, GC_00000247, GC_00000493, GC_00002648, GC_00002668, GC_00002851, GC_00002932, GC_00006134, GC_00011809	1	1	27	19
Ribosomal 50S subunit-associated protein YjgA (function unknown), DUF615 family	0	1	1	NA	COG3028	GC_00001024	1	1	27	19
Na+/H+-dicarboxylate symporter	0	1	1	NA	COG1301	GC_00001176, GC_00001844, GC_00005053	1	1	27	19
Peptidase E	0	1	1	NA	COG3340	GC_00001106	1	1	27	19
Archaeal DNA helicase HerA or a related bacterial ATPase, contains HAS-barrel and ATPase domains	0	1	1	NA	COG0433	GC_00002678, GC_00008830, GC_00010954	1	1	27	19
Phosphatidylserine/phosphatidylglycerophosphate/cardiolipin synthase or related enzyme	0	1	1	NA	COG1502	GC_00001009, GC_00001159, GC_00001773, GC_00002151, GC_00007037, GC_00010351, GC_00010644	1	1	27	19
Na+/proline symporter	0	1	1	NA	COG0591	GC_00002805, GC_00010790	1	1	27	19
GTPase involved in cell partioning and DNA repair	0	1	1	NA	COG0536	GC_00001842	1	1	27	19
Succinylglutamate desuccinylase	0	1	1	NA	COG2988	GC_00002195	1	1	27	19
Cytochrome c-type biogenesis protein CcmH/NrfF	0	1	1	NA	COG3088	GC_00002766	1	1	27	19
Ribosomal protein L1	0	1	1	NA	COG0081	GC_00000934	1	1	27	19
Trk-type K+ transport system, membrane component	0	1	1	NA	COG0168	GC_00001675, GC_00005344	1	1	27	19
Molecular chaperone IbpA, HSP20 family	0	1	1	NA	COG0071	GC_00000611, GC_00000839, GC_00011684, GC_00012043	1	1	27	19
ABC-type multidrug transport system, ATPase and permease component	0	1	1	NA	COG1132	GC_00001446, GC_00001859, GC_00002770, GC_00004225, GC_00004228, GC_00005396	1	1	27	19
Hydrogenase maturation factor	0	1	1	NA	COG0298	GC_00000583, GC_00000676, GC_00002160, GC_00002640	1	1	27	19
Na+/serine symporter	0	1	1	NA	COG3633	GC_00001790	1	1	27	19
Cu/Zn superoxide dismutase	0	1	1	NA	COG2032	GC_00001488, GC_00005000	1	1	27	19
7,8-dihydro-6-hydroxymethylpterin-pyrophosphokinase	0	1	1	NA	COG0801	GC_00002860	1	1	27	19
Sulfur carrier protein ThiS (thiamine biosynthesis)	0	1	1	NA	COG2104	GC_00002692	1	1	27	19
Uncharacterized membrane protein YccC	0	1	1	NA	COG1289	GC_00000401, GC_00002009, GC_00002398, GC_00002714, GC_00002782, GC_00002945	1	1	27	19
Phosphotransferase system, mannose/fructose/N-acetylgalactosamine-specific component IID	0	1	1	NA	COG3716	GC_00000881, GC_00003070, GC_00003481, GC_00003765, GC_00006711, GC_00007426	1	1	27	19
Dephospho-CoA kinase	0	1	1	NA	COG0237	GC_00001478	1	1	27	19
TusA-related sulfurtransferase	0	1	1	NA	COG0425	GC_00000765, GC_00003436, GC_00003750, GC_00008279	1	1	27	19
CTP synthase (UTP-ammonia lyase)	0	1	1	NA	COG0504	GC_00000855	1	1	27	19
Heat shock protein HspQ	0	1	1	NA	COG3785	GC_00000545	1	1	27	19
sRNA-binding carbon storage regulator CsrA	0	1	1	NA	COG1551	GC_00000532	1	1	27	19
Alpha-D-ribose 1-methylphosphonate 5-phosphate C-P lyase	0	1	1	NA	COG3627	GC_00002435	1	1	27	19
Pyruvate/2-oxoglutarate dehydrogenase complex, dihydrolipoamide dehydrogenase (E3) component or related enzyme	0	1	1	NA	COG1249	GC_00000678, GC_00001377, GC_00002376, GC_00003422, GC_00004558	1	1	27	19
Protoporphyrinogen IX oxidase, menaquinone-dependent (flavodoxin domain)	0	1	1	NA	COG4635	GC_00001140	1	1	27	19
Ribosomal protein L36	0	1	1	NA	COG0257	GC_00000608, GC_00003433	1	1	27	19
Fido, protein-threonine AMPylation domain	0	1	1	NA	COG2184	GC_00002592	1	1	27	19
DnaJ-domain-containing proteins 1	0	1	1	NA	COG1076	GC_00001144, GC_00002291	1	1	27	19
4-hydroxybenzoate synthetase (chorismate-pyruvate lyase)	0	1	1	NA	COG3161	GC_00002106	1	1	27	19
Succinylarginine dihydrolase	0	1	1	NA	COG3724	GC_00002996	1	1	27	19
MoxR-like ATPase	0	1	1	NA	COG0714	GC_00002858, GC_00003244, GC_00010783	1	1	27	19
Serine protease inhibitor ecotin	0	1	1	NA	COG4574	GC_00001763	1	1	27	19
Panthothenate synthetase	0	1	1	NA	COG0414	GC_00002254	1	1	27	19
Nitrate reductase gamma subunit	0	1	1	NA	COG2181	GC_00001033, GC_00001828	1	1	27	19
Phosphotransacetylase	0	1	1	NA	COG0280	GC_00000365	1	1	27	19
Hemin uptake protein HemP	0	1	1	NA	COG4256	GC_00001659	1	1	27	19
Acetylornithine deacetylase/Succinyl-diaminopimelate desuccinylase or related deacylase	0	1	1	NA	COG0624	GC_00000516, GC_00001008, GC_00001837, GC_00002489	1	1	27	19
Panthothenate kinase	0	1	1	NA	COG1072	GC_00000430, GC_00000767	1	1	27	19
Molybdopterin biosynthesis enzyme	0	1	1	NA	COG0303	GC_00002983	1	1	27	19
ATP-dependent exoDNAse (exonuclease V), alpha subunit, helicase superfamily I	0	1	1	NA	COG0507	GC_00002651, GC_00004154, GC_00005936, GC_00006884, GC_00007564, GC_00007892, GC_00008732, GC_00008859, GC_00010336, GC_00011424, GC_00011578	1	1	27	19
Aromatic ring-opening dioxygenase, catalytic subunit, LigB family	0	1	1	NA	COG3384	GC_00002293, GC_00003668, GC_00004876	1	1	27	19
S-formylglutathione hydrolase FrmB	0	1	1	NA	COG0627	GC_00002152, GC_00002962, GC_00009914	1	1	27	19
Co/Zn/Cd efflux system component	0	1	1	NA	COG1230	GC_00000374	1	1	27	19
GAF domain!!!Transcriptional regulator containing GAF, AAA-type ATPase, and DNA-binding Fis domains	0	1	1	NA	COG2203!!!COG3604	GC_00002458, GC_00002667	1	1	27	19
Cystathionine beta-lyase/cystathionine gamma-synthase	0	1	1	NA	COG0626	GC_00002708, GC_00002933, GC_00003395, GC_00008080	1	1	27	19
Multimeric flavodoxin WrbA	0	1	1	NA	COG0655	GC_00001152, GC_00004719	1	1	27	19
Primosomal protein N' (replication factor Y) - superfamily II helicase	0	1	1	NA	COG1198	GC_00002815	1	1	27	19
Ribosomal protein L6P/L9E	0	1	1	NA	COG0097	GC_00000633	1	1	27	19
NifU homolog involved in Fe-S cluster formation	0	1	1	NA	COG0822	GC_00000655	1	1	27	19
5,10-methylenetetrahydrofolate reductase	0	1	1	NA	COG0685	GC_00001862	1	1	27	19
Alpha-D-ribose 1-methylphosphonate 5-triphosphate synthase subunit PhnI	0	1	1	NA	COG3626	GC_00002780	1	1	27	19
Phosphopantetheine adenylyltransferase	0	1	1	NA	COG0669	GC_00001559	1	1	27	19
Formate-dependent nitrite reductase, membrane component NrfD	0	1	1	NA	COG3301	GC_00002146	1	1	27	19
Methionine synthase I (cobalamin-dependent), methyltransferase domain!!!Methionine synthase I, cobalamin-binding domain	0	1	1	NA	COG0646!!!COG1410	GC_00002803	1	1	27	19
Uncharacterized protein affecting Mg2+/Co2+ transport	0	1	1	NA	COG2967	GC_00000601	1	1	27	19
Mg2+ and Co2+ transporter CorC, contains CBS pair and CorC-HlyC domains	0	1	1	NA	COG4535	GC_00000635	1	1	27	19
tRNA G46 methylase TrmB	0	1	1	NA	COG0220	GC_00001789	1	1	27	19
Nicotinamide riboside transporter PnuC	0	1	1	NA	COG3201	GC_00002013, GC_00004706	1	1	27	19
Uncharacterized membrane protein YphA, DoxX/SURF4 family	0	1	1	NA	COG2259	GC_00001900, GC_00003137, GC_00006478	1	1	27	19
Homoserine kinase	0	1	1	NA	COG0083	GC_00001788	1	1	27	19
Rubredoxin	0	1	1	NA	COG1773	GC_00002248	1	1	27	19
Ribonucleotide reductase beta subunit, ferritin-like domain	0	1	1	NA	COG0208	GC_00001445, GC_00002504	1	1	27	19
Phosphoheptose isomerase	0	1	1	NA	COG0279	GC_00000893, GC_00001523	1	1	27	19
Ribosome-binding factor A	0	1	1	NA	COG0858	GC_00000751	1	1	27	19
Protein-L-isoaspartate O-methyltransferase	0	1	1	NA	COG2518	GC_00000292, GC_00004399	1	1	27	19
Uncharacterized protein involved in cysteine biosynthesis	0	1	1	NA	COG2981	GC_00001386	1	1	27	19
Ribosomal protein S16	0	1	1	NA	COG0228	GC_00000634	1	1	27	19
Catechol 2,3-dioxygenase or other lactoylglutathione lyase family enzyme	0	1	1	NA	COG0346	GC_00001366, GC_00001854, GC_00009253, GC_00010371	1	1	27	19
Uncharacterized Zn-finger containing protein, UPF0148 family	0	1	1	NA	COG1645	GC_00004034, GC_00004319, GC_00008117	1	1	27	19
UDP-N-acetylglucosamine enolpyruvyl transferase	0	1	1	NA	COG0766	GC_00001047	1	1	27	19
MraZ, DNA-binding transcriptional regulator and inhibitor of RsmH methyltransferase activity	0	1	1	NA	COG2001	GC_00001023	1	1	27	19
Uridine kinase	0	1	1	NA	COG0572	GC_00000593	1	1	27	19
Nicotinamide mononucleotide (NMN) deamidase PncC	0	1	1	NA	COG1546	GC_00001482, GC_00003988	1	1	27	19
Predicted 2-oxoglutarate- and Fe(II)-dependent dioxygenase YbiX	0	1	1	NA	COG3128	GC_00002138	1	1	27	19
Predicted membrane metal-binding protein!!!Metal-dependent hydrolase, beta-lactamase superfamily II	0	1	1	NA	COG0658!!!COG2333	GC_00000435	1	1	27	19
Dihydroorotase	0	1	1	NA	COG0418	GC_00002676	1	1	27	19
Fe-S oxidoreductase!!!FAD/FMN-containing dehydrogenase	0	1	1	NA	COG0247!!!COG0277	GC_00002958	1	1	27	19
General stress protein YciG, contains tandem KGG domains	0	1	1	NA	COG3729	GC_00000043	1	1	27	19
Lipoprotein NlpI, contains TPR repeats	0	1	1	NA	COG4785	GC_00000867	1	1	27	19
FoF1-type ATP synthase, gamma subunit	0	1	1	NA	COG0224	GC_00000885	1	1	27	19
Enolase	0	1	1	NA	COG0148	GC_00000708, GC_00010426	1	1	27	19
Ribosomal protein S7	0	1	1	NA	COG0049	GC_00000925	1	1	27	19
NAD-dependent protein deacetylase, SIR2 family	0	1	1	NA	COG0846	GC_00002024, GC_00008669	1	1	27	19
Superfamily I DNA or RNA helicase	0	1	1	NA	COG0210	GC_00001571, GC_00002543, GC_00002571, GC_00005555, GC_00008786, GC_00009606, GC_00010708, GC_00010714, GC_00010942, GC_00011378	1	1	27	19
Fe-S cluster biosynthesis and repair protein YggX	0	1	1	NA	COG2924	GC_00000870	1	1	27	19
Adenine specific DNA methylase Mod	0	1	1	NA	COG2189	GC_00002331, GC_00008180, GC_00008342, GC_00009563, GC_00009587, GC_00010659, GC_00010944, GC_00011541	1	1	27	19
Protoheme ferro-lyase (ferrochelatase)	0	1	1	NA	COG0276	GC_00002468	1	1	27	19
D-alanine-D-alanine ligase and related ATP-grasp enzymes	0	1	1	NA	COG1181	GC_00001413, GC_00002244	1	1	27	19
Glycosyltransferase, GT2 family	0	1	1	NA	COG1216	GC_00002744, GC_00003429, GC_00005389, GC_00006356, GC_00006704, GC_00008756, GC_00009224, GC_00009227, GC_00009240, GC_00009330, GC_00009595, GC_00009600, GC_00009660, GC_00010388, GC_00011553, GC_00011612, GC_00011725, GC_00011807, GC_00011856, GC_00011972, GC_00012176	1	1	27	19
DNA-binding transcriptional regulator SgrR  of sgrS sRNA, contains a MarR-type HTH domain and a periplasmic-type solute-binding domain	0	1	1	NA	COG4533	GC_00000503, GC_00003211, GC_00012159	1	1	27	19
Uncharacterized conserved protein YeaO, DUF488 family	0	1	1	NA	COG3189	GC_00001928	1	1	27	19
Uncharacterized conserved protein YfaA, DUF2138 family	0	1	1	NA	COG4685	GC_00000477	1	1	27	19
Predicted DNA-binding protein with double-wing structural motif, MmcQ/YjbR family	0	1	1	NA	COG2315	GC_00001167, GC_00001599	1	1	27	19
L-asparaginase/archaeal Glu-tRNAGln amidotransferase subunit D	0	1	1	NA	COG0252	GC_00000447, GC_00001416	1	1	27	19
Homoserine trans-succinylase	0	1	1	NA	COG1897	GC_00002317	1	1	27	19
Asparagine synthetase A	0	1	1	NA	COG2502	GC_00002487	1	1	27	19
Uncharacterized conserved protein YfiM, DUF2279 family	0	1	1	NA	COG5544	GC_00002483	1	1	27	19
Valyl-tRNA synthetase	0	1	1	NA	COG0525	GC_00002659	1	1	27	19
ABC-type nitrate/sulfonate/bicarbonate transport system, permease component	0	1	1	NA	COG0600	GC_00001996, GC_00003239	1	1	27	19
ABC-type dipeptide/oligopeptide/nickel transport system, permease component	0	1	1	NA	COG0601	GC_00000279, GC_00000626, GC_00001026, GC_00001163, GC_00001436, GC_00001513, GC_00001708, GC_00001819, GC_00003819, GC_00003827, GC_00004518, GC_00004534	1	1	27	19
Ribosomal protein L13	0	1	1	NA	COG0102	GC_00000537	1	1	27	19
tRNA C32,U32 (ribose-2'-O)-methylase TrmJ or a related methyltransferase	0	1	1	NA	COG0565	GC_00000490, GC_00001305	1	1	27	19
DNA-directed RNA polymerase, sigma subunit (sigma70/sigma32)	0	1	1	NA	COG0568	GC_00000110, GC_00000330, GC_00000641, GC_00011007	1	1	27	19
Ribosomal protein S17	0	1	1	NA	COG0186	GC_00000557	1	1	27	19
Succinate dehydrogenase/fumarate reductase, cytochrome b subunit	0	1	1	NA	COG2009	GC_00001672	1	1	27	19
Outer membrane receptor for ferric coprogen and ferric-rhodotorulic acid	0	1	1	NA	COG4773	GC_00000236, GC_00004135, GC_00004591, GC_00008331	1	1	27	19
Tfp pilus assembly protein FimV	0	1	1	NA	COG3170	GC_00001953, GC_00005095, GC_00009222	1	1	27	19
Dihydroorotate dehydrogenase	0	1	1	NA	COG0167	GC_00001576	1	1	27	19
Thiamine monophosphate kinase	0	1	1	NA	COG0611	GC_00001805	1	1	27	19
DNA repair ATPase RecN	0	1	1	NA	COG0497	GC_00002233, GC_00009852	1	1	27	19
NADH:ubiquinone oxidoreductase subunit 4 (chain M)	0	1	1	NA	COG1008	GC_00001485	1	1	27	19
FoF1-type ATP synthase, epsilon subunit	0	1	1	NA	COG0355	GC_00000798	1	1	27	19
3-hydroxyisobutyrate dehydrogenase or related beta-hydroxyacid dehydrogenase	0	1	1	NA	COG2084	GC_00001166, GC_00003155, GC_00003661, GC_00003926, GC_00004430, GC_00006433	1	1	27	19
Phosphoribosyl 1,2-cyclic phosphodiesterase	0	1	1	NA	COG1235	GC_00002719	1	1	27	19
Putative transcriptional regulator, AlgH/UPF0301 family	0	1	1	NA	COG1678	GC_00000942	1	1	27	19
Signal transduction protein containing GAF and PtsI domains	0	1	1	NA	COG3605	GC_00002229	1	1	27	19
Uncharacterized conserved protein YfaP, DUF2135 family	0	1	1	NA	COG4676	GC_00002521	1	1	27	19
ABC-type phosphate/phosphonate transport system, periplasmic component	0	1	1	NA	COG3221	GC_00002362	1	1	27	19
Uncharacterized protein YhjY, contains autotransporter beta-barrel domain	0	1	1	NA	COG5571	GC_00000227	1	1	27	19
Indole-3-glycerol phosphate synthase!!!Phosphoribosylanthranilate isomerase	0	1	1	NA	COG0134!!!COG0135	GC_00002915	1	1	27	19
Ribose 1,5-bisphosphokinase PhnN	0	1	1	NA	COG3709	GC_00002589	1	1	27	19
Multidrug resistance efflux pump	0	1	1	NA	COG1566	GC_00000053, GC_00000391, GC_00001211, GC_00001472, GC_00002392, GC_00002553, GC_00004577	1	1	27	19
Cytochrome c-type biogenesis protein CcmH/NrfF!!!Cytochrome c-type biogenesis protein CcmH/NrfG	0	1	1	NA	COG3088!!!COG4235	GC_00002732	1	1	27	19
1-acyl-sn-glycerol-3-phosphate acyltransferase!!!Acyl-CoA synthetase (AMP-forming)/AMP-acid ligase II	0	1	1	NA	COG0204!!!COG0318	GC_00002861	1	1	27	19
GGDEF domain, diguanylate cyclase (c-di-GMP synthetase) or its enzymatically inactive variants	0	1	1	NA	COG2199	GC_00002240, GC_00002693, GC_00002736, GC_00002776, GC_00003007, GC_00006626, GC_00009425, GC_00011079	1	1	27	19
Pyridoxine/pyridoxamine 5'-phosphate oxidase	0	1	1	NA	COG0259	GC_00001836	1	1	27	19
Periplasmic chaperone for outer membrane proteins, Skp family	0	1	1	NA	COG2825	GC_00000766	1	1	27	19
ABC-type multidrug transport system, permease component!!!Uncharacterized membrane protein YhgE, phage infection protein (PIP) family	0	1	1	NA	COG0842!!!COG1511	GC_00001868	1	1	27	19
Dihydroorotase or related cyclic amidohydrolase	0	1	1	NA	COG0044	GC_00000125, GC_00002031, GC_00003405	1	1	27	19
Predicted molibdopterin-dependent oxidoreductase YjgC	0	1	1	NA	COG3383	GC_00000613, GC_00001660	1	1	27	19
Phosphopentomutase	0	1	1	NA	COG1015	GC_00000290, GC_00003555	1	1	27	19
Cytochrome bd-type quinol oxidase, subunit 1	0	1	1	NA	COG1271	GC_00000823, GC_00002393	1	1	27	19
Shikimate kinase	0	1	1	NA	COG0703	GC_00000547, GC_00001018	1	1	27	19
Uncharacterized protein YPO0396	0	1	1	NA	COG4913	GC_00003022	1	1	27	19
Lauroyl/myristoyl acyltransferase	0	1	1	NA	COG1560	GC_00001532, GC_00001623, GC_00001846, GC_00005424, GC_00005803	1	1	27	19
Periplasmic serine protease, S1-C subfamily, contain C-terminal PDZ domain	0	1	1	NA	COG0265	GC_00001502, GC_00001725, GC_00002023, GC_00009460	1	1	27	19
16S rRNA U1498 N3-methylase RsmE	0	1	1	NA	COG1385	GC_00001347, GC_00009812	1	1	27	19
Outer membrane lipoprotein SlyB	0	1	1	NA	COG3133	GC_00001396, GC_00001608, GC_00011299	1	1	27	19
Predicted GTPases	0	1	1	NA	COG1160	GC_00001612	1	1	27	19
Uncharacterized conserved protein YecM, predicted metalloenzyme	0	1	1	NA	COG3102	GC_00002223	1	1	27	19
Copper oxidase (laccase) domain	0	1	1	NA	COG1496	GC_00002928	1	1	27	19
Glucokinase	0	1	1	NA	COG0837	GC_00001649	1	1	27	19
Peptidoglycan biosynthesis protein MviN/MurJ, putative lipid II flippase	0	1	1	NA	COG0728	GC_00001686	1	1	27	19
Putative antitoxin component PasI (RatB) of the RatAB toxin-antitoxin module, ubiquitin-RnfH superfamily	0	1	1	NA	COG2914	GC_00001757	1	1	27	19
ABC-type uncharacterized transport system YnjBCD, periplasmic component	0	1	1	NA	COG4134	GC_00000442	1	1	27	19
Tyrosyl-tRNA synthetase	0	1	1	NA	COG0162	GC_00000311	1	1	27	19
Uncharacterized protein YqfB, UPF0267 family	0	1	1	NA	COG3097	GC_00002095	1	1	27	19
DNA-binding transcriptional regulator, MarR family	0	1	1	NA	COG1846	GC_00001096, GC_00001333, GC_00001539, GC_00004183, GC_00004188, GC_00004286, GC_00004349, GC_00004652, GC_00004840, GC_00004893, GC_00005122, GC_00006044, GC_00006252, GC_00006311, GC_00008884, GC_00009040, GC_00009973, GC_00012170	1	1	27	19
3-deoxy-D-manno-octulosonate 8-phosphate phosphatase KdsC and related HAD superfamily phosphatases	0	1	1	NA	COG1778	GC_00001667	1	1	27	19
Cell division protein DamX, binds to the septal ring, contains C-terminal SPOR domain	0	1	1	NA	COG3266	GC_00002870, GC_00007085, GC_00008973, GC_00009545, GC_00009581, GC_00010754, GC_00010884	1	1	27	19
DNA-binding transcriptional regulator, FrmR family	0	1	1	NA	COG1937	GC_00000729, GC_00003358	1	1	27	19
Electron transfer flavoprotein, alpha and beta subunits	0	1	1	NA	COG2086	GC_00001765, GC_00002335, GC_00003197	1	1	27	19
Uncharacterized NAD(P)/FAD-binding protein YdhS	0	1	1	NA	COG4529	GC_00000234	1	1	27	19
MFS family permease!!!Na+/melibiose symporter or related transporter	0	1	1	NA	COG0477!!!COG2211	GC_00002322	1	1	27	19
Histidinol-phosphate/aromatic aminotransferase or cobyric acid decarboxylase	0	1	1	NA	COG0079	GC_00002795	1	1	27	19
Ribosomal protein L27	0	1	1	NA	COG0211	GC_00000696	1	1	27	19
Periplasmic Cu and Ag efflux protein CusF	0	1	1	NA	COG5569	GC_00000384, GC_00006576	1	1	27	19
Malate/lactate/ureidoglycolate dehydrogenase, LDH2 family	0	1	1	NA	COG2055	GC_00002136, GC_00002285, GC_00003574, GC_00004488, GC_00004563, GC_00012174	1	1	27	19
Uncharacterized conserved protein YaiI, UPF0178 family	0	1	1	NA	COG1671	GC_00001110, GC_00008707, GC_00011156, GC_00011176	1	1	27	19
ATP-dependent protease ClpP, protease subunit	0	1	1	NA	COG0740	GC_00000720, GC_00006965, GC_00010435, GC_00010937, GC_00012002	1	1	27	19
2-polyprenyl-6-methoxyphenol hydroxylase and related FAD-dependent oxidoreductases	0	1	1	NA	COG0654	GC_00002827, GC_00002840, GC_00002985, GC_00003686, GC_00005331	1	1	27	19
Integrase	0	1	1	NA	COG0582	GC_00003584, GC_00003651, GC_00003867, GC_00003976, GC_00004040, GC_00004173, GC_00004174, GC_00004194, GC_00004231, GC_00004232, GC_00004291, GC_00004332, GC_00004404, GC_00004530, GC_00004647, GC_00004713, GC_00004780, GC_00004810, GC_00004832, GC_00004846, GC_00004858, GC_00004968, GC_00005063, GC_00005093, GC_00005097, GC_00005220, GC_00005332, GC_00005399, GC_00005446, GC_00005482, GC_00005627, GC_00005730, GC_00005836, GC_00005899, GC_00005903, GC_00005906, GC_00006026, GC_00006081, GC_00006116, GC_00006123, GC_00006165, GC_00006175, GC_00006180, GC_00006186, GC_00006337, GC_00006370, GC_00006569, GC_00006584, GC_00006608, GC_00006805, GC_00006875, GC_00006897, GC_00007022, GC_00007063, GC_00007083, GC_00007125, GC_00007126, GC_00007163, GC_00007167, GC_00007206, GC_00007291, GC_00007347, GC_00007435, GC_00007480, GC_00007610, GC_00007614, GC_00007632, GC_00007646, GC_00007701, GC_00007882, GC_00007899, GC_00008069, GC_00008076, GC_00008192, GC_00008238, GC_00008277, GC_00008308, GC_00008369, GC_00008406, GC_00008417, GC_00008421, GC_00008541, GC_00008549, GC_00008566, GC_00008580, GC_00008706, GC_00008709, GC_00008724, GC_00008752, GC_00008758, GC_00008771, GC_00008796, GC_00008809, GC_00008855, GC_00008882, GC_00008905, GC_00008994, GC_00009053, GC_00009305, GC_00009306, GC_00009414, GC_00009471, GC_00009541, GC_00009666, GC_00009949, GC_00009960, GC_00010014, GC_00010482, GC_00010614, GC_00010642, GC_00010704, GC_00010867, GC_00010960, GC_00011023, GC_00011254, GC_00011334, GC_00011517, GC_00011600, GC_00011605, GC_00011705, GC_00011892, GC_00011987, GC_00012195	1	1	27	19
tRNA U34 2-thiouridine synthase MnmA/TrmU, contains the PP-loop ATPase domain	0	1	1	NA	COG0482	GC_00001883	1	1	27	19
16S rRNA C967 or C1407 C5-methylase, RsmB/RsmF family!!!Transcription termination factor NusB	0	1	1	NA	COG0144!!!COG0781	GC_00002569	1	1	27	19
ABC-type lipopolysaccharide export system, ATPase component	0	1	1	NA	COG1137	GC_00000690	1	1	27	19
Peptide deformylase	0	1	1	NA	COG0242	GC_00000273	1	1	27	19
Succinate dehydrogenase, hydrophobic anchor subunit	0	1	1	NA	COG2142	GC_00001049	1	1	27	19
High-affinity K+ transport system, ATPase chain B	0	1	1	NA	COG2216	GC_00002806	1	1	27	19
Glycerate kinase	0	1	1	NA	COG1929	GC_00002613, GC_00002942, GC_00006432	1	1	27	19
Phosphopantetheinyl transferase (holo-ACP synthase)	0	1	1	NA	COG0736	GC_00002123, GC_00005716	1	1	27	19
Uncharacterized membrane protein YbjE, DUF340 family	0	1	1	NA	COG2431	GC_00002103	1	1	27	19
Periplasmic DMSO/TMAO reductase YedYZ, heme-binding membrane subunit	0	1	1	NA	COG2717	GC_00002905	1	1	27	19
Uncharacterized membrane protein YeaQ/YmgE, transglycosylase-associated protein family	0	1	1	NA	COG2261	GC_00000599, GC_00003371	1	1	27	19
Uncharacterized conserved protein HemY, contains two TPR repeats	0	1	1	NA	COG3071	GC_00001132	1	1	27	19
Protein N-acetyltransferase, RimJ/RimL family	0	1	1	NA	COG1670	GC_00001320, GC_00001710, GC_00002731, GC_00004628, GC_00009856, GC_00010540	1	1	27	19
Uncharacterized lipoprotein NlpE involved in copper resistance	0	1	1	NA	COG3015	GC_00002822	1	1	27	19
ABC-type transporter Mla maintaining outer membrane lipid asymmetry, periplasmic component MlaD!!!Paraquat-inducible protein B	0	1	1	NA	COG1463!!!COG3008	GC_00001970	1	1	27	19
Nitrate reductase assembly protein NarJ, required for insertion of molybdenum cofactor	0	1	1	NA	COG2180	GC_00001864, GC_00002278	1	1	27	19
DNA-binding transcriptional regulator, FadR family	0	1	1	NA	COG2186	GC_00000560, GC_00000649, GC_00001567, GC_00001653, GC_00002140, GC_00002239, GC_00003168, GC_00003515, GC_00003518, GC_00004442, GC_00006416, GC_00006463, GC_00009168, GC_00010729	1	1	27	19
Adenine-specific DNA glycosylase, acts on AG and A-oxoG pairs	0	1	1	NA	COG1194	GC_00002426	1	1	27	19
Transcriptional regulator of met regulon	0	1	1	NA	COG3060	GC_00000644	1	1	27	19
Na+-translocating ferredoxin:NAD+ oxidoreductase RNF, RnfB subunit	0	1	1	NA	COG2878	GC_00002054	1	1	27	19
Uncharacterized membrane protein, DUF485 family	0	1	1	NA	COG3162	GC_00001749	1	1	27	19
Cupin domain protein related to quercetin dioxygenase!!!Transcriptional regulator GlxA family, contains an amidase domain and an AraC-type DNA-binding HTH domain	0	1	1	NA	COG1917!!!COG4977	GC_00000437, GC_00002469	1	1	27	19
L-ascorbate metabolism protein UlaG, beta-lactamase superfamily	0	1	1	NA	COG2220	GC_00001631, GC_00005746, GC_00011507	1	1	27	19
Recombinational DNA repair ATPase RecF	0	1	1	NA	COG1195	GC_00000915	1	1	27	19
Formate hydrogenlyase subunit 4	0	1	1	NA	COG0650	GC_00002533, GC_00003848	1	1	27	19
Cytochrome oxidase Cu insertion factor, SCO1/SenC/PrrC family	0	1	1	NA	COG1999	GC_00001943	1	1	27	19
ssDNA-binding Zn-finger and Zn-ribbon domains of topoisomerase 1	0	1	1	NA	COG0551	GC_00002029, GC_00005271, GC_00012123	1	1	27	19
Outer membrane lipoprotein LpoA, binds and activates PBP1a	0	1	1	NA	COG3107	GC_00000467	1	1	27	19
Molecular chaperone DnaK (HSP70)	0	1	1	NA	COG0443	GC_00000837, GC_00001483, GC_00003011, GC_00003713, GC_00004582, GC_00005810, GC_00006366, GC_00006870, GC_00007357, GC_00007805, GC_00008224, GC_00010149	1	1	27	19
Glycosyltransferase, catalytic subunit of cellulose synthase and poly-beta-1,6-N-acetylglucosamine synthase	0	1	1	NA	COG1215	GC_00000114, GC_00002452, GC_00003224, GC_00003388, GC_00003592, GC_00006423, GC_00007092, GC_00007857, GC_00008109, GC_00008375, GC_00009164, GC_00009292, GC_00010294, GC_00010760, GC_00011319, GC_00011485, GC_00011929	1	1	27	19
Diacylglycerol kinase	0	1	1	NA	COG0818	GC_00001212, GC_00005459, GC_00011598	1	1	27	19
DNA recombination-dependent growth factor C	0	1	1	NA	COG2974	GC_00001506, GC_00009015	1	1	27	19
Alanine-alpha-ketoisovalerate (or valine-pyruvate) aminotransferase	0	1	1	NA	COG3977	GC_00002155	1	1	27	19
FoF1-type ATP synthase, alpha subunit	0	1	1	NA	COG0056	GC_00000669	1	1	27	19
Formate/nitrite transporter FocA, FNT family	0	1	1	NA	COG2116	GC_00001580, GC_00001998, GC_00002001, GC_00003779	1	1	27	19
Protein chain release factor B	0	1	1	NA	COG1186	GC_00001029, GC_00002675, GC_00003410, GC_00008225	1	1	27	19
Ribosomal protein S21	0	1	1	NA	COG0828	GC_00000575	1	1	27	19
Replication-associated recombination protein RarA (DNA-dependent ATPase)	0	1	1	NA	COG2256	GC_00001521	1	1	27	19
Di- and tricarboxylate transporter!!!K+/H+ antiporter YhaU, regulatory subunit KhtT	0	1	1	NA	COG0471!!!COG0490	GC_00001525, GC_00004612	1	1	27	19
IMP dehydrogenase/GMP reductase!!!CBS domain!!!NAD(P)H-dependent flavin oxidoreductase YrpB, nitropropane dioxygenase family	0	1	1	NA	COG0516!!!COG0517!!!COG2070	GC_00001354	1	1	27	19
ABC-type Fe3+ transport system, permease component	0	1	1	NA	COG1178	GC_00003263, GC_00004920	1	1	27	19
Thymidylate kinase	0	1	1	NA	COG0125	GC_00001845, GC_00003496, GC_00003533, GC_00003542	1	1	27	19
AraC-type DNA-binding domain and AraC-containing proteins	0	1	1	NA	COG2207	GC_00000687, GC_00001221, GC_00001705, GC_00002028, GC_00002282, GC_00002422, GC_00002455, GC_00002512, GC_00003210, GC_00003379, GC_00003729, GC_00003776, GC_00004156, GC_00004223, GC_00004470, GC_00004635, GC_00005229, GC_00005659, GC_00005754, GC_00006554, GC_00006634, GC_00007402, GC_00007520, GC_00007707, GC_00008393, GC_00010593, GC_00010915, GC_00011043, GC_00011370, GC_00011393, GC_00011786	1	1	27	19
dTDP-glucose pyrophosphorylase	0	1	1	NA	COG1209	GC_00001269, GC_00004295, GC_00008995, GC_00011209, GC_00011519	1	1	27	19
Chorismate synthase	0	1	1	NA	COG0082	GC_00001918	1	1	27	19
ATP-dependent exoDNAse (exonuclease V) beta subunit (contains helicase and exonuclease domains)	0	1	1	NA	COG1074	GC_00002874	1	1	27	19
Acetyltransferase (isoleucine patch superfamily)	0	1	1	NA	COG0110	GC_00001929, GC_00003409, GC_00003550, GC_00005667, GC_00006291, GC_00006302, GC_00006317, GC_00006388, GC_00008005, GC_00008590, GC_00008802, GC_00009604, GC_00011408, GC_00011853, GC_00012168	1	1	27	19
Succinyl-CoA synthetase, beta subunit	0	1	1	NA	COG0045	GC_00000820, GC_00004561	1	1	27	19
Predicted transcriptional regulator YheO, contains PAS and DNA-binding HTH domains	0	1	1	NA	COG2964	GC_00001149	1	1	27	19
Membrane protein implicated in regulation of membrane protease activity	0	1	1	NA	COG1585	GC_00002196, GC_00010912, GC_00011268	1	1	27	19
Redox-sensitive bicupin YhaK, pirin superfamily	0	1	1	NA	COG1741	GC_00002017, GC_00002264	1	1	27	19
ABC-type uncharacterized transport system, permease component	0	1	1	NA	COG4137	GC_00000943	1	1	27	19
Ribosomal protein L35	0	1	1	NA	COG0291	GC_00000776	1	1	27	19
UTP:GlnB (protein PII) uridylyltransferase	0	1	1	NA	COG2844	GC_00002863	1	1	27	19
Ribosome recycling factor	0	1	1	NA	COG0233	GC_00000571	1	1	27	19
Sugar diacid utilization regulator	0	1	1	NA	COG3835	GC_00000340	1	1	27	19
Membrane-bound metal-dependent hydrolase YbcI, DUF457 family	0	1	1	NA	COG1988	GC_00001283, GC_00002755	1	1	27	19
Uncharacterized conserved protein YfaS, alpha-2-macroglobulin family	0	1	1	NA	COG2373	GC_00000097, GC_00002994, GC_00005411, GC_00005598, GC_00008516, GC_00011328	1	1	27	19
Cytoplasmic chaperone TorD involved in molybdoenzyme TorA maturation	0	1	1	NA	COG3381	GC_00001651, GC_00002323, GC_00002914	1	1	27	19
DNA-directed RNA polymerase, beta' subunit/160 kD subunit	0	1	1	NA	COG0086	GC_00001449	1	1	27	19
DNA-directed RNA polymerase specialized sigma subunit, sigma24 family	0	1	1	NA	COG1595	GC_00000614, GC_00004010, GC_00011091	1	1	27	19
Uncharacterized membrane protein HdeD, DUF308 family	0	1	1	NA	COG3247	GC_00001668, GC_00011274	1	1	27	19
Fe2+ transport system protein B	0	1	1	NA	COG0370	GC_00002515	1	1	27	19
tmRNA-binding protein	0	1	1	NA	COG0691	GC_00000805	1	1	27	19
NADH:ubiquinone oxidoreductase, NADH-binding 51 kD subunit (chain F)	0	1	1	NA	COG1894	GC_00002139	1	1	27	19
FKBP-type peptidyl-prolyl cis-trans isomerase (trigger factor)	0	1	1	NA	COG0544	GC_00001433	1	1	27	19
7-keto-8-aminopelargonate synthetase or related enzyme	0	1	1	NA	COG0156	GC_00001834, GC_00002886, GC_00003599	1	1	27	19
Leucyl aminopeptidase	0	1	1	NA	COG0260	GC_00000679, GC_00002706	1	1	27	19
S-adenosylmethionine decarboxylase or arginine decarboxylase	0	1	1	NA	COG1586	GC_00001327	1	1	27	19
ABC-type glycerol-3-phosphate transport system, permease component	0	1	1	NA	COG0395	GC_00002132, GC_00003132	1	1	27	19
Tetraacyldisaccharide-1-P 4'-kinase	0	1	1	NA	COG1663	GC_00000470	1	1	27	19
NAD(P)H-flavin reductase	0	1	1	NA	COG0543	GC_00000972, GC_00010491	1	1	27	19
Ribosomal protein S13	0	1	1	NA	COG0099	GC_00000522	1	1	27	19
Membrane-bound lytic murein transglycosylase	0	1	1	NA	COG2821	GC_00001338	1	1	27	19
ABC-type uncharacterized transport system YnjBCD, permease component	0	1	1	NA	COG4135	GC_00002742	1	1	27	19
Uncharacterized membrane protein YhiD, involved in acid resistance	0	1	1	NA	COG1285	GC_00001613, GC_00010098	1	1	27	19
Ribosomal protein S3	0	1	1	NA	COG0092	GC_00000760	1	1	27	19
Uncharacterized conserved protein YecE, DUF72 family	0	1	1	NA	COG1801	GC_00000029	1	1	27	19
ABC-type phosphate transport system, permease component	0	1	1	NA	COG0573	GC_00000911, GC_00001812	1	1	27	19
Thiamine biosynthesis lipoprotein ApbE	0	1	1	NA	COG1477	GC_00002180	1	1	27	19
Uncharacterized protein YihD, DUF1040 family	0	1	1	NA	COG3084	GC_00000861	1	1	27	19
Proline dehydrogenase!!!Predicted transcriptional regulator!!!Delta 1-pyrroline-5-carboxylate dehydrogenase	0	1	1	NA	COG0506!!!COG3905!!!COG4230	GC_00003002	1	1	27	19
Type II secretory pathway, component PulJ	0	1	1	NA	COG4795	GC_00002763, GC_00003853, GC_00003982, GC_00005759	1	1	27	19
3-oxoacyl-(acyl-carrier-protein) synthase	0	1	1	NA	COG0304	GC_00000904, GC_00001091, GC_00004808, GC_00004837, GC_00005727, GC_00005794, GC_00011832	1	1	27	19
Imidazoleglycerol phosphate dehydratase HisB!!!Histidinol phosphatase or a related phosphatase	0	1	1	NA	COG0131!!!COG0241	GC_00002844	1	1	27	19
Aspartyl-tRNA synthetase	0	1	1	NA	COG0173	GC_00002591	1	1	27	19
DNA polymerase III, gamma/tau subunits	0	1	1	NA	COG2812	GC_00002558	1	1	27	19
ATP-dependent Clp protease ATP-binding subunit ClpA	0	1	1	NA	COG0542	GC_00000201, GC_00000932, GC_00004250, GC_00004664, GC_00010550, GC_00011495	1	1	27	19
Carboxysome shell and ethanolamine utilization microcompartment protein CcmL/EutN	0	1	1	NA	COG4577	GC_00000552, GC_00002051, GC_00004646, GC_00006284, GC_00006376, GC_00006417, GC_00006467, GC_00006611, GC_00007345, GC_00008169, GC_00010586	1	1	27	19
Ornithine carbamoyltransferase	0	1	1	NA	COG0078	GC_00000128, GC_00001272, GC_00004800	1	1	27	19
Glycerol-3-phosphate responsive antiterminator (mRNA-binding)	0	1	1	NA	COG1954	GC_00000314, GC_00010574	1	1	27	19
NAD-dependent DNA ligase	0	1	1	NA	COG0272	GC_00000494, GC_00002839, GC_00008529	1	1	27	19
Arginase family enzyme	0	1	1	NA	COG0010	GC_00001761, GC_00007988	1	1	27	19
tRNA1(Val) A37 N6-methylase TrmN6	0	1	1	NA	COG4123	GC_00002149	1	1	27	19
Predicted Zn-dependent protease or its inactivated homolog	0	1	1	NA	COG0312	GC_00001155, GC_00001620	1	1	27	19
Single-stranded DNA-specific exonuclease, DHH superfamily, may be involved in archaeal DNA replication intiation	0	1	1	NA	COG0608	GC_00002887	1	1	27	19
Glycyl-tRNA synthetase, alpha subunit	0	1	1	NA	COG0752	GC_00000832	1	1	27	19
Sugar phosphate permease	0	1	1	NA	COG2271	GC_00000323, GC_00000343, GC_00000348, GC_00001067, GC_00001391, GC_00001727, GC_00002554, GC_00003317, GC_00003326, GC_00003483, GC_00003654, GC_00003762, GC_00004207, GC_00004324, GC_00004954, GC_00005477, GC_00005617, GC_00006384, GC_00006434, GC_00007461, GC_00007482, GC_00007769, GC_00011422	1	1	27	19
Outer membrane protein W	0	1	1	NA	COG3047	GC_00002177	1	1	27	19
Dienelactone hydrolase	0	1	1	NA	COG0412	GC_00000121, GC_00002077, GC_00005455	1	1	27	19
Enhancing lycopene biosynthesis protein 2	0	1	1	NA	COG3155	GC_00002332	1	1	27	19
23S rRNA A1618 N6-methylase RlmF	0	1	1	NA	COG3129	GC_00002208	1	1	27	19
AraC-type DNA-binding domain and AraC-containing proteins!!!Predicted transcriptional regulator YdeE, contains AraC-type DNA-binding domain	0	1	1	NA	COG2207!!!COG3708	GC_00001188, GC_00003460, GC_00010818, GC_00012039	1	1	27	19
Outer membrane lipoprotein LptE/RlpB (LPS assembly)	0	1	1	NA	COG2980	GC_00000289	1	1	27	19
Phosphotransacetylase!!!Malic enzyme	0	1	1	NA	COG0280!!!COG0281	GC_00002406	1	1	27	19
Uncharacterized membrane protein affecting hemolysin expression	0	1	1	NA	COG3726	GC_00000041	1	1	27	19
Translation elongation factor P (EF-P)/translation initiation factor 5A (eIF-5A)	0	1	1	NA	COG0231	GC_00000689, GC_00003037	1	1	27	19
Uncharacterized membrane protein YeiH	0	1	1	NA	COG2860	GC_00000726, GC_00001027	1	1	27	19
ABC-type phosphate/phosphonate transport system, permease component	0	1	1	NA	COG3639	GC_00002657	1	1	27	19
Cell division protein ZapD, interacts with FtsZ	0	1	1	NA	COG4582	GC_00001988	1	1	27	19
DNA-binding transcriptional regulator, LysR family	0	1	1	NA	COG0583	GC_00000086, GC_00000225, GC_00000230, GC_00000392, GC_00000736, GC_00000775, GC_00000810, GC_00000834, GC_00000841, GC_00000882, GC_00001383, GC_00001569, GC_00001636, GC_00001830, GC_00001987, GC_00002056, GC_00002125, GC_00002153, GC_00002203, GC_00002206, GC_00002360, GC_00002534, GC_00002557, GC_00002655, GC_00002663, GC_00002924, GC_00002925, GC_00003086, GC_00003115, GC_00003150, GC_00003165, GC_00003312, GC_00003327, GC_00003375, GC_00003386, GC_00003620, GC_00003716, GC_00003759, GC_00003796, GC_00003797, GC_00003882, GC_00003887, GC_00003888, GC_00003902, GC_00003928, GC_00003983, GC_00004180, GC_00004182, GC_00004210, GC_00004276, GC_00004692, GC_00004875, GC_00005034, GC_00005499, GC_00005528, GC_00006036, GC_00006784, GC_00006871, GC_00007356, GC_00007372, GC_00008527, GC_00009386, GC_00009822, GC_00011145, GC_00011677	1	1	27	19
Hydrogenase maturation factor HypF (carbamoyltransferase)	0	1	1	NA	COG0068	GC_00000253	1	1	27	19
3-hydroxymyristoyl/3-hydroxydecanoyl-(acyl carrier protein) dehydratase	0	1	1	NA	COG0764	GC_00000666, GC_00001393, GC_00005517, GC_00005763, GC_00006319	1	1	27	19
O6-methylguanine-DNA--protein-cysteine methyltransferase	0	1	1	NA	COG0350	GC_00002062, GC_00009162	1	1	27	19
FKBP-type peptidyl-prolyl cis-trans isomerase 2	0	1	1	NA	COG1047	GC_00000596, GC_00000897	1	1	27	19
Parvulin-like peptidyl-prolyl isomerase	0	1	1	NA	COG0760	GC_00000267, GC_00000922, GC_00001851	1	1	27	19
Biotin carboxylase	0	1	1	NA	COG0439	GC_00001587	1	1	27	19
tRNA U38,U39,U40 pseudouridine synthase TruA	0	1	1	NA	COG0101	GC_00001885	1	1	27	19
Phosphopantetheinyl transferase	0	1	1	NA	COG2091	GC_00002025, GC_00002275, GC_00005479	1	1	27	19
16S rRNA C1402 N4-methylase RsmH	0	1	1	NA	COG0275	GC_00001130	1	1	27	19
Membrane-associated protease RseP, regulator of RpoE activity	0	1	1	NA	COG0750	GC_00001745	1	1	27	19
Ribosomal protein S10	0	1	1	NA	COG0051	GC_00000573	1	1	27	19
Ethanolamine utilization protein EutQ, cupin superfamily (function unknown)	0	1	1	NA	COG4766	GC_00002820	1	1	27	19
RNase H-fold protein, predicted Holliday junction resolvase in Firmicutes and mycoplasms, involved in anti-termination at Rho-dependent terminators	0	1	1	NA	COG0816	GC_00001755	1	1	27	19
Glutamine synthetase	0	1	1	NA	COG0174	GC_00000768, GC_00003811	1	1	27	19
Ribonuclease D	0	1	1	NA	COG0349	GC_00002250	1	1	27	19
ABC-type iron transport system FetAB, ATPase component	0	1	1	NA	COG4619	GC_00002411	1	1	27	19
Outer membrane protein assembly factor BamE, lipoprotein component of the BamABCDE complex	0	1	1	NA	COG2913	GC_00000724, GC_00001359, GC_00006033	1	1	27	19
Arginyl-tRNA synthetase	0	1	1	NA	COG0018	GC_00002461	1	1	27	19
Copper-binding protein CopC (methionine-rich)	0	1	1	NA	COG2372	GC_00001739, GC_00006231	1	1	27	19
Threonine dehydratase	0	1	1	NA	COG1171	GC_00000420, GC_00000688, GC_00001303	1	1	27	19
UDP-3-O-acyl-N-acetylglucosamine deacetylase	0	1	1	NA	COG0774	GC_00000709	1	1	27	19
3-deoxy-D-manno-octulosonic-acid transferase	0	1	1	NA	COG1519	GC_00001355	1	1	27	19
Thiosulfate reductase cytochrome b subunit	0	1	1	NA	COG4117	GC_00002696, GC_00006150, GC_00008971, GC_00010957	1	1	27	19
Arylamine N-acetyltransferase	0	1	1	NA	COG2162	GC_00000129	1	1	27	19
sRNA-binding protein	0	1	1	NA	COG3109	GC_00002347, GC_00004189, GC_00007413, GC_00008604	1	1	27	19
Gamma-glutamyltranspeptidase	0	1	1	NA	COG0405	GC_00003025, GC_00010901	1	1	27	19
Glucuronate isomerase	0	1	1	NA	COG1904	GC_00001172	1	1	27	19
Ribosomal protein L18	0	1	1	NA	COG0256	GC_00000620	1	1	27	19
DNA-binding transcriptional regulator, LacI/PurR family	0	1	1	NA	COG1609	GC_00000282, GC_00000309, GC_00000794, GC_00001375, GC_00001633, GC_00001772, GC_00002082, GC_00002102, GC_00002270, GC_00002507, GC_00003181, GC_00003202, GC_00003640, GC_00004078, GC_00004466, GC_00004985, GC_00005323, GC_00005573, GC_00006179, GC_00006888, GC_00007089, GC_00007228, GC_00008452, GC_00009236, GC_00011793	1	1	27	19
Cytochrome bd-type quinol oxidase, subunit 2	0	1	1	NA	COG1294	GC_00000716, GC_00001458	1	1	27	19
Aspartate/tyrosine/aromatic aminotransferase	0	1	1	NA	COG1448	GC_00001756, GC_00002949	1	1	27	19
Uncharacterized conserved protein YibQ, putative polysaccharide deacetylase 2 family	0	1	1	NA	COG2861	GC_00002172	1	1	27	19
Malate synthase	0	1	1	NA	COG2225	GC_00002888, GC_00003541	1	1	27	19
Deoxycytidine triphosphate deaminase	0	1	1	NA	COG0717	GC_00001752	1	1	27	19
K+ transporter	0	1	1	NA	COG3158	GC_00001103	1	1	27	19
GMP synthase - Glutamine amidotransferase domain!!!GMP synthase, PP-ATPase domain/subunit	0	1	1	NA	COG0518!!!COG0519	GC_00001259	1	1	27	19
Flavin-dependent oxidoreductase, luciferase family (includes alkanesulfonate monooxygenase SsuD and methylene tetrahydromethanopterin reductase)	0	1	1	NA	COG2141	GC_00001726, GC_00002482, GC_00002538	1	1	27	19
ABC-type sulfate transport system, permease component	0	1	1	NA	COG4208	GC_00001263, GC_00002253	1	1	27	19
NAD kinase	0	1	1	NA	COG0061	GC_00001795	1	1	27	19
tRNA G37 N-methylase TrmD	0	1	1	NA	COG0336	GC_00000958	1	1	27	19
Ribose 5-phosphate isomerase	0	1	1	NA	COG0120	GC_00000667	1	1	27	19
Archaeal fructose-1,6-bisphosphatase or related enzyme of inositol monophosphatase family	0	1	1	NA	COG0483	GC_00000639	1	1	27	19
ATP phosphoribosyltransferase	0	1	1	NA	COG0040	GC_00001276	1	1	27	19
Nitrogen regulatory protein PII	0	1	1	NA	COG0347	GC_00000653, GC_00000807	1	1	27	19
Uncharacterized conserved protein YbaR, Trm112 family	0	1	1	NA	COG2835	GC_00000889	1	1	27	19
Uncharacterized conserved protein YbdZ, MbtH family	0	1	1	NA	COG3251	GC_00000364	1	1	27	19
Phenylalanyl-tRNA synthetase alpha subunit	0	1	1	NA	COG0016	GC_00001275	1	1	27	19
Predicted glutamine amidotransferase	0	1	1	NA	COG0121	GC_00001704	1	1	27	19
Periplasmic glycine betaine/choline-binding (lipo)protein of an ABC-type transport system (osmoprotectant binding protein)	0	1	1	NA	COG1732	GC_00002588	1	1	27	19
ABC-type phosphonate transport system, ATPase component	0	1	1	NA	COG4107	GC_00002200	1	1	27	19
16S rRNA C1402 (ribose-2'-O) methylase RsmI	0	1	1	NA	COG0313	GC_00002064, GC_00005840	1	1	27	19
Biotin synthase or related enzyme	0	1	1	NA	COG0502	GC_00001450, GC_00002911	1	1	27	19
Uncharacterized membrane protein YfbV, UPF0208 family	0	1	1	NA	COG3092	GC_00001098	1	1	27	19
DNA-binding transcriptional regulator, PadR family	0	1	1	NA	COG1695	GC_00002141	1	1	27	19
Translation initiation factor 1 (eIF-1/SUI1)	0	1	1	NA	COG0023	GC_00001855	1	1	27	19
Seryl-tRNA(Sec) selenium transferase	0	1	1	NA	COG1921	GC_00001890, GC_00007184	1	1	27	19
Putative translation regulator, IMPACT (imprinted ancient) protein family	0	1	1	NA	COG1739	GC_00001820	1	1	27	19
ABC-type transport system involved in cytochrome c biogenesis, ATPase component	0	1	1	NA	COG4133	GC_00001853	1	1	27	19
3-dehydroquinate synthetase	0	1	1	NA	COG0337	GC_00002093	1	1	27	19
Uncharacterized membrane protein YjgN, DUF898 family	0	1	1	NA	COG4269	GC_00003743, GC_00004669	1	1	27	19
Response regulator of citrate/malate metabolism	0	1	1	NA	COG4565	GC_00000196, GC_00001072, GC_00009858	1	1	27	19
Enamine deaminase RidA, house cleaning of reactive enamine intermediates, YjgF/YER057c/UK114 family	0	1	1	NA	COG0251	GC_00000800, GC_00000868, GC_00001073, GC_00001241, GC_00003698, GC_00011973	1	1	27	19
Bacterial cell division protein FtsW, lipid II flippase	0	1	1	NA	COG0772	GC_00000313, GC_00000772	1	1	27	19
Uncharacterized lipoprotein YbaY	0	1	1	NA	COG3126	GC_00001528	1	1	27	19
Na+/H+ antiporter NhaB	0	1	1	NA	COG3067	GC_00001561	1	1	27	19
Putative NADPH-quinone reductase (modulator of drug activity B)	0	1	1	NA	COG2249	GC_00001012, GC_00001207, GC_00001234, GC_00004199, GC_00010766	1	1	27	19
Lactate dehydrogenase or related 2-hydroxyacid dehydrogenase	0	1	1	NA	COG1052	GC_00000324, GC_00003063, GC_00007511	1	1	27	19
Preprotein translocase subunit SecE	0	1	1	NA	COG0690	GC_00000872	1	1	27	19
Lysophospholipase, alpha-beta hydrolase superfamily	0	1	1	NA	COG2267	GC_00001629, GC_00003582, GC_00010808	1	1	27	19
Imidazoleglycerol phosphate synthase glutamine amidotransferase subunit HisH	0	1	1	NA	COG0118	GC_00001388, GC_00009199	1	1	27	19
Pectin methylesterase and related acyl-CoA thioesterases	0	1	1	NA	COG4677	GC_00002327	1	1	27	19
Transcriptional and/or translational regulatory protein YebC/TACO1	0	1	1	NA	COG0217	GC_00001118, GC_00001273	1	1	27	19
Isochorismate synthase EntC	0	1	1	NA	COG1169	GC_00000385, GC_00002565	1	1	27	19
ABC-type Fe3+/spermidine/putrescine transport systems, ATPase components	0	1	1	NA	COG3842	GC_00001085, GC_00001278, GC_00002110, GC_00002737, GC_00002956, GC_00003174, GC_00004932, GC_00008860	1	1	27	19
NhaP-type Na+/H+ and K+/H+ antiporter with C-terminal TrkAC and CorC domains	0	1	1	NA	COG3263	GC_00001240	1	1	27	19
Cation transport regulator ChaB	0	1	1	NA	COG4572	GC_00001252	1	1	27	19
Cell division septal protein FtsQ	0	1	1	NA	COG1589	GC_00001175	1	1	27	19
Alanyl-tRNA synthetase	0	1	1	NA	COG0013	GC_00000500	1	1	27	19
Transcriptional regulator, contains XRE-family HTH domain!!!Cupin domain protein related to quercetin dioxygenase	0	1	1	NA	COG1396!!!COG1917	GC_00003169, GC_00003791	1	1	27	19
Acetylglutamate kinase	0	1	1	NA	COG0548	GC_00001405	1	1	27	19
Aerobic-type carbon monoxide dehydrogenase, small subunit, CoxS/CutS family	0	1	1	NA	COG2080	GC_00002004, GC_00004087	1	1	27	19
Outer membrane protein assembly factor BamB, contains PQQ-like beta-propeller repeat	0	1	1	NA	COG1520	GC_00002574	1	1	27	19
Phosphate starvation-inducible membrane PsiE (function unknown)	0	1	1	NA	COG3223	GC_00001184	1	1	27	19
NADH:ubiquinone oxidoreductase subunit 5 (chain L)/Multisubunit Na+/H+ antiporter, MnhA subunit	0	1	1	NA	COG1009	GC_00001840, GC_00003469	1	1	27	19
Translation elongation factor EF-Ts	0	1	1	NA	COG0264	GC_00000664	1	1	27	19
ABC-type phosphate/phosphonate transport system, ATPase component	0	1	1	NA	COG3638	GC_00002768	1	1	27	19
Transcriptional regulator NrdR, contains Zn-ribbon and ATP-cone domains!!!Anaerobic ribonucleoside-triphosphate reductase	0	1	1	NA	COG1327!!!COG1328	GC_00002283	1	1	27	19
UDP-N-acetylmuramyl tripeptide synthase	0	1	1	NA	COG0769	GC_00002301, GC_00003012	1	1	27	19
Acylphosphatase	0	1	1	NA	COG1254	GC_00001965	1	1	27	19
Sulfur transfer protein SufE, Fe-S center assembly	0	1	1	NA	COG2166	GC_00001933, GC_00001948	1	1	27	19
Ribosomal protein S2	0	1	1	NA	COG0052	GC_00001063	1	1	27	19
Histidinol phosphatase or related hydrolase of the PHP family	0	1	1	NA	COG1387	GC_00001266	1	1	27	19
Ni,Fe-hydrogenase maturation factor	0	1	1	NA	COG0680	GC_00001492, GC_00002083, GC_00002464	1	1	27	19
Lipopolysaccharide export system protein LptC	0	1	1	NA	COG3117	GC_00000950	1	1	27	19
Thiamine monophosphate synthase	0	1	1	NA	COG0352	GC_00002502	1	1	27	19
Iron-sulfur cluster repair protein YtfE, RIC family, contains ScdAN and hemerythrin domains	0	1	1	NA	COG2846	GC_00001729	1	1	27	19
Hydroxymethylpyrimidine/phosphomethylpyrimidine kinase	0	1	1	NA	COG0351	GC_00001950	1	1	27	19
Tfp pilus assembly protein PilV	0	1	1	NA	COG4967	GC_00002104	1	1	27	19
Preprotein translocase subunit SecA (ATPase, RNA helicase)	0	1	1	NA	COG0653	GC_00000357	1	1	27	19
Ribosomal protein L25 (general stress protein Ctc)	0	1	1	NA	COG1825	GC_00001753	1	1	27	19
Tfp pilus assembly protein, ATPase PilM	0	1	1	NA	COG4972	GC_00002743	1	1	27	19
Aspartate carbamoyltransferase, catalytic chain	0	1	1	NA	COG0540	GC_00000905	1	1	27	19
Ribosomal protein L24	0	1	1	NA	COG0198	GC_00001310	1	1	27	19
Iron-binding protein CyaY, frataxin homolog	0	1	1	NA	COG1965	GC_00001907	1	1	27	19
tRNA U34 5-carboxymethylaminomethyl modifying enzyme MnmG/GidA	0	1	1	NA	COG0445	GC_00001403	1	1	27	19
Putative ribosome biogenesis GTPase RsgA	0	1	1	NA	COG1162	GC_00001902	1	1	27	19
Aspartate-semialdehyde dehydrogenase	0	1	1	NA	COG0136	GC_00001654, GC_00002348	1	1	27	19
Radical SAM superfamily enzyme	0	1	1	NA	COG1242	GC_00001881	1	1	27	19
Ribonucleotide monophosphatase NagD, HAD superfamily	0	1	1	NA	COG0647	GC_00000978	1	1	27	19
tRNA(Glu) U13 pseudouridine synthase TruD	0	1	1	NA	COG0585	GC_00002524	1	1	27	19
Uncharacterized membrane protein YhhN	0	1	1	NA	COG3714	GC_00001015	1	1	27	19
Uncharacterized Zn-ribbon-containing protein	0	1	1	NA	COG2824	GC_00000787	1	1	27	19
Phosphomannomutase	0	1	1	NA	COG1109	GC_00000078, GC_00001973, GC_00008502, GC_00010270	1	1	27	19
Pimeloyl-ACP methyl ester carboxylesterase	0	1	1	NA	COG0596	GC_00002753, GC_00002774, GC_00002775, GC_00003669, GC_00005052, GC_00006272	1	1	27	19
Nicotinamidase-related amidase	0	1	1	NA	COG1335	GC_00000317, GC_00001731, GC_00002247, GC_00002813, GC_00004262	1	1	27	19
ABC-type Mn2+/Zn2+ transport system, ATPase component	0	1	1	NA	COG1121	GC_00001101, GC_00004267, GC_00010150	1	1	27	19
1,4-alpha-glucan branching enzyme	0	1	1	NA	COG0296	GC_00001921	1	1	27	19
Non-ribosomal peptide synthetase component F!!!Thioesterase domain of type I polyketide synthase or non-ribosomal peptide synthetase	0	1	1	NA	COG1020!!!COG3319	GC_00000489	1	1	27	19
Tfp pilus assembly protein, major pilin PilA	0	1	1	NA	COG4969	GC_00002384	1	1	27	19
Hydroxymethylpyrimidine pyrophosphatase and other HAD family phosphatases	0	1	1	NA	COG0561	GC_00001109, GC_00001718, GC_00002587, GC_00002647, GC_00002721, GC_00003300, GC_00005319, GC_00011303, GC_00011531, GC_00012036	1	1	27	19
Uncharacterized conserved protein YaiE, UPF0345 family	0	1	1	NA	COG3123	GC_00000559	1	1	27	19
tRNA(Ile)-lysidine synthase TilS/MesJ	0	1	1	NA	COG0037	GC_00002992, GC_00003192, GC_00010785	1	1	27	19
Zn-dependent oligopeptidase	0	1	1	NA	COG0339	GC_00002463, GC_00002910, GC_00011104	1	1	27	19
Histidyl-tRNA synthetase	0	1	1	NA	COG0124	GC_00001082	1	1	27	19
Ribosomal protein L14	0	1	1	NA	COG0093	GC_00000710	1	1	27	19
ABC-type transport system, periplasmic component	0	1	1	NA	COG0747	GC_00000431, GC_00001871, GC_00002329, GC_00003778, GC_00004531	1	1	27	19
Ribosomal protein S18	0	1	1	NA	COG0238	GC_00000646	1	1	27	19
H+/gluconate symporter or related permease	0	1	1	NA	COG2610	GC_00000145, GC_00000826, GC_00001389, GC_00003631, GC_00003648, GC_00004077, GC_00005116, GC_00007339, GC_00011161	1	1	27	19
Uncharacterized conserved protein YtfP, gamma-glutamylcyclotransferase (GGCT)/AIG2-like family	0	1	1	NA	COG2105	GC_00000707	1	1	27	19
IMP dehydrogenase/GMP reductase	0	1	1	NA	COG0516	GC_00001469	1	1	27	19
Zn-dependent protease with chaperone function	0	1	1	NA	COG0501	GC_00001138, GC_00002371, GC_00002845, GC_00010232	1	1	27	19
Alkylated DNA repair dioxygenase AlkB	0	1	1	NA	COG3145	GC_00002900	1	1	27	19
K+-sensing histidine kinase KdpD	0	1	1	NA	COG2205	GC_00000441, GC_00000492, GC_00000496, GC_00000961, GC_00001779, GC_00001879, GC_00002145, GC_00003027, GC_00005912, GC_00006373, GC_00010851, GC_00011771	1	1	27	19
Cytochrome c-type biogenesis protein CcmE	0	1	1	NA	COG2332	GC_00000789	1	1	27	19
Primosomal replication protein N	0	1	1	NA	COG2965	GC_00000914	1	1	27	19
Nucleotidyltransferase/DNA polymerase involved in DNA repair	0	1	1	NA	COG0389	GC_00002111, GC_00002446, GC_00004251, GC_00008032, GC_00010312, GC_00011196, GC_00011232	1	1	27	19
Sensor histidine kinase regulating citrate/malate metabolism	0	1	1	NA	COG3290	GC_00000166, GC_00000468	1	1	27	19
Archaeal 2-phospho-L-lactate transferase/Bacterial gluconeogenesis factor, CofD/UPF0052 family	0	1	1	NA	COG0391	GC_00002159	1	1	27	19
DNA polymerase III, delta prime subunit	0	1	1	NA	COG0470	GC_00002891, GC_00009384	1	1	27	19
Anthranilate/para-aminobenzoate synthase component II	0	1	1	NA	COG0512	GC_00002100	1	1	27	19
Uncharacterized protein YjaG, DUF416 family	0	1	1	NA	COG3068	GC_00001758	1	1	27	19
Glutamyl- or glutaminyl-tRNA synthetase	0	1	1	NA	COG0008	GC_00001962, GC_00002053, GC_00002597	1	1	27	19
Uncharacterized membrane protein YraQ, UPF0718 family	0	1	1	NA	COG0701	GC_00002892, GC_00005096	1	1	27	19
ABC-type cobalamin transport system, ATPase component	0	1	1	NA	COG4138	GC_00002358	1	1	27	19
Stalled ribosome alternative rescue factor ArfA	0	1	1	NA	COG3036	GC_00001876	1	1	27	19
DNA repair protein RadC, contains a helix-hairpin-helix DNA-binding motif	0	1	1	NA	COG2003	GC_00000018, GC_00001376, GC_00006405, GC_00006675, GC_00007436, GC_00008957, GC_00009252, GC_00010702, GC_00011088, GC_00011125	1	1	27	19
Outer membrane cobalamin receptor protein	0	1	1	NA	COG4206	GC_00000463, GC_00004663, GC_00007809	1	1	27	19
Threonine dehydrogenase or related Zn-dependent dehydrogenase	0	1	1	NA	COG1063	GC_00000143, GC_00000386, GC_00000414, GC_00002058, GC_00002328, GC_00002595, GC_00003145, GC_00003285, GC_00003329, GC_00003507, GC_00003621, GC_00003900, GC_00003925, GC_00004081, GC_00004427, GC_00004483, GC_00006505, GC_00007105, GC_00009112, GC_00010138, GC_00010291, GC_00010661, GC_00010906, GC_00011464	1	1	27	19
Transcription antitermination factor NusG	0	1	1	NA	COG0250	GC_00001344, GC_00001372, GC_00008544	1	1	27	19
Outer membrane receptor for Fe3+-dicitrate	0	1	1	NA	COG4772	GC_00000495, GC_00004042	1	1	27	19
ABC-type Mn2+/Zn2+ transport system, permease component	0	1	1	NA	COG1108	GC_00002088, GC_00004259, GC_00004270, GC_00004616, GC_00009502, GC_00010105	1	1	27	19
NADH:ubiquinone oxidoreductase 20 kD subunit (chhain B) or related Fe-S oxidoreductase	0	1	1	NA	COG0377	GC_00000734	1	1	27	19
Uncharacterized membrane protein YobD, UPF0266 family	0	1	1	NA	COG4811	GC_00001295	1	1	27	19
ABC-type Fe3+ transport system, permease component!!!DNA segregation ATPase FtsK/SpoIIIE and related proteins	0	1	1	NA	COG1178!!!COG1674	GC_00003019	1	1	27	19
Membrane carboxypeptidase/penicillin-binding protein PbpC	0	1	1	NA	COG4953	GC_00000511	1	1	27	19
Xanthine and CO dehydrogenase maturation factor, XdhC/CoxF family!!!Predicted deacylase	0	1	1	NA	COG1975!!!COG3608	GC_00002377	1	1	27	19
V8-like Glu-specific endopeptidase	0	1	1	NA	COG3591	GC_00002055	1	1	27	19
NADPH-dependent glutamate synthase beta chain or related oxidoreductase!!!Fe-S-cluster-containing hydrogenase component 2	0	1	1	NA	COG0493!!!COG1142	GC_00002498, GC_00002570	1	1	27	19
Collagenase-like protease, PrtC family	0	1	1	NA	COG0826	GC_00001835, GC_00002584, GC_00003118, GC_00003190	1	1	27	19
NADH:ubiquinone oxidoreductase 49 kD subunit (chain D)!!!NADH:ubiquinone oxidoreductase 27 kD subunit (chain C)	0	1	1	NA	COG0649!!!COG0852	GC_00001901	1	1	27	19
Ethanolamine utilization protein EutP, contains a P-loop NTPase domain	0	1	1	NA	COG4917	GC_00002170, GC_00005864, GC_00006591	1	1	27	19
Uncharacterized membrane protein YbhN, UPF0104 family	0	1	1	NA	COG0392	GC_00002633	1	1	27	19
Ribosome-associated translation inhibitor RaiA	0	1	1	NA	COG1544	GC_00000558, GC_00000894	1	1	27	19
ABC-type nitrate/sulfonate/bicarbonate transport system, periplasmic component	0	1	1	NA	COG0715	GC_00000415	1	1	27	19
Membrane protein involved in the export of O-antigen and teichoic acid	0	1	1	NA	COG2244	GC_00002460, GC_00003430, GC_00003553, GC_00006262, GC_00006338, GC_00006422, GC_00006585, GC_00006962, GC_00008551, GC_00009269, GC_00009397, GC_00010472, GC_00010508, GC_00010563, GC_00010711, GC_00010904, GC_00011132, GC_00011649, GC_00012038, GC_00012102, GC_00012134	1	1	27	19
Predicted N-acetyltransferase YhbS	0	1	1	NA	COG3153	GC_00000920, GC_00004701, GC_00006136	1	1	27	19
Uncharacterized PurR-regulated membrane protein YhhQ, DUF165 family	0	1	1	NA	COG1738	GC_00001967	1	1	27	19
Outer membrane lipoprotein LpoB, binds and activates PBP1b	0	1	1	NA	COG3417	GC_00000977	1	1	27	19
Di- or tripeptidase	0	1	1	NA	COG2195	GC_00001650, GC_00002722, GC_00009107, GC_00009779, GC_00011829	1	1	27	19
Nucleoside-specific outer membrane channel protein Tsx	0	1	1	NA	COG3248	GC_00001307, GC_00004513	1	1	27	19
ATPase components of ABC transporters with duplicated ATPase domains!!!Septal ring factor EnvC, activator of murein hydrolases AmiA and AmiB	0	1	1	NA	COG0488!!!COG4942	GC_00001597	1	1	27	19
Biotin carboxyl carrier protein	0	1	1	NA	COG0511	GC_00000803	1	1	27	19
K+-transporting ATPase, A chain	0	1	1	NA	COG2060	GC_00002991	1	1	27	19
Aspartyl/asparaginyl-tRNA synthetase	0	1	1	NA	COG0017	GC_00001134	1	1	27	19
Alpha-D-ribose 1-methylphosphonate 5-triphosphate synthase subunit PhnG	0	1	1	NA	COG3624	GC_00002796	1	1	27	19
Sugar (pentulose or hexulose) kinase	0	1	1	NA	COG1070	GC_00002749, GC_00002760, GC_00002977, GC_00003257, GC_00003570, GC_00003965, GC_00004149, GC_00006987, GC_00012182	1	1	27	19
Chromosome segregation ATPase!!!Small-conductance mechanosensitive channel	0	1	1	NA	COG1196!!!COG3264	GC_00002379	1	1	27	19
2-oxoglutarate dehydrogenase complex, dehydrogenase (E1) component, and related enzymes	0	1	1	NA	COG0567	GC_00001115, GC_00004493	1	1	27	19
L-asparagine transporter and related permeases	0	1	1	NA	COG1113	GC_00000367, GC_00000908, GC_00001498, GC_00001742, GC_00001913, GC_00002171, GC_00003166	1	1	27	19
Predicted arabinose efflux permease, MFS family	0	1	1	NA	COG2814	GC_00000135, GC_00000444, GC_00001223, GC_00001304, GC_00001607, GC_00001706, GC_00001792, GC_00001808, GC_00001922, GC_00001985, GC_00002070, GC_00002297, GC_00002338, GC_00002389, GC_00002409, GC_00002478, GC_00002581, GC_00002679, GC_00002701, GC_00002715, GC_00003003, GC_00003176, GC_00003659, GC_00003737, GC_00003954, GC_00004121, GC_00004386, GC_00004575, GC_00004927, GC_00005002, GC_00005618, GC_00006013, GC_00006190, GC_00007282, GC_00009272, GC_00009646, GC_00010081, GC_00010359, GC_00011050, GC_00011668	1	1	27	19
Uroporphyrinogen-III decarboxylase	0	1	1	NA	COG0407	GC_00001814	1	1	27	19
tRNA A-37 threonylcarbamoyl transferase component Bud32	0	1	1	NA	COG3642	GC_00002287, GC_00005353	1	1	27	19
Uncharacterized membrane protein, GlpM family	0	1	1	NA	COG3136	GC_00001570	1	1	27	19
DNA polymerase III, chi subunit	0	1	1	NA	COG2927	GC_00001425	1	1	27	19
Glutamine synthetase adenylyltransferase	0	1	1	NA	COG1391	GC_00000497	1	1	27	19
FMN phosphatase YigB, HAD superfamily	0	1	1	NA	COG1011	GC_00000356, GC_00001137, GC_00001522, GC_00002219	1	1	27	19
Lipoate synthase	0	1	1	NA	COG0320	GC_00000262	1	1	27	19
NADH:ubiquinone oxidoreductase subunit 6 (chain J)	0	1	1	NA	COG0839	GC_00000663	1	1	27	19
Acyl-coenzyme A thioesterase PaaI, contains HGG motif	0	1	1	NA	COG2050	GC_00000284, GC_00001005, GC_00001971, GC_00004589	1	1	27	19
Uncharacterized short protein YbdD, DUF466 family	0	1	1	NA	COG2879	GC_00000260, GC_00003271	1	1	27	19
Sulfite reductase, beta subunit (hemoprotein)	0	1	1	NA	COG0155	GC_00002112	1	1	27	19
Membrane protein TerC, possibly involved in tellurium resistance	0	1	1	NA	COG0861	GC_00000733, GC_00002436, GC_00004355, GC_00005290	1	1	27	19
NADH:ubiquinone oxidoreductase subunit 2 (chain N)	0	1	1	NA	COG1007	GC_00001306	1	1	27	19
ABC-type sulfate/molybdate transport systems, ATPase component	0	1	1	NA	COG1118	GC_00002364, GC_00003682	1	1	27	19
Thiamin biosynthesis thiazole synthase ThiGH, ThiG subunit	0	1	1	NA	COG2022	GC_00002923	1	1	27	19
Fructosamine-3-kinase	0	1	1	NA	COG3001	GC_00001919	1	1	27	19
Uncharacterized membrane-anchored protein YhcB, DUF1043 family	0	1	1	NA	COG3105	GC_00000761	1	1	27	19
DNA replication protein DnaC	0	1	1	NA	COG1484	GC_00000197, GC_00003382, GC_00003667, GC_00004613, GC_00004873, GC_00005119, GC_00005648, GC_00007631, GC_00008124, GC_00009837, GC_00010422, GC_00011739	1	1	27	19
Co-chaperonin GroES (HSP10)	0	1	1	NA	COG0234	GC_00000680	1	1	27	19
UTP-glucose-1-phosphate uridylyltransferase	0	1	1	NA	COG1210	GC_00000813, GC_00003095	1	1	27	19
Peptidyl-tRNA hydrolase	0	1	1	NA	COG0193	GC_00000959	1	1	27	19
Phosphotransferase system, HPr and related phosphotransfer proteins	0	1	1	NA	COG1925	GC_00000610, GC_00003038, GC_00004123, GC_00011658	1	1	27	19
Putative effector of murein hydrolase LrgA, UPF0299 family	0	1	1	NA	COG1380	GC_00001064, GC_00004676	1	1	27	19
Arylsulfatase A or related enzyme	0	1	1	NA	COG3119	GC_00000180, GC_00000459, GC_00002424, GC_00004346, GC_00005644, GC_00011127	1	1	27	19
Organic hydroperoxide reductase OsmC/OhrA	0	1	1	NA	COG1764	GC_00001424	1	1	27	19
Uncharacterized membrane protein YdjX, TVP38/TMEM64 family, SNARE-associated domain	0	1	1	NA	COG0398	GC_00002320, GC_00003199, GC_00010067	1	1	27	19
Metal-responsive transcriptional regulator, contains CopG/Arc/MetJ DNA-binding domain	0	1	1	NA	COG0864	GC_00000941	1	1	27	19
DNA-binding transcriptional regulator YbjK	0	1	1	NA	COG3226	GC_00002286	1	1	27	19
Uncharacterized conserved protein YabN, contains tetrapyrrole methylase and MazG-like pyrophosphatase domain	0	1	1	NA	COG3956	GC_00001455	1	1	27	19
CheY chemotaxis protein or a CheY-like REC (receiver) domain!!!HPt (histidine-containing phosphotransfer) domain!!!K+-sensing histidine kinase KdpD!!!Signal transduction histidine kinase regulating C4-dicarboxylate transport system	0	1	1	NA	COG0784!!!COG2198!!!COG2205!!!COG4191	GC_00001634	1	1	27	19
ABC-type cobalamin/Fe3+-siderophores transport system, ATPase component	0	1	1	NA	COG1120	GC_00000347, GC_00003098, GC_00004008, GC_00004076, GC_00004145, GC_00004593	1	1	27	19
Beta-galactosidase, beta subunit	0	1	1	NA	COG2731	GC_00000948, GC_00002179, GC_00002484, GC_00003573, GC_00007371	1	1	27	19
Voltage-gated potassium channel Kch	0	1	1	NA	COG1226	GC_00000383	1	1	27	19
DNA-binding response regulator, LytR/AlgR family	0	1	1	NA	COG3279	GC_00000919, GC_00001410, GC_00005490, GC_00009148, GC_00009161, GC_00011840	1	1	27	19
Acetyl-CoA carboxylase alpha subunit	0	1	1	NA	COG0825	GC_00001505	1	1	27	19
Spermidine synthase	0	1	1	NA	COG0421	GC_00001887	1	1	27	19
Uncharacterized conserved protein HemX (no evidence of involvement in heme biosynthesis)	0	1	1	NA	COG2959	GC_00002901	1	1	27	19
ABC-type multidrug transport system, ATPase component	0	1	1	NA	COG1131	GC_00001626, GC_00002784, GC_00010596	1	1	27	19
Thymidine phosphorylase	0	1	1	NA	COG0213	GC_00000319	1	1	27	19
Ribosomal protein L11 methylase PrmA	0	1	1	NA	COG2264	GC_00001059	1	1	27	19
1,4-Dihydroxy-2-naphthoyl-CoA synthase	0	1	1	NA	COG0447	GC_00001143	1	1	27	19
3'-Phosphoadenosine 5'-phosphosulfate (PAPS) 3'-phosphatase	0	1	1	NA	COG1218	GC_00001563	1	1	27	19
DNA topoisomerase IA!!!ssDNA-binding Zn-finger and Zn-ribbon domains of topoisomerase 1	0	1	1	NA	COG0550!!!COG0551	GC_00002098, GC_00007609, GC_00011413	1	1	27	19
Copper homeostasis protein CutC	0	1	1	NA	COG3142	GC_00002476	1	1	27	19
Predicted permease	0	1	1	NA	COG0679	GC_00000938	1	1	27	19
Acyl-CoA reductase or other NAD-dependent aldehyde dehydrogenase	0	1	1	NA	COG1012	GC_00000379, GC_00000460, GC_00000509, GC_00002652, GC_00002758, GC_00002921, GC_00003026, GC_00003352, GC_00003763, GC_00004336, GC_00004898, GC_00006480, GC_00006582, GC_00007483, GC_00011997	1	1	27	19
Peptide chain release factor RF-3	0	1	1	NA	COG4108	GC_00000205	1	1	27	19
23S rRNA G2445 N2-methylase RlmL!!!23S rRNA G2069 N7-methylase RlmK or C1962 C5-methylase RlmI	0	1	1	NA	COG0116!!!COG1092	GC_00002798	1	1	27	19
ABC-type ATPase involved in cell division	0	1	1	NA	COG2884	GC_00000926	1	1	27	19
Ribonuclease HII	0	1	1	NA	COG0164	GC_00002397	1	1	27	19
Phosphopantothenoylcysteine synthetase/decarboxylase	0	1	1	NA	COG0452	GC_00001555	1	1	27	19
Uncharacterized conserved protein, DUF3820 family	0	1	1	NA	COG3530	GC_00001225	1	1	27	19
Isoleucyl-tRNA synthetase	0	1	1	NA	COG0060	GC_00002549	1	1	27	19
Aconitase B	0	1	1	NA	COG1049	GC_00002065	1	1	27	19
Glucose-6-phosphate isomerase	0	1	1	NA	COG0166	GC_00001891	1	1	27	19
Gluconate kinase	0	1	1	NA	COG3265	GC_00001515, GC_00004022	1	1	27	19
Gamma-glutamylcysteine synthetase	0	1	1	NA	COG2918	GC_00001397	1	1	27	19
Anthranilate phosphoribosyltransferase	0	1	1	NA	COG0547	GC_00002216	1	1	27	19
O6-methylguanine-DNA--protein-cysteine methyltransferase!!!Methylphosphotriester-DNA--protein-cysteine methyltransferase (N-terminal fragment of Ada), contains Zn-binding and two AraC-type DNA-binding domains	0	1	1	NA	COG0350!!!COG2169	GC_00000486	1	1	27	19
Multidrug efflux pump subunit AcrB	0	1	1	NA	COG0841	GC_00000099, GC_00000329, GC_00000388, GC_00002530, GC_00002814, GC_00002988, GC_00003995, GC_00007235	1	1	27	19
Carboxysome shell and ethanolamine utilization microcompartment protein CcmK/EutM	0	1	1	NA	COG4576	GC_00001031, GC_00006255, GC_00006395, GC_00007274	1	1	27	19
Maltose-binding periplasmic protein MalE	0	1	1	NA	COG2182	GC_00001467, GC_00008668	1	1	27	19
Cell envelope opacity-associated protein A (function unknown)	0	1	1	NA	COG3061	GC_00002355	1	1	27	19
Putative intracellular protease/amidase	0	1	1	NA	COG0693	GC_00001301, GC_00002631, GC_00003558, GC_00007179, GC_00011108	1	1	27	19
Predicted metal-dependent phosphoesterase TrpH, contains PHP domain	0	1	1	NA	COG0613	GC_00002395	1	1	27	19
Citrate synthase	0	1	1	NA	COG0372	GC_00001230, GC_00003328	1	1	27	19
Flavodoxin	0	1	1	NA	COG0716	GC_00000534, GC_00000783, GC_00002316, GC_00002448	1	1	27	19
Translation elongation factor EF-G, a GTPase	0	1	1	NA	COG0480	GC_00000797, GC_00012150	1	1	27	19
Thymidylate synthase	0	1	1	NA	COG0207	GC_00001004	1	1	27	19
Biotin-(acetyl-CoA carboxylase) ligase!!!Biotin operon repressor	0	1	1	NA	COG0340!!!COG1654	GC_00002637	1	1	27	19
Tartrate dehydratase beta subunit/Fumarate hydratase class I, C-terminal domain!!!Tartrate dehydratase alpha subunit/Fumarate hydratase class I, N-terminal domain	0	1	1	NA	COG1838!!!COG1951	GC_00000033, GC_00005029	1	1	27	19
Alkyl sulfatase BDS1 and related hydrolases, metallo-beta-lactamase superfamily	0	1	1	NA	COG2015	GC_00003029, GC_00008653, GC_00010590	1	1	27	19
Alpha-galactosidase/6-phospho-beta-glucosidase, family 4 of glycosyl hydrolase	0	1	1	NA	COG1486	GC_00002748, GC_00002836, GC_00003539	1	1	27	19
16S rRNA G966 N2-methylase RsmD	0	1	1	NA	COG0742	GC_00001589, GC_00001683	1	1	27	19
Di- and tricarboxylate transporter	0	1	1	NA	COG0471	GC_00000321, GC_00002823, GC_00003384, GC_00004525, GC_00007497, GC_00009540, GC_00011933	1	1	27	19
Lipopolysaccharide export LptBFGC system, permease protein LptF	0	1	1	NA	COG0795	GC_00001043, GC_00001095, GC_00003634, GC_00003641	1	1	27	19
Phosphotransferase system cellobiose-specific component IIC	0	1	1	NA	COG1455	GC_00000342, GC_00004243	1	1	27	19
Phosphotransferase system, fructose-specific IIC component!!!Phosphotransferase system fructose-specific component IIB!!!N-terminal domain of the phosphotransferase system fructose-specific component IIB	0	1	1	NA	COG1299!!!COG1445!!!COG3925	GC_00002642	1	1	27	19
Integral membrane protein, interacts with FtsH	0	1	1	NA	COG0670	GC_00001126, GC_00001210, GC_00002969, GC_00010093	1	1	27	19
DNA mismatch repair ATPase MutS	0	1	1	NA	COG0249	GC_00002636	1	1	27	19
tRNA-binding EMAP/Myf domain	0	1	1	NA	COG0073	GC_00001484	1	1	27	19
Na+-translocating ferredoxin:NAD+ oxidoreductase  RNF, RnfD subunit	0	1	1	NA	COG4658	GC_00002843	1	1	27	19
Cytosine/adenosine deaminase or related metal-dependent hydrolase	0	1	1	NA	COG0402	GC_00002567, GC_00002704, GC_00003221, GC_00003333	1	1	27	19
Uncharacterized conserved protein YcgL, UPF0745 family	0	1	1	NA	COG3100	GC_00001286	1	1	27	19
Arsenate reductase and related proteins, glutaredoxin family	0	1	1	NA	COG1393	GC_00000345, GC_00002281, GC_00002542, GC_00006772	1	1	27	19
Predicted phosphoadenosine phosphosulfate sulfurtransferase, contains C-terminal DUF3440 domain	0	1	1	NA	COG3969	GC_00000480, GC_00003896	1	1	27	19
Adenylate cyclase	0	1	1	NA	COG3072	GC_00002407	1	1	27	19
Chromosome segregation protein Spo0J, contains ParB-like nuclease domain	0	1	1	NA	COG1475	GC_00000409, GC_00004055, GC_00004209, GC_00005020, GC_00005257, GC_00005649, GC_00006377, GC_00006491, GC_00007093, GC_00007458, GC_00008355, GC_00009137, GC_00009237, GC_00010604, GC_00011752, GC_00012148	1	1	27	19
Transcriptional regulator GlxA family, contains an amidase domain and an AraC-type DNA-binding HTH domain	0	1	1	NA	COG4977	GC_00001322, GC_00003398, GC_00005552, GC_00005723, GC_00009907, GC_00011860	1	1	27	19
DNA-binding transcriptional regulator, MerR family	0	1	1	NA	COG0789	GC_00001356, GC_00001544, GC_00001865, GC_00003152, GC_00003571, GC_00007747, GC_00007936, GC_00011526	1	1	27	19
DNA-binding transcriptional regulator, MurR/RpiR family, contains HTH and SIS domains	0	1	1	NA	COG1737	GC_00001640, GC_00002137, GC_00003748, GC_00003845, GC_00004138, GC_00004444, GC_00007464, GC_00010204, GC_00010886	1	1	27	19
Outer membrane protein assembly factor BamA	0	1	1	NA	COG4775	GC_00000848, GC_00003023, GC_00003927	1	1	27	19
NAD(P)-dependent dehydrogenase, short-chain alcohol dehydrogenase family	0	1	1	NA	COG1028	GC_00000174, GC_00000214, GC_00000445, GC_00001178, GC_00001617, GC_00001823, GC_00001942, GC_00002046, GC_00002274, GC_00002646, GC_00003309, GC_00003700, GC_00003818, GC_00003874, GC_00003903, GC_00004062, GC_00004269, GC_00004806, GC_00005713, GC_00005718, GC_00006464, GC_00006797, GC_00007359, GC_00007487, GC_00007498, GC_00007624, GC_00008828, GC_00010516, GC_00012065	1	1	27	19
Anaerobic glycerol-3-phosphate dehydrogenase	0	1	1	NA	COG3075	GC_00002939	1	1	27	19
Uncharacterized conserved protein YcbK, DUF882 family	0	1	1	NA	COG3108	GC_00000677	1	1	27	19
Heme/copper-type cytochrome/quinol oxidase, subunit 1	0	1	1	NA	COG0843	GC_00000916	1	1	27	19
Metal-dependent hydrolase, endonuclease/exonuclease/phosphatase family	0	1	1	NA	COG3568	GC_00001404	1	1	27	19
Predicted lipid carrier protein YhbT, SCP2 domain	0	1	1	NA	COG3154	GC_00000965	1	1	27	19
Ribosome-associated protein YbcJ, S4-like RNA binding protein	0	1	1	NA	COG2501	GC_00001065	1	1	27	19
Fe-S cluster assembly scaffold protein SufB	0	1	1	NA	COG0719	GC_00000381, GC_00002906	1	1	27	19
Glutathionylspermidine synthase	0	1	1	NA	COG0754	GC_00000239, GC_00001245, GC_00002465	1	1	27	19
Alkylated DNA nucleotide flippase Atl1, participates in nucleotide excision repair, Ada-like DNA-binding domain	0	1	1	NA	COG3695	GC_00001334	1	1	27	19
Mg/Co/Ni transporter MgtE (contains CBS domain)!!!ABC-type proline/glycine betaine transport system, ATPase component	0	1	1	NA	COG2239!!!COG4175	GC_00001875	1	1	27	19
Conserved DNA-binding protein YbaB (function unknown)	0	1	1	NA	COG0718	GC_00000799	1	1	27	19
4-amino-4-deoxy-L-arabinose transferase or related glycosyltransferase of PMT family	0	1	1	NA	COG1807	GC_00002541	1	1	27	19
NAD(P)H-nitrite reductase, large subunit	0	1	1	NA	COG1251	GC_00001336	1	1	27	19
4-aminobutyrate aminotransferase or related aminotransferase	0	1	1	NA	COG0160	GC_00002954, GC_00003813	1	1	27	19
ABC-type polar amino acid transport system, ATPase component	0	1	1	NA	COG1126	GC_00000141, GC_00001332, GC_00002430, GC_00003495	1	1	27	19
Flavorubredoxin!!!Rubredoxin	0	1	1	NA	COG0426!!!COG1773	GC_00003231, GC_00007720	1	1	27	19
Ethanolamine utilization protein EutA, possible chaperonin protecting lyase from inhibition	0	1	1	NA	COG4819	GC_00002975, GC_00007983	1	1	27	19
Phosphoribosyl-dephospho-CoA transferase (holo-ACP synthetase)	0	1	1	NA	COG3697	GC_00000352	1	1	27	19
ABC-type maltose transport system, permease component	0	1	1	NA	COG3833	GC_00000907, GC_00008487	1	1	27	19
Outer membrane scaffolding protein for murein synthesis, MipA/OmpV family	0	1	1	NA	COG3713	GC_00001231, GC_00003832	1	1	27	19
Molybdopterin biosynthesis enzyme MoaB	0	1	1	NA	COG0521	GC_00001169, GC_00002210	1	1	27	19
2'-5' RNA ligase	0	1	1	NA	COG1514	GC_00002311	1	1	27	19
Type II secretory pathway, pseudopilin PulG	0	1	1	NA	COG2165	GC_00002037, GC_00003798, GC_00003854, GC_00003855, GC_00003977, GC_00003979, GC_00004002, GC_00005785, GC_00006235, GC_00007947, GC_00009376, GC_00009647, GC_00011411, GC_00012185	1	1	27	19
Cytoplasmic chaperone NapD for the signal peptide of periplasmic nitrate reductase NapAB	0	1	1	NA	COG3062	GC_00001486	1	1	27	19
Glutathionyl-hydroquinone reductase	0	1	1	NA	COG0435	GC_00002876	1	1	27	19
Phosphoglycerate mutase (BPG-dependent)	0	1	1	NA	COG0588	GC_00000700	1	1	27	19
5,10-methylene-tetrahydrofolate dehydrogenase/Methenyl tetrahydrofolate cyclohydrolase	0	1	1	NA	COG0190	GC_00001717	1	1	27	19
Phenylalanyl-tRNA synthetase beta subunit!!!tRNA-binding EMAP/Myf domain	0	1	1	NA	COG0072!!!COG0073	GC_00000440	1	1	27	19
Phosphoribosylamine-glycine ligase	0	1	1	NA	COG0151	GC_00002778	1	1	27	19
Diaminopimelate decarboxylase	0	1	1	NA	COG0019	GC_00002087	1	1	27	19
DNA-binding transcriptional regulator, Lrp family	0	1	1	NA	COG1522	GC_00000605, GC_00000670, GC_00000721, GC_00010213, GC_00011459	1	1	27	19
Glutamate 5-kinase	0	1	1	NA	COG0263	GC_00000691	1	1	27	19
Excinuclease UvrABC, nuclease subunit	0	1	1	NA	COG0322	GC_00001165, GC_00002449	1	1	27	19
Elongation factor P--beta-lysine ligase (EF-P beta-lysylation pathway)	0	1	1	NA	COG2269	GC_00000822	1	1	27	19
cAMP-binding domain of CRP or a regulatory subunit of cAMP-dependent protein kinases	0	1	1	NA	COG0664	GC_00000199, GC_00000853, GC_00002440, GC_00003296	1	1	27	19
Surface polysaccharide O-acyltransferase, integral membrane enzyme	0	1	1	NA	COG3274	GC_00002838, GC_00009622, GC_00011891	1	1	27	19
Uncharacterized conserved protein YiiM, contains MOSC domain	0	1	1	NA	COG2258	GC_00002257	1	1	27	19
Ribonuclease BN, tRNA processing enzyme	0	1	1	NA	COG1234	GC_00002302	1	1	27	19
Adenylylsulfate kinase or related kinase	0	1	1	NA	COG0529	GC_00001507	1	1	27	19
Trp operon repressor	0	1	1	NA	COG2973	GC_00001439	1	1	27	19
Uncharacterized protein, contains a von Willebrand factor type A (vWA) domain	0	1	1	NA	COG2425	GC_00002091, GC_00010646	1	1	27	19
Transcriptional regulator of aromatic amino acids metabolism	0	1	1	NA	COG3283	GC_00002309	1	1	27	19
Tfp pilus assembly protein PilN	0	1	1	NA	COG3166	GC_00002176	1	1	27	19
Predicted ATPase, YcjX-like family	0	1	1	NA	COG3106	GC_00002826	1	1	27	19
Uncharacterized conserved protein YdiU, UPF0061 family	0	1	1	NA	COG0397	GC_00002777, GC_00006420	1	1	27	19
3'-phosphoadenosine 5'-phosphosulfate sulfotransferase (PAPS reductase)/FAD synthetase or related enzyme	0	1	1	NA	COG0175	GC_00001912, GC_00002354, GC_00005946, GC_00011096, GC_00011213	1	1	27	19
Outer membrane protein OmpA and related peptidoglycan-associated (lipo)proteins!!!Opacity protein and related surface antigens	0	1	1	NA	COG2885!!!COG3637	GC_00001803	1	1	27	19
Fermentation-respiration switch protein FrsA, has esterase activity, DUF1100 family	0	1	1	NA	COG1073	GC_00002535, GC_00002616, GC_00002993, GC_00003331, GC_00003975, GC_00004397, GC_00004548, GC_00005520, GC_00007667, GC_00011514, GC_00011778	1	1	27	19
L-rhamnose mutarotase	0	1	1	NA	COG3254	GC_00002653	1	1	27	19
Site-specific recombinase XerD	0	1	1	NA	COG4974	GC_00001133, GC_00003517, GC_00004682, GC_00005524, GC_00005672, GC_00007405, GC_00008781, GC_00008804, GC_00010209, GC_00010262, GC_00010640, GC_00010676, GC_00011276, GC_00012153	1	1	27	19
Signal recognition particle GTPase	0	1	1	NA	COG0541	GC_00000918, GC_00003010	1	1	27	19
Threonine synthase	0	1	1	NA	COG0498	GC_00001827	1	1	27	19
Nucleoside permease NupC	0	1	1	NA	COG1972	GC_00000048, GC_00003065, GC_00009777	1	1	27	19
WGR domain, predicted DNA-binding domain in MolR	0	1	1	NA	COG3831	GC_00000252, GC_00003508, GC_00004297, GC_00004728, GC_00006034, GC_00007679, GC_00007681	1	1	27	19
Transcriptional regulator containing PAS, AAA-type ATPase, and DNA-binding Fis domains	0	1	1	NA	COG3829	GC_00000246, GC_00002966	1	1	27	19
Glyceraldehyde-3-phosphate dehydrogenase/erythrose-4-phosphate dehydrogenase	0	1	1	NA	COG0057	GC_00000091, GC_00000542, GC_00001187	1	1	27	19
Glycosidase	0	1	1	NA	COG0366	GC_00000118, GC_00000471, GC_00002871, GC_00002872, GC_00003350, GC_00003444, GC_00008746	1	1	27	19
Ferredoxin-NADP reductase	0	1	1	NA	COG1018	GC_00001168, GC_00002222, GC_00002590, GC_00003852, GC_00004562	1	1	27	19
Phosphotransferase system IIC components, glucose/maltose/N-acetylglucosamine-specific!!!Phosphotransferase system IIB components	0	1	1	NA	COG1263!!!COG1264	GC_00000462, GC_00000969, GC_00002277, GC_00002797, GC_00003623, GC_00003635, GC_00004305, GC_00004532, GC_00005320, GC_00007488, GC_00009575, GC_00012058	1	1	27	19
Prolyl-tRNA synthetase	0	1	1	NA	COG0442	GC_00002276	1	1	27	19
Translation initiation factor IF-3	0	1	1	NA	COG0290	GC_00000584	1	1	27	19
GTP cyclohydrolase II	0	1	1	NA	COG0807	GC_00001242	1	1	27	19
Methionine aminopeptidase	0	1	1	NA	COG0024	GC_00000846	1	1	27	19
Seryl-tRNA synthetase	0	1	1	NA	COG0172	GC_00000791	1	1	27	19
FoF1-type ATP synthase, membrane subunit a	0	1	1	NA	COG0356	GC_00001547	1	1	27	19
Thiamin phosphate synthase YjbQ, UPF0047 family	0	1	1	NA	COG0432	GC_00001639	1	1	27	19
Negative regulator of sigma E activity	0	1	1	NA	COG3073	GC_00001142, GC_00001350	1	1	27	19
ABC-type transport system involved in cytochrome bd biosynthesis, fused ATPase and permease components	0	1	1	NA	COG4987	GC_00003018	1	1	27	19
Secreted/periplasmic Zn-dependent peptidases, insulinase-like	0	1	1	NA	COG1025	GC_00002783	1	1	27	19
Uncharacterized pyridoxal phosphate-containing protein, affects Ilv metabolism, UPF0001 family	0	1	1	NA	COG0325	GC_00001196	1	1	27	19
Predicted membrane channel-forming protein YqfA, hemolysin III family	0	1	1	NA	COG1272	GC_00001058	1	1	27	19
ATP-dependent protease HslVU (ClpYQ), ATPase subunit	0	1	1	NA	COG1220	GC_00001818	1	1	27	19
Mn-dependent transcriptional regulator, DtxR family	0	1	1	NA	COG1321	GC_00001037	1	1	27	19
Peptide methionine sulfoxide reductase MsrA	0	1	1	NA	COG0225	GC_00001801	1	1	27	19
Trehalose-6-phosphate synthase	0	1	1	NA	COG0380	GC_00000039	1	1	27	19
D-hexose-6-phosphate mutarotase	0	1	1	NA	COG0676	GC_00002893	1	1	27	19
5-methylcytosine-specific restriction endonuclease McrA	0	1	1	NA	COG1403	GC_00000072, GC_00000879, GC_00003860, GC_00003953, GC_00004106, GC_00004636, GC_00004716, GC_00005125, GC_00005541, GC_00005814, GC_00006148, GC_00006940, GC_00007035, GC_00007380, GC_00007994, GC_00008101, GC_00008710, GC_00008925, GC_00009039, GC_00009100, GC_00009110, GC_00009246, GC_00009589, GC_00009747, GC_00009899, GC_00010085, GC_00011318, GC_00011581	1	1	27	19
Phosphoserine phosphatase	0	1	1	NA	COG0560	GC_00000336, GC_00001946, GC_00010166	1	1	27	19
ABC-type multidrug transport system, permease component!!!ABC-type multidrug transport system, ATPase component	0	1	1	NA	COG0842!!!COG1131	GC_00002771	1	1	27	19
Altronate dehydratase	0	1	1	NA	COG2721	GC_00000067, GC_00002212, GC_00006501, GC_00006522, GC_00007979	1	1	27	19
Soluble cytochrome b562	0	1	1	NA	COG3783	GC_00002650, GC_00009543	1	1	27	19
Ni,Fe-hydrogenase I cytochrome b subunit	0	1	1	NA	COG1969	GC_00001457	1	1	27	19
Negative regulator of replication initiation	0	1	1	NA	COG3057	GC_00001282	1	1	27	19
Alcohol dehydrogenase, class IV	0	1	1	NA	COG1454	GC_00001852, GC_00002802, GC_00002830, GC_00004662, GC_00006443, GC_00006597, GC_00007318, GC_00011239	1	1	27	19
Uncharacterized conserved protein YceH, UPF0502 family	0	1	1	NA	COG3132	GC_00002604	1	1	27	19
Hypoxanthine phosphoribosyltransferase	0	1	1	NA	COG2236	GC_00001437	1	1	27	19
Uncharacterized membrane protein YtjA, UPF0391 family	0	1	1	NA	COG5487	GC_00000585	1	1	27	19
Periplasmic glucans biosynthesis protein	0	1	1	NA	COG3131	GC_00001218, GC_00003117	1	1	27	19
Cysteine sulfinate desulfinase/cysteine desulfurase or related enzyme	0	1	1	NA	COG1104	GC_00000636	1	1	27	19
Ribonuclease PH	0	1	1	NA	COG0689	GC_00001429	1	1	27	19
FAD synthase	0	1	1	NA	COG0196	GC_00001070	1	1	27	19
tRNA(Arg) A34 adenosine deaminase TadA	0	1	1	NA	COG0590	GC_00001833	1	1	27	19
Ni/Fe-hydrogenase 2 integral membrane subunit HybB	0	1	1	NA	COG5557	GC_00001541	1	1	27	19
Uncharacterized lipoprotein	0	1	1	NA	COG3317	GC_00001766	1	1	27	19
CDP-diacylglycerol pyrophosphatase	0	1	1	NA	COG2134	GC_00002528	1	1	27	19
Uncharacterized cysteine cluster protein YcgN, CxxCxxCC family	0	1	1	NA	COG2983	GC_00001690	1	1	27	19
Predicted periplasmic protein YdeI with OB-fold, BOF family	0	1	1	NA	COG3111	GC_00001062, GC_00003897, GC_00005324	1	1	27	19
Uncharacterized protein YaaW, UPF0174 family	0	1	1	NA	COG4735	GC_00002601	1	1	27	19
D-Tyr-tRNAtyr deacylase	0	1	1	NA	COG1490	GC_00000994	1	1	27	19
Ethanolamine transporter EutH, required for ethanolamine utilization at low pH	0	1	1	NA	COG3192	GC_00002143	1	1	27	19
Acetylornithine/succinyldiaminopimelate/putrescine aminotransferase	0	1	1	NA	COG4992	GC_00002396, GC_00002586, GC_00002606	1	1	27	19
ADP-glucose pyrophosphorylase	0	1	1	NA	COG0448	GC_00001113	1	1	27	19
Fumarate reductase subunit D	0	1	1	NA	COG3080	GC_00001099	1	1	27	19
ABC-type Zn2+ transport system, periplasmic component/surface adhesin	0	1	1	NA	COG4531	GC_00002750	1	1	27	19
ABC-type antimicrobial peptide transport system, permease component!!!ABC-type lipoprotein export system, ATPase component	0	1	1	NA	COG0577!!!COG1136	GC_00000248, GC_00009250	1	1	27	19
3-deoxy-D-manno-octulosonic acid (KDO) 8-phosphate synthase	0	1	1	NA	COG2877	GC_00001038	1	1	27	19
Phosphoribosylformylglycinamidine (FGAM) synthase, synthetase domain!!!Phosphoribosylformylglycinamidine (FGAM) synthase, glutamine amidotransferase domain	0	1	1	NA	COG0046!!!COG0047	GC_00003020	1	1	27	19
Ferredoxin!!!MinD superfamily P-loop ATPase, contains an inserted ferredoxin domain	0	1	1	NA	COG1145!!!COG1149	GC_00001246	1	1	27	19
2-polyprenyl-3-methyl-5-hydroxy-6-metoxy-1,4-benzoquinol methylase	0	1	1	NA	COG2227	GC_00001721, GC_00002810, GC_00008287	1	1	27	19
DNA-binding protein, stimulates sugar fermentation	0	1	1	NA	COG1489	GC_00001696	1	1	27	19
Ribosomal protein L11	0	1	1	NA	COG0080	GC_00000555	1	1	27	19
ABC-type sugar transport system, ATPase component	0	1	1	NA	COG1129	GC_00000119, GC_00000151, GC_00000371, GC_00001501, GC_00002258, GC_00003008, GC_00003771, GC_00003999, GC_00004140, GC_00004474, GC_00005831, GC_00007194, GC_00007442	1	1	27	19
tRNA(Leu) C34 or U34 (ribose-2'-O)-methylase TrmL, contains SPOUT domain	0	1	1	NA	COG0219	GC_00001473	1	1	27	19
Muramoyltetrapeptide carboxypeptidase LdcA (peptidoglycan recycling)	0	1	1	NA	COG1619	GC_00002470, GC_00008974	1	1	27	19
Uncharacterized membrane protein YccF, DUF307 family	0	1	1	NA	COG3304	GC_00001398	1	1	27	19
Uncharacterized conserved protein YfaQ, DUF2300 domain	0	1	1	NA	COG5445	GC_00000106	1	1	27	19
Phosphotransferase system cellobiose-specific component IIB	0	1	1	NA	COG1440	GC_00000769, GC_00004216	1	1	27	19
Disulfide bond formation protein DsbB	0	1	1	NA	COG1495	GC_00001783, GC_00004365	1	1	27	19
Citrate lyase beta subunit	0	1	1	NA	COG2301	GC_00000270, GC_00004544	1	1	27	19
Acyl-CoA hydrolase	0	1	1	NA	COG1607	GC_00001054, GC_00003775	1	1	27	19
Macrodomain Ter protein organizer, MatP/YcbG family	0	1	1	NA	COG3120	GC_00001560	1	1	27	19
Branched-chain amino acid ABC-type transport system, permease component	0	1	1	NA	COG0559	GC_00001741	1	1	27	19
Membrane-bound inhibitor of C-type lysozyme	0	1	1	NA	COG3895	GC_00002232	1	1	27	19
Orotidine-5'-phosphate decarboxylase	0	1	1	NA	COG0284	GC_00002503	1	1	27	19
Argininosuccinate synthase	0	1	1	NA	COG0137	GC_00001878	1	1	27	19
O-acetyl-ADP-ribose deacetylase (regulator of RNase III), contains Macro domain	0	1	1	NA	COG2110	GC_00000087, GC_00001075, GC_00004000, GC_00007843, GC_00008715, GC_00010854	1	1	27	19
Lipoate-protein ligase B	0	1	1	NA	COG0321	GC_00000281	1	1	27	19
Cell division protein ZapB, interacts with FtsZ	0	1	1	NA	COG3074	GC_00003033, GC_00010476	1	1	27	19
Uncharacterized conserved protein YjbJ, UPF0337 family	0	1	1	NA	COG3237	GC_00001444	1	1	27	19
Cell division GTPase FtsZ	0	1	1	NA	COG0206	GC_00000561	1	1	27	19
tRNA U55 pseudouridine synthase TruB, may also work on U342 of tmRNA	0	1	1	NA	COG0130	GC_00001089	1	1	27	19
Carbamate kinase	0	1	1	NA	COG0549	GC_00002044, GC_00002562, GC_00003332, GC_00004257, GC_00004797	1	1	27	19
RNA-splicing ligase RtcB, repairs tRNA damage	0	1	1	NA	COG1690	GC_00002885, GC_00003412, GC_00008628	1	1	27	19
Ribonuclease HI	0	1	1	NA	COG0328	GC_00001215	1	1	27	19
Small neutral amino acid transporter SnatA, MarC family	0	1	1	NA	COG2095	GC_00001299, GC_00001504, GC_00001628	1	1	27	19
NADH:ubiquinone oxidoreductase subunit 3 (chain A)	0	1	1	NA	COG0838	GC_00000892	1	1	27	19
Elongation factor P hydroxylase (EF-P beta-lysylation pathway)	0	1	1	NA	COG3101	GC_00002669	1	1	27	19
ABC-type transport system involved in cytochrome bd biosynthesis, ATPase and permease components	0	1	1	NA	COG4988	GC_00002729	1	1	27	19
Branched-chain amino acid permeases	0	1	1	NA	COG1114	GC_00001554	1	1	27	19
Fumarate reductase subunit C	0	1	1	NA	COG3029	GC_00000842	1	1	27	19
Phosphoribosylaminoimidazole-succinocarboxamide synthase	0	1	1	NA	COG0152	GC_00000745	1	1	27	19
Xaa-Pro aminopeptidase	0	1	1	NA	COG0006	GC_00001838, GC_00002834, GC_00003015, GC_00009982	1	1	27	19
RecA/RadA recombinase	0	1	1	NA	COG0468	GC_00000770	1	1	27	19
Uncharacterized conserved protein YbgA, DUF1722 family	0	1	1	NA	COG3272	GC_00002703	1	1	27	19
Phosphoethanolamine transferase for periplasmic glucans (OPG), alkaline phosphatase superfamily	0	1	1	NA	COG2194	GC_00000104, GC_00000175, GC_00000224, GC_00000366, GC_00002445, GC_00002599, GC_00003833, GC_00005205, GC_00008740, GC_00010500	1	1	27	19
Uncharacterized membrane protein YgdD, TMEM256/DUF423 family	0	1	1	NA	COG2363	GC_00001042	1	1	27	19
Alkyl hydroperoxide reductase subunit AhpC (peroxiredoxin)	0	1	1	NA	COG0450	GC_00000259	1	1	27	19
Bacterial lipocalin	0	1	1	NA	COG3040	GC_00000338, GC_00005824	1	1	27	19
Ribosomal protein S8	0	1	1	NA	COG0096	GC_00000616	1	1	27	19
Ribosomal protein L33	0	1	1	NA	COG0267	GC_00000632	1	1	27	19
Signal transduction histidine kinase, glucose-6-phosphate specific	0	1	1	NA	COG3851	GC_00002193, GC_00005501	1	1	27	19
Alcohol dehydrogenase YqhD, Fe-dependent ADH family	0	1	1	NA	COG1979	GC_00001754	1	1	27	19
Superfamily II DNA and RNA helicase	0	1	1	NA	COG0513	GC_00001066, GC_00001237, GC_00001288, GC_00002174, GC_00003201	1	1	27	19
Uncharacterized protein YqiB, DUF1249 family	0	1	1	NA	COG3151	GC_00000728	1	1	27	19
Glycine/serine hydroxymethyltransferase	0	1	1	NA	COG0112	GC_00001055	1	1	27	19
DNA mismatch repair ATPase MutL	0	1	1	NA	COG0323	GC_00002630, GC_00007980, GC_00011246	1	1	27	19
Fructose-1,6-bisphosphatase/sedoheptulose 1,7-bisphosphatase or related protein	0	1	1	NA	COG1494	GC_00001371, GC_00002427	1	1	27	19
DNA-binding winged helix-turn-helix (wHTH) domain	0	1	1	NA	COG3710	GC_00000423, GC_00004043, GC_00005737, GC_00005910, GC_00006257, GC_00011556	1	1	27	19
Threonine/homoserine/homoserine lactone efflux protein	0	1	1	NA	COG1280	GC_00002071, GC_00002164, GC_00002325, GC_00003053, GC_00003292, GC_00008221, GC_00011663	1	1	27	19
2C-methyl-D-erythritol 2,4-cyclodiphosphate synthase	0	1	1	NA	COG0245	GC_00001419	1	1	27	19
N-acetylglutamate synthase or related acetyltransferase, GNAT family!!!Acyl-coenzyme A thioesterase PaaI, contains HGG motif	0	1	1	NA	COG1246!!!COG2050	GC_00000283	1	1	27	19
Transaldolase	0	1	1	NA	COG0176	GC_00001125, GC_00001817, GC_00002378, GC_00002899	1	1	27	19
Rad3-related DNA helicase	0	1	1	NA	COG1199	GC_00001673, GC_00002459, GC_00005381	1	1	27	19
Molecular chaperone GrpE (heat shock protein)	0	1	1	NA	COG0576	GC_00001412	1	1	27	19
Acyl-CoA synthetase (AMP-forming)/AMP-acid ligase II	0	1	1	NA	COG0318	GC_00001635, GC_00002832, GC_00003001, GC_00003213, GC_00005089, GC_00006418	1	1	27	19
Aminopeptidase N	0	1	1	NA	COG0308	GC_00002690	1	1	27	19
3-phosphoglycerate kinase	0	1	1	NA	COG0126	GC_00001007	1	1	27	19
ABC-type proline/glycine betaine transport system, ATPase component	0	1	1	NA	COG1125	GC_00000504	1	1	27	19
Uncharacterized paraquat-inducible protein A	0	1	1	NA	COG2995	GC_00001368, GC_00002359	1	1	27	19
Geranylgeranyl pyrophosphate synthase	0	1	1	NA	COG0142	GC_00001524, GC_00002154	1	1	27	19
DNA gyrase inhibitor GyrI	0	1	1	NA	COG3449	GC_00002370, GC_00002563	1	1	27	19
Glycosyltransferase involved in cell wall bisynthesis	0	1	1	NA	COG0463	GC_00002173, GC_00002602, GC_00003376, GC_00003426, GC_00003432, GC_00004041, GC_00005024, GC_00005359, GC_00005641, GC_00005651, GC_00005876, GC_00006243, GC_00006249, GC_00006259, GC_00006261, GC_00006263, GC_00006333, GC_00006371, GC_00006382, GC_00006485, GC_00007005, GC_00007242, GC_00007292, GC_00007374, GC_00007547, GC_00007569, GC_00008116, GC_00008203, GC_00008354, GC_00008548, GC_00008592, GC_00008739, GC_00008961, GC_00008970, GC_00009457, GC_00009504, GC_00009554, GC_00009574, GC_00009578, GC_00009605, GC_00009705, GC_00009709, GC_00009813, GC_00009928, GC_00009955, GC_00010019, GC_00010027, GC_00010041, GC_00010145, GC_00010317, GC_00010685, GC_00010840, GC_00011277, GC_00011522, GC_00011717, GC_00011945, GC_00012001	1	1	27	19
Enterochelin esterase or related enzyme	0	1	1	NA	COG2382	GC_00000466, GC_00003642, GC_00005348, GC_00009617	1	1	27	19
DNA repair exonuclease SbcCD ATPase subunit	0	1	1	NA	COG0419	GC_00003017, GC_00004185, GC_00004637, GC_00006061, GC_00006084, GC_00006917, GC_00007065, GC_00007170, GC_00007897, GC_00008147, GC_00009243, GC_00009346, GC_00010394, GC_00010548, GC_00011595	1	1	27	19
Na+-driven multidrug efflux pump	0	1	1	NA	COG0534	GC_00000228, GC_00002315, GC_00002552, GC_00005461	1	1	27	19
Cytidylate kinase	0	1	1	NA	COG0283	GC_00000551	1	1	27	19
4'-phosphopantetheinyl transferase EntD (siderophore biosynthesis)	0	1	1	NA	COG2977	GC_00000400, GC_00004071	1	1	27	19
UDP-N-acetylmuramoylalanine-D-glutamate ligase	0	1	1	NA	COG0771	GC_00002545	1	1	27	19
Ni,Fe-hydrogenase I small subunit	0	1	1	NA	COG1740	GC_00000286, GC_00001591	1	1	27	19
Predicted CoA-binding protein	0	1	1	NA	COG1832	GC_00001370	1	1	27	19
Dethiobiotin synthetase	0	1	1	NA	COG0132	GC_00002644, GC_00003280, GC_00008320	1	1	27	19
D-serine dehydratase	0	1	1	NA	COG3048	GC_00000131	1	1	27	19
K+-transporting ATPase, c chain	0	1	1	NA	COG2156	GC_00002894	1	1	27	19
dUTPase	0	1	1	NA	COG0756	GC_00001182	1	1	27	19
Endonuclease III	0	1	1	NA	COG0177	GC_00001181	1	1	27	19
3-deoxy-D-arabino-heptulosonate 7-phosphate (DAHP) synthase	0	1	1	NA	COG0722	GC_00001676, GC_00001723, GC_00001826, GC_00006093	1	1	27	19
Signal transduction histidine kinase, nitrate/nitrite-specific	0	1	1	NA	COG3850	GC_00000377, GC_00001858	1	1	27	19
Superfamily II DNA or RNA helicase	0	1	1	NA	COG1061	GC_00002635, GC_00007111, GC_00008074, GC_00008946, GC_00009259	1	1	27	19
Deoxyinosine 3'endonuclease (endonuclease V)	0	1	1	NA	COG1515	GC_00000996	1	1	27	19
Membrane protein TerC, possibly involved in tellurium resistance!!!Hemolysin or related protein, contains CBS domains	0	1	1	NA	COG0861!!!COG1253	GC_00000923	1	1	27	19
ABC-type transporter Mla maintaining outer membrane lipid asymmetry, lipoprotein component MlaA	0	1	1	NA	COG2853	GC_00001665	1	1	27	19
Ribosomal silencing factor RsfS, regulates association of 30S and 50S subunits	0	1	1	NA	COG0799	GC_00000261	1	1	27	19
DNA mismatch repair protein MutH	0	1	1	NA	COG3066	GC_00001935	1	1	27	19
NhaP-type Na+/H+ or K+/H+ antiporter	0	1	1	NA	COG0025	GC_00001832, GC_00004714	1	1	27	19
Pseudouridylate synthase, 23S rRNA- or tRNA-specific	0	1	1	NA	COG0564	GC_00000350, GC_00001516, GC_00001531, GC_00002319	1	1	27	19
Succinyl-CoA synthetase, beta subunit!!!Acyl-CoA synthetase (NDP forming)!!!Protein N-acetyltransferase, RimJ/RimL family	0	1	1	NA	COG0045!!!COG1042!!!COG1670	GC_00002883	1	1	27	19
Adenine C2-methylase RlmN of 23S rRNA A2503 and tRNA A37	0	1	1	NA	COG0820	GC_00001193	1	1	27	19
Coproporphyrinogen III oxidase	0	1	1	NA	COG0408	GC_00002375	1	1	27	19
Predicted metal-dependent hydrolase	0	1	1	NA	COG1451	GC_00001590, GC_00008223, GC_00008540	1	1	27	19
Neutral trehalase!!!Glycogen debranching enzyme (alpha-1,6-glucosidase)	0	1	1	NA	COG1626!!!COG3408	GC_00000515	1	1	27	19
Uncharacterized membrane protein YhaH, DUF805 family	0	1	1	NA	COG3152	GC_00001319, GC_00001381, GC_00003871, GC_00004825	1	1	27	19
Uracil DNA glycosylase	0	1	1	NA	COG0692	GC_00002072	1	1	27	19
Predicted Zn-dependent peptidase	0	1	1	NA	COG0612	GC_00002474, GC_00003265	1	1	27	19
Uncharacterized membrane protein YjfL, UPF0719 family	0	1	1	NA	COG3766	GC_00001431	1	1	27	19
Membrane-associated phospholipid phosphatase	0	1	1	NA	COG0671	GC_00001583, GC_00001722, GC_00001774, GC_00005197, GC_00008491	1	1	27	19
Outer membrane protein assembly factor BamD, BamD/ComL family	0	1	1	NA	COG4105	GC_00000744	1	1	27	19
Preprotein translocase subunit SecG	0	1	1	NA	COG1314	GC_00001199	1	1	27	19
Ribosome association toxin PasT (RatA) of the RatAB toxin-antitoxin module	0	1	1	NA	COG2867	GC_00002169	1	1	27	19
1,6-Anhydro-N-acetylmuramate kinase	0	1	1	NA	COG2377	GC_00002862	1	1	27	19
Biopolymer transport protein ExbB/TolQ	0	1	1	NA	COG0811	GC_00000863, GC_00001308	1	1	27	19
Phosphate uptake regulator	0	1	1	NA	COG0704	GC_00001877	1	1	27	19
Dihydrofolate reductase	0	1	1	NA	COG0262	GC_00001097, GC_00008562, GC_00009249, GC_00012080	1	1	27	19
Aspartate/glutamate racemase	0	1	1	NA	COG1794	GC_00001896, GC_00008819	1	1	27	19
tRNA U34 5-carboxymethylaminomethyl modifying GTPase MnmE/TrmE	0	1	1	NA	COG0486	GC_00002629	1	1	27	19
Ribosomal 30S subunit maturation factor RimM, required for 16S rRNA processing	0	1	1	NA	COG0806	GC_00000615	1	1	27	19
Uncharacterized conserved protein YcfJ, contains glycine zipper 2TM domain	0	1	1	NA	COG3134	GC_00001373	1	1	27	19
Uncharacterized conserved protein YggL, DUF469 family	0	1	1	NA	COG3171	GC_00001744	1	1	27	19
Iron uptake system EfeUOB, periplasmic (or lipoprotein) component EfeO/EfeM!!!Plastocyanin	0	1	1	NA	COG2822!!!COG3794	GC_00002494	1	1	27	19
Ferredoxin	0	1	1	NA	COG0633	GC_00001511, GC_00002119, GC_00006023	1	1	27	19
ABC-type Fe2+-enterobactin transport system, periplasmic component	0	1	1	NA	COG4592	GC_00000354	1	1	27	19
DNA repair exonuclease SbcCD nuclease subunit	0	1	1	NA	COG0420	GC_00001709	1	1	27	19
Transcriptional regulator of competence genes, TfoX/Sxy family	0	1	1	NA	COG3070	GC_00001716	1	1	27	19
Glutathione peroxidase, house-cleaning role in reducing lipid peroxides	0	1	1	NA	COG0386	GC_00002365	1	1	27	19
Phosphoglycolate phosphatase, HAD superfamily	0	1	1	NA	COG0546	GC_00002486	1	1	27	19
ABC-type histidine transport system, ATPase component	0	1	1	NA	COG4598	GC_00001476	1	1	27	19
Galactose mutarotase or related enzyme	0	1	1	NA	COG2017	GC_00002124, GC_00003158, GC_00003919, GC_00004409, GC_00004485	1	1	27	19
Holliday junction resolvasome RuvABC, ATP-dependent DNA helicase subunit	0	1	1	NA	COG2255	GC_00001267	1	1	27	19
Glutamate racemase	0	1	1	NA	COG0796	GC_00002594, GC_00007867	1	1	27	19
Predicted ATPase	0	1	1	NA	COG1485	GC_00002615, GC_00010180, GC_00010193, GC_00010263, GC_00011141, GC_00012091	1	1	27	19
Predicted unusual protein kinase regulating ubiquinone biosynthesis, AarF/ABC1/UbiB family	0	1	1	NA	COG0661	GC_00001595, GC_00004024, GC_00005050, GC_00006770	1	1	27	19
Predicted ATP-dependent serine protease	0	1	1	NA	COG1066	GC_00000301	1	1	27	19
Selenocysteine lyase/Cysteine desulfurase	0	1	1	NA	COG0520	GC_00002576, GC_00002716	1	1	27	19
ABC-type transport system, involved in lipoprotein release, permease component	0	1	1	NA	COG4591	GC_00001102, GC_00002336, GC_00005870	1	1	27	19
Phosphatidylserine decarboxylase	0	1	1	NA	COG0688	GC_00001313	1	1	27	19
2-succinyl-5-enolpyruvyl-6-hydroxy-3-cyclohexene-1-carboxylate synthase	0	1	1	NA	COG1165	GC_00002343	1	1	27	19
Formate hydrogenlyase subunit 3/Multisubunit Na+/H+ antiporter, MnhD subunit	0	1	1	NA	COG0651	GC_00002852, GC_00003735, GC_00003859, GC_00006240	1	1	27	19
Ribosomal protein L15	0	1	1	NA	COG0200	GC_00001044	1	1	27	19
Predicted dehydrogenase	0	1	1	NA	COG0673	GC_00000402, GC_00002079, GC_00002214, GC_00002773, GC_00003259, GC_00004988, GC_00010562, GC_00011118, GC_00011646, GC_00011877	1	1	27	19
Uncharacterized protein involved in outer membrane biogenesis	0	1	1	NA	COG2982	GC_00002130, GC_00002493, GC_00002733	1	1	27	19
Predicted transposase YdaD	0	1	1	NA	COG5464	GC_00000059, GC_00000244, GC_00002600, GC_00002873, GC_00003421, GC_00005822, GC_00005951, GC_00006196, GC_00006236, GC_00006648, GC_00008699, GC_00009360, GC_00009588, GC_00010290	1	1	27	19
Folylpolyglutamate synthase/Dihydropteroate synthase	0	1	1	NA	COG0285	GC_00002643	1	1	27	19
DNA gyrase/topoisomerase IV, subunit A	0	1	1	NA	COG0188	GC_00001666, GC_00002356	1	1	27	19
Glycerol-3-phosphate dehydrogenase	0	1	1	NA	COG0240	GC_00000742, GC_00001796, GC_00002926	1	1	27	19
Na+-translocating ferredoxin:NAD+ oxidoreductase  RNF, RnfE subunit	0	1	1	NA	COG4660	GC_00002235	1	1	27	19
Ribosome modulation factor	0	1	1	NA	COG3130	GC_00000705	1	1	27	19
tRNA A37 threonylcarbamoyladenosine modification protein TsaB	0	1	1	NA	COG1214	GC_00002713	1	1	27	19
Citrate lyase synthetase	0	1	1	NA	COG3053	GC_00000318	1	1	27	19
Predicted sulfurtransferase	0	1	1	NA	COG1054	GC_00002756	1	1	27	19
S-ribosylhomocysteine lyase LuxS, autoinducer biosynthesis	0	1	1	NA	COG1854	GC_00001738	1	1	27	19
tRNA A37 threonylcarbamoyladenosine biosynthesis protein TsaE	0	1	1	NA	COG0802	GC_00001197	1	1	27	19
CBS domain!!!D-arabinose 5-phosphate isomerase GutQ	0	1	1	NA	COG0517!!!COG0794	GC_00001128, GC_00001937, GC_00004230	1	1	27	19
Actin-like ATPase involved in cell morphogenesis	0	1	1	NA	COG1077	GC_00000727, GC_00004117	1	1	27	19
ABC-type proline/glycine betaine transport system, periplasmic component	0	1	1	NA	COG2113	GC_00002580	1	1	27	19
Adenosylmethionine-8-amino-7-oxononanoate aminotransferase	0	1	1	NA	COG0161	GC_00003021	1	1	27	19
Uncharacterized protein VirK/YbjX	0	1	1	NA	COG2990	GC_00002295, GC_00005898	1	1	27	19
Tetratricopeptide (TPR) repeat	0	1	1	NA	COG0457	GC_00000519, GC_00003523, GC_00004039, GC_00004503, GC_00005135, GC_00005680, GC_00006922, GC_00007023, GC_00009480, GC_00010474	1	1	27	19
Glutaminase	0	1	1	NA	COG2066	GC_00003056, GC_00003209	1	1	27	19
Regulator of PEP synthase PpsR, kinase-PPPase family (combines ADP:protein kinase and phosphorylase activities)	0	1	1	NA	COG1806	GC_00000964	1	1	27	19
Prephenate dehydrogenase!!!Chorismate mutase	0	1	1	NA	COG0287!!!COG1605	GC_00002067	1	1	27	19
Succinate dehydrogenase flavin-adding protein, antitoxin component of the CptAB toxin-antitoxin module	0	1	1	NA	COG2938	GC_00000865	1	1	27	19
Uncharacterized membrane protein YhdT	0	1	1	NA	COG3924	GC_00001572	1	1	27	19
Fructose/tagatose bisphosphate aldolase	0	1	1	NA	COG0191	GC_00001107, GC_00001209, GC_00003316, GC_00003416, GC_00004132, GC_00004333, GC_00004353, GC_00004443, GC_00005779, GC_00005811	1	1	27	19
Uncharacterized OsmC-related protein	0	1	1	NA	COG1765	GC_00000748	1	1	27	19
Branched-chain amino acid aminotransferase/4-amino-4-deoxychorismate lyase	0	1	1	NA	COG0115	GC_00001079, GC_00002550	1	1	27	19
DNA topoisomerase IA	0	1	1	NA	COG0550	GC_00002556, GC_00009847, GC_00010076	1	1	27	19
ABC-type branched-chain amino acid transport system, periplasmic component	0	1	1	NA	COG0683	GC_00001414, GC_00002217	1	1	27	19
G:T/U-mismatch repair DNA glycosylase	0	1	1	NA	COG3663	GC_00001214	1	1	27	19
Uncharacterized conserved protein YfcZ, UPF0381/DUF406 family	0	1	1	NA	COG3691	GC_00001161, GC_00001363	1	1	27	19
2,4-dienoyl-CoA reductase or related NADH-dependent reductase, Old Yellow Enzyme (OYE) family	0	1	1	NA	COG1902	GC_00002441, GC_00004036, GC_00010543	1	1	27	19
Na+/glutamate symporter	0	1	1	NA	COG0786	GC_00002090	1	1	27	19
Malate/lactate dehydrogenase	0	1	1	NA	COG0039	GC_00001180, GC_00008928, GC_00010360	1	1	27	19
Flagellar biosynthesis pathway, component FlhA	0	1	1	NA	COG1298	GC_00000245, GC_00003131	1	1	27	19
L-2-hydroxyglutarate oxidase LhgO	0	1	1	NA	COG0579	GC_00002740, GC_00003268	1	1	27	19
5'-3' exonuclease	0	1	1	NA	COG0258	GC_00002522	1	1	27	19
D-ribose pyranose/furanose isomerase RbsD	0	1	1	NA	COG1869	GC_00002456, GC_00007855	1	1	27	19
Type II secretory pathway, component HofQ	0	1	1	NA	COG4796	GC_00002864, GC_00008042, GC_00009217, GC_00010523, GC_00012022	1	1	27	19
Alkaline phosphatase	0	1	1	NA	COG1785	GC_00002849	1	1	27	19
ABC-type glycerol-3-phosphate transport system, periplasmic component	0	1	1	NA	COG1653	GC_00000161, GC_00001780	1	1	27	19
Putative aminopeptidase FrvX	0	1	1	NA	COG1363	GC_00002672, GC_00003734, GC_00004787	1	1	27	19
Regulator of phage lambda lysogenization HflD, binds to CII and stimulates its degradation	0	1	1	NA	COG2915	GC_00001843	1	1	27	19
Lyzozyme M1 (1,4-beta-N-acetylmuramidase), GH25 family	0	1	1	NA	COG3757	GC_00000475	1	1	27	19
Alkylhydroperoxidase family enzyme, contains CxxC motif	0	1	1	NA	COG2128	GC_00002385, GC_00004070	1	1	27	19
Various environmental stresses-induced protein Ves (function unknown)	0	1	1	NA	COG3758	GC_00002290, GC_00008009	1	1	27	19
UDP-N-acetyl-D-mannosaminuronic acid transferase, WecB/TagA/CpsF family	0	1	1	NA	COG1922	GC_00002035, GC_00010681, GC_00012165	1	1	27	19
DNA-binding transcriptional regulator, MltR family	0	1	1	NA	COG3722	GC_00001326, GC_00002717, GC_00011799	1	1	27	19
Uncharacterized membrane protein SirB2	0	1	1	NA	COG3094	GC_00002333	1	1	27	19
3-keto-L-gulonate-6-phosphate decarboxylase	0	1	1	NA	COG0269	GC_00001694, GC_00003577, GC_00009653	1	1	27	19
DNA-binding transcriptional response regulator, NtrC family, contains REC, AAA-type ATPase, and a Fis-type DNA-binding domains	0	1	1	NA	COG2204	GC_00000254, GC_00002096, GC_00002269, GC_00003699, GC_00004514, GC_00005890, GC_00007447	1	1	27	19
UDP-N-acetylmuramyl pentapeptide synthase	0	1	1	NA	COG0770	GC_00002314	1	1	27	19
SAM-dependent methyltransferase	0	1	1	NA	COG0500	GC_00002298, GC_00003187, GC_00003381, GC_00004067, GC_00011802	1	1	27	19
Transcriptional accessory protein Tex/SPT6	0	1	1	NA	COG2183	GC_00002959	1	1	27	19
Uncharacterized conserved protein YejL, UPF0352 family	0	1	1	NA	COG3082	GC_00001298	1	1	27	19
Acetolactate synthase large subunit or other thiamine pyrophosphate-requiring enzyme	0	1	1	NA	COG0028	GC_00000138, GC_00001991, GC_00002697, GC_00002842, GC_00003251	1	1	27	19
NAD dependent epimerase/dehydratase family enzyme	0	1	1	NA	COG1090	GC_00002490	1	1	27	19
Predicted house-cleaning NTP pyrophosphatase, Maf/HAM1 superfamily	0	1	1	NA	COG0424	GC_00001294, GC_00002129	1	1	27	19
Diadenosine tetraphosphate (Ap4A) hydrolase or other HIT family hydrolase	0	1	1	NA	COG0537	GC_00001141	1	1	27	19
Succinate-acetate transporter protein	0	1	1	NA	COG1584	GC_00001411	1	1	27	19
Argininosuccinate lyase	0	1	1	NA	COG0165	GC_00002368, GC_00009724	1	1	27	19
Malic enzyme	0	1	1	NA	COG0281	GC_00002382, GC_00010174	1	1	27	19
Formamidopyrimidine-DNA glycosylase	0	1	1	NA	COG0266	GC_00001527, GC_00003420, GC_00007332	1	1	27	19
Negative regulator of GroEL, contains thioredoxin-like and TPR-like domains	0	1	1	NA	COG3118	GC_00000652, GC_00000874, GC_00003085, GC_00010407	1	1	27	19
Peptide methionine sulfoxide reductase MsrB	0	1	1	NA	COG0229	GC_00001171	1	1	27	19
Exonuclease VII small subunit	0	1	1	NA	COG1722	GC_00000752	1	1	27	19
Fructoselysine-6-P-deglycase FrlB and related proteins with duplicated sugar isomerase (SIS) domain	0	1	1	NA	COG2222	GC_00002791, GC_00004017, GC_00005652	1	1	27	19
Inosine/xanthosine triphosphate pyrophosphatase, all-alpha NTP-PPase family	0	1	1	NA	COG0127	GC_00002561	1	1	27	19
1-acyl-sn-glycerol-3-phosphate acyltransferase	0	1	1	NA	COG0204	GC_00001236, GC_00002518, GC_00004578	1	1	27	19
Excinuclease UvrABC helicase subunit UvrB	0	1	1	NA	COG0556	GC_00001135	1	1	27	19
1-deoxy-D-xylulose 5-phosphate reductoisomerase	0	1	1	NA	COG0743	GC_00000344	1	1	27	19
Rhodanese-related sulfurtransferase	0	1	1	NA	COG0607	GC_00000854, GC_00001657, GC_00001829, GC_00002681, GC_00005496	1	1	27	19
Ribosomal protein S4 or related protein	0	1	1	NA	COG0522	GC_00000594	1	1	27	19
Cell division protein FtsB	0	1	1	NA	COG2919	GC_00001312	1	1	27	19
Single-stranded DNA-binding protein	0	1	1	NA	COG0629	GC_00000648, GC_00005091, GC_00005238, GC_00005382, GC_00005548, GC_00006139, GC_00007215, GC_00007696, GC_00008908, GC_00010255, GC_00010260, GC_00010299, GC_00011645	1	1	27	19
Periplasmic protein TonB, links inner and outer membranes	0	1	1	NA	COG0810	GC_00002163, GC_00004420, GC_00005390, GC_00006798	1	1	27	19
Transcription-repair coupling factor (superfamily II helicase)	0	1	1	NA	COG1197	GC_00000505	1	1	27	19
Zn-dependent alcohol dehydrogenase	0	1	1	NA	COG1062	GC_00001893	1	1	27	19
Predicted outer membrane lipoprotein	0	1	1	NA	COG4890	GC_00000703	1	1	27	19
Glycerol kinase	0	1	1	NA	COG0554	GC_00001331, GC_00007384	1	1	27	19
Uncharacterized conserved protein, contains Zn finger domain	0	1	1	NA	COG4715	GC_00000195, GC_00010578	1	1	27	19
Uncharacterized membrane protein YbaN, DUF454 family	0	1	1	NA	COG2832	GC_00001435	1	1	27	19
ABC-type Fe3+-siderophore transport system, permease component	0	1	1	NA	COG0609	GC_00000389, GC_00003230, GC_00003945, GC_00004011, GC_00004014, GC_00004075, GC_00004136, GC_00004142, GC_00004595	1	1	27	19
Positive regulator of sigma E activity	0	1	1	NA	COG3086	GC_00002252	1	1	27	19
Alpha-D-ribose 1-methylphosphonate 5-triphosphate diphosphatase PhnM	0	1	1	NA	COG3454	GC_00002890	1	1	27	19
Exopolyphosphatase/pppGpp-phosphohydrolase	0	1	1	NA	COG0248	GC_00000394, GC_00001145	1	1	27	19
Uncharacterized conserved protein YggU, UPF0235/DUF167 family	0	1	1	NA	COG1872	GC_00001500	1	1	27	19
Tryptophan synthase beta chain	0	1	1	NA	COG0133	GC_00000363	1	1	27	19
Membrane-anchored periplasmic protein YejM, alkaline phosphatase superfamily	0	1	1	NA	COG3083	GC_00001071	1	1	27	19
Acetolactate synthase, small subunit	0	1	1	NA	COG0440	GC_00000675, GC_00003088	1	1	27	19
ABC-type amino acid transport/signal transduction system, periplasmic component/domain	0	1	1	NA	COG0834	GC_00000150, GC_00000410, GC_00000714, GC_00001069, GC_00001474, GC_00001974, GC_00002337, GC_00003491, GC_00003997, GC_00006228, GC_00008183, GC_00008871, GC_00010366, GC_00011107	1	1	27	19
tRNA (Thr-GGU) A37 N-methylase	0	1	1	NA	COG1720	GC_00002211	1	1	27	19
Succinate dehydrogenase/fumarate reductase, Fe-S protein subunit	0	1	1	NA	COG0479	GC_00000952, GC_00001224	1	1	27	19
Uncharacterized membrane protein AbrB, regulator of aidB expression	0	1	1	NA	COG3180	GC_00000397	1	1	27	19
Glutaredoxin 2	0	1	1	NA	COG2999	GC_00000876	1	1	27	19
NH3-dependent NAD+ synthetase	0	1	1	NA	COG0171	GC_00002867	1	1	27	19
Trk K+ transport system, NAD-binding component!!!Uncharacterized membrane protein YbjL, putative transporter	0	1	1	NA	COG0569!!!COG2985	GC_00000671, GC_00001939	1	1	27	19
Glycerol-3-phosphate O-acyltransferase	0	1	1	NA	COG2937	GC_00000293	1	1	27	19
Glutaredoxin	0	1	1	NA	COG0695	GC_00000640, GC_00000777, GC_00001682, GC_00009594, GC_00011055, GC_00011535	1	1	27	19
tRNA A37 threonylcarbamoyladenosine synthetase subunit TsaC/SUA5/YrdC	0	1	1	NA	COG0009	GC_00000723, GC_00002284	1	1	27	19
16S rRNA G527 N7-methylase RsmG (former glucose-inhibited division protein B)	0	1	1	NA	COG0357	GC_00000280	1	1	27	19
Adenine/guanine phosphoribosyltransferase or related PRPP-binding protein	0	1	1	NA	COG0503	GC_00001017, GC_00005302	1	1	27	19
DNA-directed RNA polymerase, alpha subunit/40 kD subunit	0	1	1	NA	COG0202	GC_00000580	1	1	27	19
3',5'-cyclic AMP phosphodiesterase CpdA	0	1	1	NA	COG1409	GC_00001604	1	1	27	19
Sugar or nucleoside kinase, ribokinase family!!!DNA-binding transcriptional regulator, Lrp family	0	1	1	NA	COG0524!!!COG1522	GC_00000469, GC_00007819	1	1	27	19
Fe-S cluster assembly ATPase SufC	0	1	1	NA	COG0396	GC_00002496	1	1	27	19
Dihydroxyacid dehydratase/phosphogluconate dehydratase	0	1	1	NA	COG0129	GC_00001588, GC_00002902, GC_00005201, GC_00006688	1	1	27	19
Outer membrane receptor for ferrienterochelin and colicins	0	1	1	NA	COG4771	GC_00000178, GC_00000218, GC_00003510, GC_00003924, GC_00004092, GC_00004163, GC_00004171, GC_00004218, GC_00004929, GC_00005420, GC_00005661, GC_00006984	1	1	27	19
Cytochrome c biogenesis factor	0	1	1	NA	COG1138	GC_00002236, GC_00003004	1	1	27	19
Uncharacterized membrane protein YiaA	0	1	1	NA	COG4682	GC_00000346, GC_00003380	1	1	27	19
Cell division protein ZapA, inhibits GTPase activity of FtsZ	0	1	1	NA	COG3027	GC_00000543	1	1	27	19
Ribosomal protein L19	0	1	1	NA	COG0335	GC_00000578	1	1	27	19
Glucose dehydrogenase	0	1	1	NA	COG4993	GC_00002566	1	1	27	19
Undecaprenyl pyrophosphate synthase	0	1	1	NA	COG0020	GC_00000651	1	1	27	19
Uncharacterized membrane protein YqjE	0	1	1	NA	COG5393	GC_00001111	1	1	27	19
Sugar or nucleoside kinase, ribokinase family	0	1	1	NA	COG0524	GC_00000165, GC_00000518, GC_00000750, GC_00002451, GC_00003116, GC_00003318, GC_00003769, GC_00003916, GC_00004168, GC_00004366, GC_00004406, GC_00004453, GC_00004497, GC_00004987, GC_00005418, GC_00005872, GC_00010622	1	1	27	19
Glycine cleavage system regulatory protein	0	1	1	NA	COG2716	GC_00000924	1	1	27	19
Nucleotide-binding universal stress protein,  UspA family	0	1	1	NA	COG0589	GC_00000359, GC_00000622, GC_00001448, GC_00003049, GC_00003079, GC_00003163	1	1	27	19
DNA polymerase III, alpha subunit	0	1	1	NA	COG0587	GC_00002531, GC_00010967	1	1	27	19
C-terminal processing protease CtpA/Prc, contains a PDZ domain	0	1	1	NA	COG0793	GC_00002638	1	1	27	19
Uncharacterized membrane protein YqiK, contains Band7/PHB/SPFH domain	0	1	1	NA	COG2268	GC_00000184	1	1	27	19
Threonine/homoserine efflux transporter RhtA	0	1	1	NA	COG5006	GC_00000297	1	1	27	19
Ribosomal protein L9	0	1	1	NA	COG0359	GC_00000524	1	1	27	19
ABC-type oligopeptide transport system, ATPase component	0	1	1	NA	COG4608	GC_00001177, GC_00002414, GC_00003834	1	1	27	19
ABC-type xylose transport system, periplasmic component	0	1	1	NA	COG4213	GC_00001545	1	1	27	19
Peptidoglycan/xylan/chitin deacetylase, PgdA/CDA1 family	0	1	1	NA	COG0726	GC_00002241, GC_00002686, GC_00005668, GC_00005791, GC_00011001	1	1	27	19
Uncharacterized metal-binding protein YceD, DUF177 family	0	1	1	NA	COG1399	GC_00000809	1	1	27	19
Cell division protein FtsN	0	1	1	NA	COG3087	GC_00002074	1	1	27	19
Cell division protein DedD (periplasmic protein involved in septation)	0	1	1	NA	COG3147	GC_00002000	1	1	27	19
GGDEF domain, diguanylate cyclase (c-di-GMP synthetase) or its enzymatically inactive variants!!!EAL domain, c-di-GMP-specific phosphodiesterase class I (or its enzymatically inactive variant)!!!PAS domain	0	1	1	NA	COG2199!!!COG2200!!!COG2202	GC_00000100	1	1	27	19
Radical SAM superfamily enzyme YgiQ, UPF0313 family	0	1	1	NA	COG1032	GC_00002105	1	1	27	19
Uncharacterized membrane protein YeiB	0	1	1	NA	COG2311	GC_00000501	1	1	27	19
Na+/alanine symporter	0	1	1	NA	COG1115	GC_00002979	1	1	27	19
Uncharacterized membrane protein YqaE, homolog of Blt101, UPF0057 family	0	1	1	NA	COG0401	GC_00000600	1	1	27	19
Ribosome maturation factor RimP	0	1	1	NA	COG0779	GC_00000731	1	1	27	19
Acid stress-induced BolA-like protein IbaG/YrbA, predicted regulator of iron metabolism	0	1	1	NA	COG5007	GC_00000535	1	1	27	19
Regulator of protease activity HflC, stomatin/prohibitin superfamily	0	1	1	NA	COG0330	GC_00000650, GC_00001151, GC_00001535, GC_00004214, GC_00005041, GC_00007588, GC_00011744	1	1	27	19
Predicted epimerase YddE/YHI9, PhzF superfamily	0	1	1	NA	COG0384	GC_00000194	1	1	27	19
Alpha-glucosidase, glycosyl hydrolase family GH31	0	1	1	NA	COG1501	GC_00000482, GC_00003929, GC_00006163, GC_00006880	1	1	27	19
Sulfatase maturation enzyme AslB, radical SAM superfamily	0	1	1	NA	COG0641	GC_00002437, GC_00002536, GC_00002909, GC_00008841	1	1	27	19
Acetyl-CoA carboxylase beta subunit	0	1	1	NA	COG0777	GC_00000743	1	1	27	19
Formate hydrogenlyase subunit 6/NADH:ubiquinone oxidoreductase 23 kD subunit (chain I)	0	1	1	NA	COG1143	GC_00000556, GC_00002199, GC_00003849, GC_00011957	1	1	27	19
FKBP-type peptidyl-prolyl cis-trans isomerase	0	1	1	NA	COG0545	GC_00001244, GC_00001248	1	1	27	19
Phosphoenolpyruvate-protein kinase (PTS system EI component in bacteria)	0	1	1	NA	COG1080	GC_00001566	1	1	27	19
Acetate kinase	0	1	1	NA	COG0282	GC_00000850, GC_00002454, GC_00007187	1	1	27	19
Nucleoside phosphorylase	0	1	1	NA	COG0775	GC_00000883, GC_00001664	1	1	27	19
Predicted branched-chain amino acid permease (azaleucine resistance)	0	1	1	NA	COG1296	GC_00001352	1	1	27	19
Chromosome condensin MukBEF, ATPase and DNA-binding subunit MukB [Escherichia coli str. K-12 substr. MG1655	0	1	1	NA	COG3096	GC_00002968	1	1	27	19
Sulfate adenylyltransferase subunit 1, EFTu-like GTPase family	0	1	1	NA	COG2895	GC_00002467	1	1	27	19
Cys-tRNA(Pro) deacylase, prolyl-tRNA editing enzyme YbaK/EbsC	0	1	1	NA	COG2606	GC_00002121, GC_00003102	1	1	27	19
Oligoribonuclease (3'-5' exoribonuclease)	0	1	1	NA	COG1949	GC_00001105	1	1	27	19
Uncharacterized protein, possibly involved in glyoxylate utilization	0	1	1	NA	COG3257	GC_00002787	1	1	27	19
Ribosomal 50S subunit-recycling heat shock protein, contains S4 domain	0	1	1	NA	COG1188	GC_00001192	1	1	27	19
Ribose/xylose/arabinose/galactoside ABC-type transport system, permease component	0	1	1	NA	COG1172	GC_00000276, GC_00000375, GC_00001968, GC_00003186, GC_00003215, GC_00003758, GC_00003810, GC_00004050, GC_00004201, GC_00004233, GC_00004471, GC_00005956, GC_00006225, GC_00007245, GC_00007313, GC_00012057	1	1	27	19
Ethanolamine utilization cobalamin adenosyltransferase	0	1	1	NA	COG4812	GC_00001911	1	1	27	19
Phosphoribulokinase	0	1	1	NA	COG3954	GC_00001671	1	1	27	19
RecG-like helicase	0	1	1	NA	COG1200	GC_00002683	1	1	27	19
Ascorbate-specific PTS system EIIC-type component UlaA	0	1	1	NA	COG3037	GC_00000372, GC_00005082, GC_00005507	1	1	27	19
Membrane carboxypeptidase/penicillin-binding protein	0	1	1	NA	COG5009	GC_00002829	1	1	27	19
Exonuclease V gamma subunit	0	1	1	NA	COG1330	GC_00002788	1	1	27	19
Uncharacterized conserved protein YhbP, UPF0306 family	0	1	1	NA	COG3787	GC_00002187	1	1	27	19
Isocitrate lyase	0	1	1	NA	COG2224	GC_00001198	1	1	27	19
ABC-type dipeptide/oligopeptide/nickel transport system, ATPase component	0	1	1	NA	COG0444	GC_00001630, GC_00002366, GC_00002394, GC_00002544, GC_00003862, GC_00004508, GC_00004517	1	1	27	19
Carbamoylphosphate synthase small subunit	0	1	1	NA	COG0505	GC_00001678	1	1	27	19
Isoaspartyl peptidase or L-asparaginase, Ntn-hydrolase superfamily	0	1	1	NA	COG1446	GC_00000132, GC_00009946	1	1	27	19
Ribosomal protein S1!!!Transcriptional accessory protein Tex/SPT6	0	1	1	NA	COG0539!!!COG2183	GC_00000563	1	1	27	19
DNA-binding transcriptional regulator, CsgD family	0	1	1	NA	COG2771	GC_00000779, GC_00003370, GC_00003808, GC_00004172, GC_00004396	1	1	27	19
Delta-aminolevulinic acid dehydratase, porphobilinogen synthase	0	1	1	NA	COG0113	GC_00001179	1	1	27	19
Replicative DNA helicase	0	1	1	NA	COG0305	GC_00001568, GC_00005066, GC_00007529, GC_00007599, GC_00007737, GC_00007846, GC_00009663, GC_00012074	1	1	27	19
Ethanolamine utilization protein EutL, ethanolamine utilization microcompartment shell protein	0	1	1	NA	COG4816	GC_00002308, GC_00006517, GC_00007181	1	1	27	19
Selenocysteine-specific translation elongation factor	0	1	1	NA	COG3276	GC_00002913	1	1	27	19
NAD/NADP transhydrogenase beta subunit	0	1	1	NA	COG1282	GC_00001035	1	1	27	19
Site-specific recombinase XerC	0	1	1	NA	COG4973	GC_00001781	1	1	27	19
tRNA A37 methylthiotransferase MiaB	0	1	1	NA	COG0621	GC_00001256, GC_00001281	1	1	27	19
6-phosphogluconate dehydrogenase	0	1	1	NA	COG0362	GC_00002903	1	1	27	19
Anaerobic selenocysteine-containing dehydrogenase!!!Predicted molibdopterin-dependent oxidoreductase YjgC	0	1	1	NA	COG0243!!!COG3383	GC_00002344, GC_00002804	1	1	27	19
6-pyruvoyl-tetrahydropterin synthase	0	1	1	NA	COG0720	GC_00000316	1	1	27	19
Acyl-[acyl carrier protein]--UDP-N-acetylglucosamine O-acyltransferase	0	1	1	NA	COG1043	GC_00000947	1	1	27	19
Autonomous glycyl radical cofactor GrcA	0	1	1	NA	COG3445	GC_00001582	1	1	27	19
Methylphosphotriester-DNA--protein-cysteine methyltransferase (N-terminal fragment of Ada), contains Zn-binding and two AraC-type DNA-binding domains	0	1	1	NA	COG2169	GC_00001364	1	1	27	19
H+/Cl- antiporter ClcA	0	1	1	NA	COG0038	GC_00001964, GC_00002738, GC_00003128, GC_00009763	1	1	27	19
Pyruvate dehydrogenase complex, dehydrogenase (E1) component	0	1	1	NA	COG2609	GC_00001343	1	1	27	19
Divalent metal cation (Fe/Co/Zn/Cd) transporter	0	1	1	NA	COG0053	GC_00001577	1	1	27	19
Curli biogenesis system outer membrane secretion channel CsgG	0	1	1	NA	COG1462	GC_00001154	1	1	27	19
16S rRNA G1207 methylase RsmC	0	1	1	NA	COG2813	GC_00000407, GC_00000454	1	1	27	19
Endogenous inhibitor of DNA gyrase, YacG/DUF329 family	0	1	1	NA	COG3024	GC_00000970	1	1	27	19
Riboflavin synthase alpha chain	0	1	1	NA	COG0307	GC_00001257	1	1	27	19
Carbonic anhydrase	0	1	1	NA	COG0288	GC_00001466, GC_00003912	1	1	27	19
Lipopolysaccharide biosynthesis regulator YciM, contains six TPR domains and a predicted metal-binding C-terminal domain	0	1	1	NA	COG2956	GC_00001056	1	1	27	19
Molecular chaperone, HSP90 family	0	1	1	NA	COG0326	GC_00000326, GC_00006930	1	1	27	19
Osmotically-inducible protein OsmY, contains BON domain	0	1	1	NA	COG2823	GC_00000288, GC_00001093	1	1	27	19
Fe-S-cluster formation regulator IscX/YfhJ	0	1	1	NA	COG2975	GC_00001220	1	1	27	19
FoF1-type ATP synthase assembly protein I	0	1	1	NA	COG3312	GC_00000840	1	1	27	19
Cell division inhibitor SulA, prevents FtsZ ring assembly	0	1	1	NA	COG5404	GC_00001503	1	1	27	19
Uncharacterized membrane protein YgcG, contains a TPM-fold domain	0	1	1	NA	COG1512	GC_00003603, GC_00004238, GC_00004289, GC_00004528, GC_00004924, GC_00005439, GC_00005837, GC_00011757	1	1	27	19
Uncharacterized conserved protein YeaC, DUF1315 family	0	1	1	NA	COG3139	GC_00002167	1	1	27	19
ABC-type amino acid transport system, permease component	0	1	1	NA	COG0765	GC_00000249, GC_00000277, GC_00000312, GC_00000417, GC_00000725, GC_00003475	1	1	27	19
Isocitrate dehydrogenase	0	1	1	NA	COG0538	GC_00000068, GC_00011150	1	1	27	19
Ribosomal protein S15P/S13E	0	1	1	NA	COG0184	GC_00000940	1	1	27	19
Permease of the drug/metabolite transporter (DMT) superfamily	0	1	1	NA	COG0697	GC_00001340, GC_00001603, GC_00001764, GC_00002175, GC_00002761, GC_00002808, GC_00002816, GC_00003364, GC_00007446	1	1	27	19
Intracellular septation protein A	0	1	1	NA	COG2917	GC_00001499	1	1	27	19
2',3'-cyclic-nucleotide 2'-phosphodiesterase/5'- or 3'-nucleotidase, 5'-nucleotidase family	0	1	1	NA	COG0737	GC_00002559, GC_00003141, GC_00004293, GC_00004573, GC_00004579	1	1	27	19
Ribosomal protein L22	0	1	1	NA	COG0091	GC_00000665	1	1	27	19
Ribosomal protein S12	0	1	1	NA	COG0048	GC_00000981	1	1	27	19
Uncharacterized conserved protein YeaH/YhbH, required for sporulation, DUF444 family	0	1	1	NA	COG2718	GC_00001786	1	1	27	19
5-hydroxyisourate hydrolase (purine catabolism), transthyretin-related family	0	1	1	NA	COG2351	GC_00001777	1	1	27	19
Uncharacterized membrane protein YadS	0	1	1	NA	COG2855	GC_00001157	1	1	27	19
5'-3' exonuclease!!!DNA polymerase I - 3'-5' exonuclease and polymerase domains	0	1	1	NA	COG0258!!!COG0749	GC_00000387	1	1	27	19
Uncharacterized membrane protein, DUF441 family	0	1	1	NA	COG2707	GC_00003066, GC_00010411	1	1	27	19
dsDNA-binding SOS-regulon protein, induction by DNA damage requires cAMP	0	1	1	NA	COG3141	GC_00000829	1	1	27	19
Putative GTP cyclohydrolase 1 type 2, NIF3 family	0	1	1	NA	COG0327	GC_00001122, GC_00008614	1	1	27	19
Triphosphoribosyl-dephospho-CoA synthetase	0	1	1	NA	COG1767	GC_00000358	1	1	27	19
Bacterial nucleoid DNA-binding protein	0	1	1	NA	COG0776	GC_00000577, GC_00000754, GC_00000793, GC_00000795	1	1	27	19
Putative Mn2+ efflux pump MntP	0	1	1	NA	COG1971	GC_00001019	1	1	27	19
Chromosome condensin MukBEF, MukE localization factor	0	1	1	NA	COG3095	GC_00001645	1	1	27	19
Uncharacterized conserved protein YgiB, involved in bioifilm formation, UPF0441/DUF1190 family	0	1	1	NA	COG5463	GC_00000831, GC_00002854	1	1	27	19
Uncharacterized membrane protein YqgA, affects biofilm formation	0	1	1	NA	COG1811	GC_00002603	1	1	27	19
Broad specificity polyphosphatase and 5'/3'-nucleotidase SurE	0	1	1	NA	COG0496	GC_00001045	1	1	27	19
ABC-type metal ion transport system, periplasmic component/surface antigen	0	1	1	NA	COG1464	GC_00001600, GC_00002238	1	1	27	19
Thiamine biosynthesis protein ThiC	0	1	1	NA	COG0422	GC_00002614	1	1	27	19
Chromosome partitioning ATPase, Mrp family, contains Fe-S cluster	0	1	1	NA	COG0489	GC_00000856	1	1	27	19
Autotransporter translocation and assembly factor TamB	0	1	1	NA	COG2911	GC_00003000, GC_00003028, GC_00006806, GC_00006974, GC_00007209, GC_00007694, GC_00011197	1	1	27	19
Acyl-CoA reductase or other NAD-dependent aldehyde dehydrogenase!!!Alcohol dehydrogenase, class IV	0	1	1	NA	COG1012!!!COG1454	GC_00001553	1	1	27	19
Soluble lytic murein transglycosylase and related regulatory proteins (some contain LysM/invasin domains)	0	1	1	NA	COG0741	GC_00001601, GC_00001997, GC_00002030, GC_00004073, GC_00004501, GC_00005206, GC_00006557, GC_00007400, GC_00007556, GC_00007810, GC_00007862, GC_00008524, GC_00008775, GC_00009050, GC_00009447, GC_00009693, GC_00010334, GC_00010746, GC_00010795, GC_00011065, GC_00011248, GC_00011664, GC_00011781, GC_00012163, GC_00012200	1	1	27	19
Beta-phosphoglucomutase or related phosphatase, HAD superfamily	0	1	1	NA	COG0637	GC_00000222, GC_00000306, GC_00001949, GC_00002251, GC_00003232, GC_00007415, GC_00009712, GC_00011175, GC_00011489	1	1	27	19
Glyoxylase or a related metal-dependent hydrolase, beta-lactamase superfamily II	0	1	1	NA	COG0491	GC_00001995, GC_00002546, GC_00004729, GC_00005152, GC_00010083	1	1	27	19
L-cysteine desulfidase	0	1	1	NA	COG3681	GC_00002833	1	1	27	19
Predicted oxidoreductase	0	1	1	NA	COG4989	GC_00002192	1	1	27	19
FoF1-type ATP synthase, delta subunit	0	1	1	NA	COG0712	GC_00001025	1	1	27	19
16S rRNA U516 pseudouridylate synthase RsuA and related 23S rRNA U2605, pseudouridylate synthases	0	1	1	NA	COG1187	GC_00000859, GC_00002107, GC_00002289, GC_00002417	1	1	27	19
Pyridoxal/pyridoxine/pyridoxamine kinase	0	1	1	NA	COG2240	GC_00001880, GC_00002273	1	1	27	19
Catalase	0	1	1	NA	COG0753	GC_00002881	1	1	27	19
Uncharacterized conserved protein YaeQ, suppresses RfaH defect	0	1	1	NA	COG4681	GC_00002115	1	1	27	19
Cell division protein FtsX	0	1	1	NA	COG2177	GC_00001061	1	1	27	19
Membrane glycosyltransferase	0	1	1	NA	COG2943	GC_00001771	1	1	27	19
Sigma54-dependent transcription regulator containing an AAA-type ATPase domain and a DNA-binding domain	0	1	1	NA	COG4650	GC_00003005	1	1	27	19
Ethanolamine ammonia-lyase, small subunit	0	1	1	NA	COG4302	GC_00000215	1	1	27	19
Lipoprotein-anchoring transpeptidase ErfK/SrfK!!!LysM repeat	0	1	1	NA	COG1376!!!COG1388	GC_00002127	1	1	27	19
Lysyl-tRNA synthetase (class II)	0	1	1	NA	COG1190	GC_00000032, GC_00008936	1	1	27	19
Outer membrane lipoprotein-sorting protein	0	1	1	NA	COG2834	GC_00000715, GC_00004822, GC_00005777	1	1	27	19
Predicted ATP-dependent endonuclease of the OLD family, contains P-loop ATPase and TOPRIM domains	0	1	1	NA	COG3593	GC_00002408	1	1	27	19
Nucleoside-diphosphate-sugar epimerase	0	1	1	NA	COG0451	GC_00000133, GC_00001279, GC_00001625, GC_00001784, GC_00004680, GC_00005219, GC_00009518, GC_00010272	1	1	27	19
Heme/copper-type cytochrome/quinol oxidase, subunit 4	0	1	1	NA	COG3125	GC_00001357	1	1	27	19
5-keto 4-deoxyuronate isomerase	0	1	1	NA	COG3717	GC_00001941	1	1	27	19
Arginine exporter protein ArgO	0	1	1	NA	COG1279	GC_00002033	1	1	27	19
Thiol:disulfide interchange protein	0	1	1	NA	COG4232	GC_00002929	1	1	27	19
Uracil phosphoribosyltransferase	0	1	1	NA	COG0035	GC_00000747	1	1	27	19
Biopolymer transport protein ExbD	0	1	1	NA	COG0848	GC_00000530, GC_00000945	1	1	27	19
Excinuclease UvrABC ATPase subunit	0	1	1	NA	COG0178	GC_00001905	1	1	27	19
Aldo/keto reductase, related to diketogulonate reductase	0	1	1	NA	COG0656	GC_00000412, GC_00001698, GC_00002537, GC_00003753, GC_00004021	1	1	27	19
Glucosamine 6-phosphate synthetase, contains amidotransferase and phosphosugar isomerase domains	0	1	1	NA	COG0449	GC_00002116	1	1	27	19
Phosphoglucomutase	0	1	1	NA	COG0033	GC_00002702	1	1	27	19
LPS O-antigen chain length determinant protein, WzzB/FepE family	0	1	1	NA	COG3765	GC_00000183, GC_00001743, GC_00003340, GC_00009352	1	1	27	19
Leu/Phe-tRNA-protein transferase	0	1	1	NA	COG2360	GC_00001850	1	1	27	19
Ca2+/Na+ antiporter	0	1	1	NA	COG0530	GC_00002345	1	1	27	19
Sulfur relay (sulfurtransferase) complex TusBCD TusD component, DsrE family	0	1	1	NA	COG1553	GC_00001480, GC_00002627	1	1	27	19
DNA polymerase III, epsilon subunit or related 3'-5' exonuclease	0	1	1	NA	COG0847	GC_00000069, GC_00000302, GC_00001239, GC_00002419, GC_00004642, GC_00004857, GC_00006124, GC_00006241, GC_00006652, GC_00006653, GC_00006721, GC_00008415, GC_00008475, GC_00008903, GC_00010271, GC_00010433	1	1	27	19
Phospholipid biosynthesis protein PlsY, probable glycerol-3-phosphate acyltransferase	0	1	1	NA	COG0344	GC_00000659	1	1	27	19
Outer membrane murein-binding lipoprotein Lpp	0	1	1	NA	COG4238	GC_00000619, GC_00001456, GC_00002724	1	1	27	19
Uncharacterized conserved protein PhnB, glyoxalase superfamily	0	1	1	NA	COG2764	GC_00002634	1	1	27	19
Sulfur relay (sulfurtransferase) complex TusC component, DsrF/TusC family	0	1	1	NA	COG2923	GC_00002413	1	1	27	19
Catalase (peroxidase I)	0	1	1	NA	COG0376	GC_00002161, GC_00005971	1	1	27	19
NADPH-dependent ferric siderophore reductase, contains FAD-binding and SIP domains	0	1	1	NA	COG2375	GC_00002585	1	1	27	19
FoF1-type ATP synthase, beta subunit	0	1	1	NA	COG0055	GC_00000645	1	1	27	19
Tryptophanyl-tRNA synthetase	0	1	1	NA	COG0180	GC_00001692	1	1	27	19
LysM repeat!!!Septal ring factor EnvC, activator of murein hydrolases AmiA and AmiB	0	1	1	NA	COG1388!!!COG4942	GC_00002007	1	1	27	19
Undecaprenyl pyrophosphate phosphatase UppP	0	1	1	NA	COG1968	GC_00001899	1	1	27	19
Glycine cleavage system H protein (lipoate-binding)	0	1	1	NA	COG0509	GC_00001353	1	1	27	19
Ferredoxin!!!Uncharacterized conserved protein YcbX, contains MOSC and Fe-S domains	0	1	1	NA	COG0633!!!COG3217	GC_00002712	1	1	27	19
Phosphotransferase system, mannose/fructose-specific component IIA	0	1	1	NA	COG2893	GC_00002728, GC_00003479, GC_00003901, GC_00006733, GC_00007220	1	1	27	19
DNA-binding response regulator, NarL/FixJ family, contains REC and HTH domains	0	1	1	NA	COG2197	GC_00000303, GC_00000315, GC_00000887, GC_00000980, GC_00001053, GC_00001778, GC_00001955, GC_00001977, GC_00002135, GC_00003087, GC_00003357, GC_00003447, GC_00003452, GC_00003636, GC_00003803, GC_00005474, GC_00005599, GC_00006146, GC_00006701, GC_00006792, GC_00008937, GC_00009204, GC_00009929, GC_00011592, GC_00011961	1	1	27	19
Endonuclease IV	0	1	1	NA	COG0648	GC_00002142, GC_00004523	1	1	27	19
Outer membrane protein (porin)	0	1	1	NA	COG3203	GC_00000148, GC_00002114, GC_00002432, GC_00002904, GC_00003391, GC_00003805, GC_00004739, GC_00004816, GC_00004831, GC_00006056, GC_00006279, GC_00007211, GC_00007322, GC_00008885, GC_00010332	1	1	27	19
Predicted acylesterase/phospholipase RssA, containd patatin domain	0	1	1	NA	COG1752	GC_00001285, GC_00003614	1	1	27	19
Uncharacterized membrane protein YcfT	0	1	1	NA	COG4763	GC_00000450	1	1	27	19
Uncharacterized conserved protein, phosphatidylethanolamine-binding protein (PEBP) family	0	1	1	NA	COG1881	GC_00001897, GC_00003733	1	1	27	19
Methyl-accepting chemotaxis protein	0	1	1	NA	COG0840	GC_00000419, GC_00003153, GC_00003170	1	1	27	19
Sulfate permease or related transporter, MFS superfamily	0	1	1	NA	COG0659	GC_00001609	1	1	27	19
Spermidine/putrescine-binding periplasmic protein	0	1	1	NA	COG0687	GC_00002148, GC_00002687, GC_00003196	1	1	27	19
Enoyl-CoA hydratase/carnithine racemase!!!3-hydroxyacyl-CoA dehydrogenase	0	1	1	NA	COG1024!!!COG1250	GC_00002999, GC_00003013	1	1	27	19
Transketolase	0	1	1	NA	COG0021	GC_00001681, GC_00002431, GC_00004576	1	1	27	19
Tetraheme cytochrome c subunit of nitrate or TMAO reductase	0	1	1	NA	COG3005	GC_00000898, GC_00002190, GC_00002868	1	1	27	19
Predicted small secreted protein	0	1	1	NA	COG5510	GC_00000637, GC_00003360	1	1	27	19
Uncharacterized membrane protein YcjF, UPF0283 family	0	1	1	NA	COG3768	GC_00001558	1	1	27	19
Alanine racemase	0	1	1	NA	COG0787	GC_00001556, GC_00002741	1	1	27	19
Magnesium-transporting ATPase (P-type)	0	1	1	NA	COG0474	GC_00002288, GC_00002792	1	1	27	19
CheY chemotaxis protein or a CheY-like REC (receiver) domain!!!K+-sensing histidine kinase KdpD	0	1	1	NA	COG0784!!!COG2205	GC_00000464	1	1	27	19
Histidinol phosphatase or a related phosphatase	0	1	1	NA	COG0241	GC_00002184	1	1	27	19
Sulfur relay (sulfurtransferase) protein, DsrC/TusE family	0	1	1	NA	COG2920	GC_00001691	1	1	27	19
ADP-ribose pyrophosphatase YjhB, NUDIX family	0	1	1	NA	COG1051	GC_00000973, GC_00002987, GC_00006238, GC_00010848	1	1	27	19
Periplasmic serine protease, ClpP class	0	1	1	NA	COG0616	GC_00000453, GC_00001927, GC_00002434, GC_00003544, GC_00006907, GC_00009519, GC_00009674, GC_00011290	1	1	27	19
Transcriptional regulator NrdR, contains Zn-ribbon and ATP-cone domains	0	1	1	NA	COG1327	GC_00000526	1	1	27	19
DNA-binding protein H-NS	0	1	1	NA	COG2916	GC_00000749, GC_00001440, GC_00005190, GC_00005591, GC_00009093, GC_00009740, GC_00009963, GC_00011081	1	1	27	19
Multicopper oxidase with three cupredoxin domains (includes cell division protein FtsP and spore coat protein CotA)	0	1	1	NA	COG2132	GC_00001406, GC_00002919, GC_00006217	1	1	27	19
MFS family permease	0	1	1	NA	COG0477	GC_00000142, GC_00000207, GC_00000422, GC_00000433, GC_00001249, GC_00001886, GC_00001994, GC_00002147, GC_00002186, GC_00002242, GC_00002268, GC_00002340, GC_00002473, GC_00002671, GC_00002967, GC_00004118, GC_00004320, GC_00004414, GC_00004449, GC_00004465, GC_00005589, GC_00006265, GC_00011201, GC_00011690	1	1	27	19
ABC-type spermidine/putrescine transport system, permease component I	0	1	1	NA	COG1176	GC_00000257, GC_00001475, GC_00003195	1	1	27	19
GTP cyclohydrolase I	0	1	1	NA	COG0302	GC_00000617	1	1	27	19
Uncharacterized membrane protein YjjP, DUF1212 family	0	1	1	NA	COG2966	GC_00000220	1	1	27	19
Uncharacterized membrane protein YqaA, SNARE-associated domain	0	1	1	NA	COG1238	GC_00001873	1	1	27	19
Ribosome-binding ATPase YchF, GTP1/OBG family	0	1	1	NA	COG0012	GC_00001494	1	1	27	19
Phosphoribosylaminoimidazole (AIR) synthetase	0	1	1	NA	COG0150	GC_00001903	1	1	27	19
Uncharacterized membrane protein RarD, contains two EamA domains	0	1	1	NA	COG2962	GC_00001917	1	1	27	19
FMN-dependent NADH-azoreductase	0	1	1	NA	COG1182	GC_00002821, GC_00008319	1	1	27	19
ABC-type xylose transport system, permease component	0	1	1	NA	COG4214	GC_00001120	1	1	27	19
Uncharacterized conserved protein YaiL, DUF2058 family	0	1	1	NA	COG3122	GC_00001495	1	1	27	19
Adenine deaminase	0	1	1	NA	COG1001	GC_00000231	1	1	27	19
Putative negative regulator of RcsB-dependent stress response	0	1	1	NA	COG2976	GC_00001658	1	1	27	19
Glutamyl-tRNA reductase	0	1	1	NA	COG0373	GC_00002321	1	1	27	19
RNA polymerase-binding transcription factor DksA	0	1	1	NA	COG1734	GC_00000711, GC_00001984, GC_00003637, GC_00004745, GC_00005222, GC_00005585, GC_00008443, GC_00009234, GC_00010624, GC_00011130	1	1	27	19
23S rRNA U2552 (ribose-2'-O)-methylase RlmE/FtsJ	0	1	1	NA	COG0293	GC_00000631	1	1	27	19
UDP-N-acetylmuramate-alanine ligase	0	1	1	NA	COG0773	GC_00001380, GC_00001418	1	1	27	19
Uncharacterized membrane protein YhgE, phage infection protein (PIP) family!!!Small-conductance mechanosensitive channel	0	1	1	NA	COG1511!!!COG3264	GC_00002447	1	1	27	19
Murein DD-endopeptidase MepM and murein hydrolase activator NlpD, contain LysM domain!!!LysM repeat	0	1	1	NA	COG0739!!!COG1388	GC_00000821, GC_00001462	1	1	27	19
UDP-N-acetyl-D-mannosaminuronate dehydrogenase	0	1	1	NA	COG0677	GC_00000334, GC_00010064, GC_00010994	1	1	27	19
DNA primase (bacterial type)	0	1	1	NA	COG0358	GC_00001402	1	1	27	19
6-phosphofructokinase	0	1	1	NA	COG0205	GC_00000957	1	1	27	19
Asparagine synthetase B (glutamine-hydrolyzing)	0	1	1	NA	COG0367	GC_00002010	1	1	27	19
ADP-heptose:LPS heptosyltransferase	0	1	1	NA	COG0859	GC_00001938, GC_00002730, GC_00003252, GC_00003486, GC_00005776, GC_00006309, GC_00007101, GC_00008358, GC_00009573, GC_00010694	1	1	27	19
Prephenate dehydratase!!!Chorismate mutase	0	1	1	NA	COG0077!!!COG1605	GC_00002231	1	1	27	19
ABC-type oligopeptide transport system, periplasmic component	0	1	1	NA	COG4166	GC_00000243, GC_00001549, GC_00002205, GC_00002304, GC_00003524, GC_00008939	1	1	27	19
Putative N-acetylmannosamine-6-phosphate epimerase	0	1	1	NA	COG3010	GC_00001351, GC_00007470	1	1	27	19
Periplasmic TolA-binding protein (function unknown)	0	1	1	NA	COG1729	GC_00000216	1	1	27	19
Mlc titration factor MtfA, regulates ptsG expression	0	1	1	NA	COG3228	GC_00002339	1	1	27	19
Translation initiation factor IF-1	0	1	1	NA	COG0361	GC_00000544	1	1	27	19
Fucose permease	0	1	1	NA	COG0738	GC_00000172, GC_00001621, GC_00002034, GC_00003372, GC_00005075	1	1	27	19
Pyrroline-5-carboxylate reductase	0	1	1	NA	COG0345	GC_00001884	1	1	27	19
Cation transport ATPase!!!Copper chaperone CopZ	0	1	1	NA	COG2217!!!COG2608	GC_00002801, GC_00003009	1	1	27	19
Histidinol dehydrogenase	0	1	1	NA	COG0141	GC_00002878	1	1	27	19
tRNA G18 (ribose-2'-O)-methylase SpoU	0	1	1	NA	COG0566	GC_00000757, GC_00001748, GC_00001759	1	1	27	19
Uncharacterized conserved protein YraI	0	1	1	NA	COG4991	GC_00001232	1	1	27	19
Cell shape-determining protein MreC	0	1	1	NA	COG1792	GC_00002166	1	1	27	19
UDP-N-acetylglucosamine:LPS N-acetylglucosamine transferase	0	1	1	NA	COG0707	GC_00002514	1	1	27	19
ADP-ribosylglycohydrolase	0	1	1	NA	COG1397	GC_00002781	1	1	27	19
Uncharacterized membrane protein YfcA	0	1	1	NA	COG0730	GC_00001464, GC_00005375	1	1	27	19
Ribosomal protein L5	0	1	1	NA	COG0094	GC_00000588	1	1	27	19
Sulfite reductase, alpha subunit (flavoprotein)	0	1	1	NA	COG0369	GC_00002922	1	1	27	19
Chromosomal replication initiation ATPase DnaA	0	1	1	NA	COG0593	GC_00000304, GC_00000756	1	1	27	19
Tfp pilus assembly protein PilT, pilus retraction ATPase	0	1	1	NA	COG2805	GC_00002944, GC_00006939, GC_00007894	1	1	27	19
Aspartate 1-decarboxylase	0	1	1	NA	COG0853	GC_00000719	1	1	27	19
Alpha-D-ribose 1-methylphosphonate 5-triphosphate synthase subunit PhnL	0	1	1	NA	COG4778	GC_00002658	1	1	27	19
Molybdopterin synthase catalytic subunit	0	1	1	NA	COG0314	GC_00001542	1	1	27	19
Adenosyl cobinamide kinase/adenosyl cobinamide phosphate guanylyltransferase	0	1	1	NA	COG2087	GC_00000355	1	1	27	19
Guanylate kinase	0	1	1	NA	COG0194	GC_00001021	1	1	27	19
Transcriptional regulator containing PAS, AAA-type ATPase, and DNA-binding Fis domains!!!Predicted signal transduction protein containing a membrane domain, an EAL and a GGDEF domain	0	1	1	NA	COG3829!!!COG5001	GC_00000176	1	1	27	19
2-keto-3-deoxy-L-rhamnonate aldolase RhmA	0	1	1	NA	COG3836	GC_00001562, GC_00002462, GC_00004960	1	1	27	19
L-alanine-DL-glutamate epimerase or related enzyme of enolase superfamily	0	1	1	NA	COG4948	GC_00000076, GC_00000122, GC_00000398, GC_00003218, GC_00003443, GC_00003575, GC_00007253, GC_00007666, GC_00008230	1	1	27	19
Predicted endonuclease, GIY-YIG superfamily	0	1	1	NA	COG2827	GC_00002583	1	1	27	19
Heme/copper-type cytochrome/quinol oxidase, subunit 3	0	1	1	NA	COG1845	GC_00001258	1	1	27	19
ATPase components of ABC transporters with duplicated ATPase domains	0	1	1	NA	COG0488	GC_00000909, GC_00001337, GC_00002416	1	1	27	19
UDP-N-acetylmuramyl pentapeptide phosphotransferase/UDP-N-acetylglucosamine-1-phosphate transferase	0	1	1	NA	COG0472	GC_00001328, GC_00001362	1	1	27	19
Transcription elongation factor, GreA/GreB family	0	1	1	NA	COG0782	GC_00000265, GC_00000706, GC_00001254	1	1	27	19
Phosphoglycerate dehydrogenase or related dehydrogenase	0	1	1	NA	COG0111	GC_00000416, GC_00000869, GC_00002997, GC_00004499, GC_00006750, GC_00009436	1	1	27	19
Glutathione synthase/RimK-type ligase, ATP-grasp superfamily	0	1	1	NA	COG0189	GC_00001158, GC_00001775, GC_00005303, GC_00007723, GC_00009116	1	1	27	19
Phosphoenolpyruvate-protein kinase (PTS system EI component in bacteria)!!!Phosphotransferase system mannitol/fructose-specific IIA domain (Ntr-type)!!!Phosphotransferase system, HPr and related phosphotransfer proteins	0	1	1	NA	COG1080!!!COG1762!!!COG1925	GC_00000241, GC_00000512	1	1	27	19
Arginine decarboxylase (spermidine biosynthesis)	0	1	1	NA	COG1166	GC_00001104	1	1	27	19
Inorganic pyrophosphatase	0	1	1	NA	COG0221	GC_00001642	1	1	27	19
Zn-dependent amino- or carboxypeptidase, M28 family	0	1	1	NA	COG2234	GC_00002785, GC_00003710	1	1	27	19
Predicted ATP-dependent protease	0	1	1	NA	COG1067	GC_00002497	1	1	27	19
sRNA-binding regulator protein Hfq	0	1	1	NA	COG1923	GC_00000730	1	1	27	19
NAD(P)H-dependent FMN reductase	0	1	1	NA	COG0431	GC_00001632, GC_00002191, GC_00010240	1	1	27	19
Uncharacterized membrane protein YfcC, ion transporter superfamily	0	1	1	NA	COG1288	GC_00000361, GC_00004839	1	1	27	19
Glycyl-tRNA synthetase, beta subunit	0	1	1	NA	COG0751	GC_00001787	1	1	27	19
Electron transfer flavoprotein, alpha subunit	0	1	1	NA	COG2025	GC_00000113, GC_00000406, GC_00003226	1	1	27	19
Predicted transcriptional regulator, lambda repressor-like DNA-binding domain	0	1	1	NA	COG3423	GC_00001088, GC_00007210, GC_00007718, GC_00008255, GC_00009031, GC_00012203	1	1	27	19
DnaJ-class molecular chaperone with C-terminal Zn finger domain	0	1	1	NA	COG0484	GC_00001265, GC_00002086, GC_00003840, GC_00004192, GC_00004633, GC_00009064, GC_00009678	1	1	27	19
Cytidine deaminase	0	1	1	NA	COG0295	GC_00001979	1	1	27	19
C4-dicarboxylate transporter	0	1	1	NA	COG3069	GC_00000208, GC_00003766, GC_00009058	1	1	27	19
Acid phosphatase (class B)	0	1	1	NA	COG3700	GC_00000378	1	1	27	19
Peroxiredoxin	0	1	1	NA	COG1225	GC_00000694, GC_00001001	1	1	27	19
Preprotein translocase subunit SecB	0	1	1	NA	COG1952	GC_00001365	1	1	27	19
Uncharacterized protein YijF, DUF1287 family	0	1	1	NA	COG3738	GC_00002884	1	1	27	19
Mg2+ and Co2+ transporter CorA	0	1	1	NA	COG0598	GC_00000702, GC_00003050	1	1	27	19
Predicted phospholipase, patatin/cPLA2 family	0	1	1	NA	COG4667	GC_00000212	1	1	27	19
DNA-binding transcriptional regulator of sugar metabolism, DeoR/GlpR family	0	1	1	NA	COG1349	GC_00000082, GC_00000163, GC_00000339, GC_00000917, GC_00001260, GC_00001804, GC_00002012, GC_00003275, GC_00003303, GC_00003656, GC_00003911, GC_00004450, GC_00004482, GC_00004585, GC_00004790, GC_00005072, GC_00007766	1	1	27	19
Transcriptional antiterminator	0	1	1	NA	COG3711	GC_00000370, GC_00003625, GC_00004339, GC_00004405	1	1	27	19
4-diphosphocytidyl-2C-methyl-D-erythritol kinase	0	1	1	NA	COG1947	GC_00002491	1	1	27	19
Protease II	0	1	1	NA	COG1770	GC_00000188	1	1	27	19
NADH dehydrogenase, FAD-containing subunit	0	1	1	NA	COG1252	GC_00002006	1	1	27	19
ATP:corrinoid adenosyltransferase	0	1	1	NA	COG2109	GC_00001956, GC_00004998	1	1	27	19
Flagellar motor protein MotB	0	1	1	NA	COG1360	GC_00002980, GC_00003103, GC_00009298	1	1	27	19
Formate dehydrogenase maturation protein FdhE	0	1	1	NA	COG3058	GC_00002226	1	1	27	19
Uncharacterized periplasmic protein SanA, affects membrane permeability for vancomycin	0	1	1	NA	COG2949	GC_00000451, GC_00000681	1	1	27	19
Xanthine/uracil permease	0	1	1	NA	COG2233	GC_00000155, GC_00000376, GC_00001020, GC_00001185, GC_00001611, GC_00001712	1	1	27	19
Fe2+ or Zn2+ uptake regulation protein	0	1	1	NA	COG0735	GC_00000624, GC_00001857, GC_00009143	1	1	27	19
Uncharacterized conserved protein YhdP, contains DUF3971 and AsmA2 domains	0	1	1	NA	COG3164	GC_00002990	1	1	27	19
Acyl CoA:acetate/3-ketoacid CoA transferase	0	1	1	NA	COG4670	GC_00000250, GC_00003864, GC_00005087	1	1	27	19
Hypoxanthine-guanine phosphoribosyltransferase	0	1	1	NA	COG0634	GC_00001401	1	1	27	19
Threonyl-tRNA synthetase	0	1	1	NA	COG0441	GC_00001451	1	1	27	19
Phosphoglycerate mutase (BPG-independent, AlkP superfamily)	0	1	1	NA	COG0696	GC_00002063	1	1	27	19
Molybdenum cofactor biosynthesis enzyme MoaA	0	1	1	NA	COG2896	GC_00001526	1	1	27	19
ABC-type arginine transport system, ATPase component	0	1	1	NA	COG4161	GC_00000642	1	1	27	19
Uncharacterized lipoprotein YajG	0	1	1	NA	COG3056	GC_00001204	1	1	27	19
Serine acetyltransferase	0	1	1	NA	COG1045	GC_00000780, GC_00003365, GC_00005527, GC_00007724, GC_00008488, GC_00011335, GC_00011602, GC_00011805	1	1	27	19
Uncharacterized protein/domain, possibly involved in tellurite resistance	0	1	1	NA	COG3615	GC_00001186, GC_00007409	1	1	27	19
Mannitol-1-phosphate/altronate dehydrogenases	0	1	1	NA	COG0246	GC_00002255, GC_00002674, GC_00002762, GC_00003188, GC_00003238, GC_00004504, GC_00007009	1	1	27	19
Acetyl-CoA acetyltransferase	0	1	1	NA	COG0183	GC_00002677, GC_00002726, GC_00002947, GC_00003703, GC_00004641, GC_00007527	1	1	27	19
Serine/threonine protein phosphatase PrpC	0	1	1	NA	COG0631	GC_00002794, GC_00007890, GC_00010281	1	1	27	19
Murein endopeptidase	0	1	1	NA	COG3770	GC_00002150	1	1	27	19
CheY chemotaxis protein or a CheY-like REC (receiver) domain!!!ABC-type amino acid transport/signal transduction system, periplasmic component/domain!!!HPt (histidine-containing phosphotransfer) domain!!!K+-sensing histidine kinase KdpD	0	1	1	NA	COG0784!!!COG0834!!!COG2198!!!COG2205	GC_00002897	1	1	27	19
Fructose-1,6-bisphosphatase	0	1	1	NA	COG0158	GC_00000985	1	1	27	19
DNA-binding transcriptional regulator, HxlR family	0	1	1	NA	COG1733	GC_00001264	1	1	27	19
Uncharacterized membrane protein DedA, SNARE-associated domain	0	1	1	NA	COG0586	GC_00000836, GC_00000878, GC_00001930, GC_00002032, GC_00003245	1	1	27	19
Acyl carrier protein	0	1	1	NA	COG0236	GC_00000540, GC_00003619, GC_00004799, GC_00004827, GC_00005458, GC_00005677	1	1	27	19
Pyrimidine deaminase domain of riboflavin biosynthesis protein RibD!!!Pyrimidine reductase, riboflavin biosynthesis	0	1	1	NA	COG0117!!!COG1985	GC_00002621	1	1	27	19
Fe-S cluster assembly iron-binding protein IscA!!!Fe-S cluster biogenesis protein NfuA, 4Fe-4S-binding domain	0	1	1	NA	COG0316!!!COG0694	GC_00000802	1	1	27	19
Ribosomal protein S5	0	1	1	NA	COG0098	GC_00000845	1	1	27	19
NADPH-dependent glutamate synthase beta chain or related oxidoreductase	0	1	1	NA	COG0493	GC_00002710, GC_00003220	1	1	27	19
Glycogen synthase	0	1	1	NA	COG0297	GC_00000741	1	1	27	19
tRNA A37 N6-isopentenylltransferase MiaA	0	1	1	NA	COG0324	GC_00001989	1	1	27	19
Fe-S cluster assembly iron-binding protein IscA	0	1	1	NA	COG0316	GC_00000527, GC_00000576, GC_00003295	1	1	27	19
Ribonucleotide reductase alpha subunit	0	1	1	NA	COG0209	GC_00001674, GC_00002857	1	1	27	19
Uncharacterized conserved protein YciU, UPF0263 family	0	1	1	NA	COG3099	GC_00000871	1	1	27	19
Uncharacterized conserved protein YidB, DUF937 family	0	1	1	NA	COG3753	GC_00001898	1	1	27	19
S-adenosylmethionine synthetase	0	1	1	NA	COG0192	GC_00000539, GC_00007379	1	1	27	19
4-Hydroxy-3-methylbut-2-enyl diphosphate reductase IspH	0	1	1	NA	COG0761	GC_00001274	1	1	27	19
Uncharacterized conserved protein YgfB, UPF0149 family	0	1	1	NA	COG3079	GC_00000567	1	1	27	19
LysM repeat!!!Uncharacterized membrane protein	0	1	1	NA	COG1388!!!COG1470	GC_00004265, GC_00004654, GC_00005242, GC_00005283, GC_00006157, GC_00006321, GC_00008893, GC_00009193, GC_00009194, GC_00009195, GC_00009825	1	1	27	19
Uncharacterized conserved protein YchJ, contains N- and C-terminal SEC-C domains!!!Uncharacterized conserved protein YecA, UPF0149 family, contains C-terminal Zn-binding SEC-C motif	0	1	1	NA	COG3012!!!COG3318	GC_00001734, GC_00010397	1	1	27	19
Ribonuclease I	0	1	1	NA	COG3719	GC_00000404	1	1	27	19
Serine/threonine protein kinase	0	1	1	NA	COG0515	GC_00001892, GC_00002848, GC_00006800, GC_00007778	1	1	27	19
Replication fork clamp-binding protein CrfC (dynamin-like GTPase family)	0	1	1	NA	COG0699	GC_00000498, GC_00003580, GC_00009962, GC_00011355	1	1	27	19
Predicted endonuclease distantly related to archaeal Holliday junction resolvase	0	1	1	NA	COG0792	GC_00000424	1	1	27	19
HrpA-like RNA helicase	0	1	1	NA	COG1643	GC_00002918, GC_00003016	1	1	27	19
Uncharacterized conserved protein Smg, DUF494 family	0	1	1	NA	COG2922	GC_00001574	1	1	27	19
Predicted esterase YcpF, UPF0227 family	0	1	1	NA	COG3150	GC_00000574, GC_00001094	1	1	27	19
Hydroxylamine reductase (hybrid-cluster protein)	0	1	1	NA	COG1151	GC_00001976	1	1	27	19
DNA-nicking endonuclease, Smr domain	0	1	1	NA	COG2840	GC_00001309, GC_00003171	1	1	27	19
Mg2+ and Co2+ transporter CorB, contains DUF21, CBS pair, and CorC-HlyC domains	0	1	1	NA	COG4536	GC_00001514, GC_00007375	1	1	27	19
4-hydroxybenzoate polyprenyltransferase	0	1	1	NA	COG0382	GC_00001297	1	1	27	19
3,4-dihydroxy-2-butanone 4-phosphate synthase	0	1	1	NA	COG0108	GC_00001426	1	1	27	19
Glucan phosphorylase	0	1	1	NA	COG0058	GC_00001934, GC_00002444	1	1	27	19
DNA-binding transcriptional regulator, AcrR family	0	1	1	NA	COG1309	GC_00001010, GC_00001016, GC_00001090, GC_00001321, GC_00001361, GC_00001379, GC_00001518, GC_00001750, GC_00001863, GC_00002346, GC_00003339, GC_00003674, GC_00003709, GC_00003970, GC_00005401, GC_00005947, GC_00006577, GC_00006959, GC_00007271, GC_00007568, GC_00010301, GC_00010410, GC_00010969, GC_00011390	1	1	27	19
Uncharacterized membrane protein YqhA	0	1	1	NA	COG2862	GC_00000838	1	1	27	19
DNA-directed RNA polymerase specialized sigma subunit, sigma54 homolog	0	1	1	NA	COG1508	GC_00001191	1	1	27	19
GTP-binding protein EngB required for normal cell division	0	1	1	NA	COG0218	GC_00001051	1	1	27	19
Outer membrane receptor for monomeric catechols	0	1	1	NA	COG4774	GC_00002632, GC_00003418, GC_00006655, GC_00008312	1	1	27	19
Heme/copper-type cytochrome/quinol oxidase, subunit 2	0	1	1	NA	COG1622	GC_00002259	1	1	27	19
Formate dehydrogenase assembly factor FdhD	0	1	1	NA	COG1526	GC_00001809	1	1	27	19
Ribosomal protein L29	0	1	1	NA	COG0255	GC_00000618	1	1	27	19
Lipoprotein signal peptidase	0	1	1	NA	COG0597	GC_00001508	1	1	27	19
ABC-type transport system involved in cytochrome c biogenesis, permease component	0	1	1	NA	COG0755	GC_00000275, GC_00001164	1	1	27	19
7-cyano-7-deazaguanine synthase (queuosine biosynthesis)	0	1	1	NA	COG0603	GC_00002027, GC_00008644	1	1	27	19
Molybdenum cofactor biosynthesis enzyme	0	1	1	NA	COG0315	GC_00000773	1	1	27	19
ABC-type sulfate transport system, periplasmic component	0	1	1	NA	COG1613	GC_00000351, GC_00002383	1	1	27	19
Membrane carboxypeptidase (penicillin-binding protein)	0	1	1	NA	COG0744	GC_00002016, GC_00002705	1	1	27	19
Ribosomal protein S9	0	1	1	NA	COG0103	GC_00000579	1	1	27	19
Uncharacterized conserved protein YajQ, UPF0234 family	0	1	1	NA	COG1666	GC_00000814	1	1	27	19
ABC-type spermidine/putrescine transport system, permease component II	0	1	1	NA	COG1177	GC_00000753, GC_00002134, GC_00003130	1	1	27	19
DNA-binding transcriptional regulator, IclR family	0	1	1	NA	COG1414	GC_00001470, GC_00002263, GC_00003061, GC_00003561, GC_00003572, GC_00003708, GC_00004258, GC_00005193, GC_00006468, GC_00006618, GC_00007713	1	1	27	19
Uncharacterized conserved protein YbjT, contains NAD(P)-binding and DUF2867 domains	0	1	1	NA	COG0702	GC_00001821, GC_00002499, GC_00002847, GC_00003408, GC_00003962, GC_00005444	1	1	27	19
Predicted membrane chloride channel, bestrophin family	0	1	1	NA	COG3781	GC_00002415	1	1	27	19
ABC-type antimicrobial peptide transport system, ATPase component	0	1	1	NA	COG4170	GC_00000698, GC_00001083	1	1	27	19
Uncharacterized lipoprotein YehR, DUF1307 family	0	1	1	NA	COG4808	GC_00000337	1	1	27	19
Septal ring factor EnvC, activator of murein hydrolases AmiA and AmiB	0	1	1	NA	COG4942	GC_00001737	1	1	27	19
Fe-S-cluster-containing hydrogenase component 2	0	1	1	NA	COG1142	GC_00000951, GC_00001715, GC_00002611, GC_00003493, GC_00003850	1	1	27	19
Nitrate reductase beta subunit	0	1	1	NA	COG1140	GC_00000037	1	1	27	19
Ribosomal protein L17	0	1	1	NA	COG0203	GC_00000701	1	1	27	19
Uroporphyrinogen-III synthase	0	1	1	NA	COG1587	GC_00002772	1	1	27	19
Anthranilate/para-aminobenzoate synthase component II!!!Anthranilate phosphoribosyltransferase	0	1	1	NA	COG0512!!!COG0547	GC_00001958	1	1	27	19
Glycerol dehydrogenase or related enzyme, iron-containing ADH family	0	1	1	NA	COG0371	GC_00000443, GC_00001382, GC_00006469	1	1	27	19
Neutral trehalase	0	1	1	NA	COG1626	GC_00002066, GC_00003305	1	1	27	19
GGDEF domain, diguanylate cyclase (c-di-GMP synthetase) or its enzymatically inactive variants!!!EAL domain, c-di-GMP-specific phosphodiesterase class I (or its enzymatically inactive variant)!!!Integral membrane sensor domain MASE1!!!Transcriptional regulator containing PAS, AAA-type ATPase, and DNA-binding Fis domains!!!Signal transduction histidine kinase involved in nitrogen fixation and metabolism regulation	0	1	1	NA	COG2199!!!COG2200!!!COG3447!!!COG3829!!!COG5000	GC_00000093	1	1	27	19
Exonuclease VII, large subunit	0	1	1	NA	COG1570	GC_00000237	1	1	27	19
Ribosomal protein S19	0	1	1	NA	COG0185	GC_00000629	1	1	27	19
Predicted amidohydrolase	0	1	1	NA	COG0388	GC_00000103, GC_00002245, GC_00002912, GC_00011011	1	1	27	19
Uncharacterized conserved protein YicC, UPF0701 family	0	1	1	NA	COG1561	GC_00001713	1	1	27	19
UDP-3-O-[3-hydroxymyristoyl] glucosamine N-acyltransferase	0	1	1	NA	COG1044	GC_00001867, GC_00008446	1	1	27	19
Holliday junction resolvasome RuvABC endonuclease subunit	0	1	1	NA	COG0817	GC_00000673	1	1	27	19
Starvation-inducible outer membrane lipoprotein	0	1	1	NA	COG3065	GC_00001084, GC_00001643	1	1	27	19
Invasion protein IalB, involved in pathogenesis	0	1	1	NA	COG5342	GC_00002399	1	1	27	19
Glycine cleavage system protein P (pyridoxal-binding), N-terminal domain!!!Glycine cleavage system protein P (pyridoxal-binding), C-terminal domain	0	1	1	NA	COG0403!!!COG1003	GC_00002981	1	1	27	19
NADPH-dependent 7-cyano-7-deazaguanine reductase QueF, C-terminal domain, T-fold superfamily!!!NADPH-dependent 7-cyano-7-deazaguanine reductase QueF, N-terminal domain	0	1	1	NA	COG0780!!!COG2904	GC_00002759	1	1	27	19
NADH:ubiquinone oxidoreductase 24 kD subunit (chain E)	0	1	1	NA	COG1905	GC_00000979	1	1	27	19
Orotate phosphoribosyltransferase	0	1	1	NA	COG0461	GC_00001409	1	1	27	19
Isopentenyldiphosphate isomerase	0	1	1	NA	COG1443	GC_00000568, GC_00002831, GC_00010888	1	1	27	19
Glucose-6-phosphate 1-dehydrogenase	0	1	1	NA	COG0364	GC_00001407	1	1	27	19
Type V secretory pathway, adhesin AidA	0	1	1	NA	COG3468	GC_00000081, GC_00000154, GC_00000190, GC_00002998, GC_00003502, GC_00003843, GC_00003846, GC_00003904, GC_00003936, GC_00004557, GC_00004570, GC_00004656, GC_00004844, GC_00005025, GC_00005246, GC_00005254, GC_00005366, GC_00006119, GC_00006182, GC_00007108, GC_00007466, GC_00007606, GC_00007613, GC_00007644, GC_00007687, GC_00007688, GC_00007693, GC_00007784, GC_00008869, GC_00009010, GC_00010065, GC_00010572, GC_00010733, GC_00010874, GC_00011122, GC_00011181, GC_00012016	1	1	27	19
Predicted amidophosphoribosyltransferases	0	1	1	NA	COG1040	GC_00002573, GC_00005438, GC_00008812	1	1	27	19
Ubiquinone biosynthesis protein UbiJ, contains SCP2 domain	0	1	1	NA	COG3165	GC_00001888	1	1	27	19
Anthranilate/para-aminobenzoate synthases component I	0	1	1	NA	COG0147	GC_00000508, GC_00002582, GC_00004217	1	1	27	19
